pos,ref,alt,exon,target,consequence,score,functional_consequence,amino_acid_change,pos_id,RNAscore,RNA_consequence,ref_aa,alt_aa,aa_pos,domain,ddG,ddG_class,relative_accessibility,sasa_class
214728685,A,C,BARD1_X11,BARD1_X11D,synonymous_variant,-0.00753204,functionally_normal,L775L,214728685:C,-0.936013,low,L,L,775,BRCT,0.0,normal,38.7,intermediate
214728685,A,G,BARD1_X11,BARD1_X11D,synonymous_variant,0.00768953,functionally_normal,L775L,214728685:G,-0.551416,low,L,L,775,BRCT,0.0,normal,38.7,intermediate
214728685,A,T,BARD1_X11,BARD1_X11D,synonymous_variant,0.010558,functionally_normal,L775L,214728685:T,-1.1075,low,L,L,775,BRCT,0.0,normal,38.7,intermediate
214728686,A,C,BARD1_X11,BARD1_X11D,missense_variant,-0.0426289,indeterminate,L775R,214728686:C,-0.570142,low,L,R,775,BRCT,1.3349,normal,38.7,intermediate
214728686,A,G,BARD1_X11,BARD1_X11D,missense_variant,0.00778102,functionally_normal,L775P,214728686:G,-0.606866,low,L,P,775,BRCT,0.7974,normal,38.7,intermediate
214728686,A,T,BARD1_X11,BARD1_X11D,missense_variant,-0.0378694,functionally_normal,L775H,214728686:T,-0.923959,low,L,H,775,BRCT,1.0542,normal,38.7,intermediate
214728687,G,A,BARD1_X11,BARD1_X11D,missense_variant,-0.031582,functionally_normal,L775F,214728687:A,-0.901152,low,L,F,775,BRCT,0.1653,normal,38.7,intermediate
214728687,G,C,BARD1_X11,BARD1_X11D,missense_variant,0.0360125,functionally_normal,L775V,214728687:C,-0.58743,low,L,V,775,BRCT,0.4874,normal,38.7,intermediate
214728687,G,T,BARD1_X11,BARD1_X11D,missense_variant,-0.00918112,functionally_normal,L775I,214728687:T,-0.947626,low,L,I,775,BRCT,0.226,normal,38.7,intermediate
214728688,A,C,BARD1_X11,BARD1_X11D,synonymous_variant,0.00741953,functionally_normal,P774P,214728688:C,-0.631231,low,P,P,774,BRCT,0.0,normal,46.7,intermediate
214728688,A,G,BARD1_X11,BARD1_X11D,synonymous_variant,0.00562658,functionally_normal,P774P,214728688:G,-0.610876,low,P,P,774,BRCT,0.0,normal,46.7,intermediate
214728688,A,T,BARD1_X11,BARD1_X11D,synonymous_variant,-0.00529369,functionally_normal,P774P,214728688:T,-0.75042,low,P,P,774,BRCT,0.0,normal,46.7,intermediate
214728689,G,A,BARD1_X11,BARD1_X11D,missense_variant,-0.00620107,functionally_normal,P774L,214728689:A,-0.800304,low,P,L,774,BRCT,0.8773,normal,46.7,intermediate
214728689,G,C,BARD1_X11,BARD1_X11D,missense_variant,0.0224645,functionally_normal,P774R,214728689:C,-0.540312,low,P,R,774,BRCT,1.2624,normal,46.7,intermediate
214728689,G,T,BARD1_X11,BARD1_X11D,missense_variant,-0.0167473,functionally_normal,P774H,214728689:T,-0.72257,low,P,H,774,BRCT,0.9925,normal,46.7,intermediate
214728690,G,A,BARD1_X11,BARD1_X11D,missense_variant,0.0113766,functionally_normal,P774S,214728690:A,-0.555049,low,P,S,774,BRCT,0.566,normal,46.7,intermediate
214728690,G,C,BARD1_X11,BARD1_X11D,missense_variant,-0.000555435,functionally_normal,P774A,214728690:C,-0.639834,low,P,A,774,BRCT,0.5535,normal,46.7,intermediate
214728690,G,T,BARD1_X11,BARD1_X11D,missense_variant,0.00241849,functionally_normal,P774T,214728690:T,-0.841066,low,P,T,774,BRCT,0.9296,normal,46.7,intermediate
214728691,A,C,BARD1_X11,BARD1_X11D,synonymous_variant,0.0239811,functionally_normal,L773L,214728691:C,-0.692056,low,L,L,773,BRCT,0.0,normal,20.2,intermediate
214728691,A,G,BARD1_X11,BARD1_X11D,synonymous_variant,0.000136204,functionally_normal,L773L,214728691:G,-0.111408,normal,L,L,773,BRCT,0.0,normal,20.2,intermediate
214728691,A,T,BARD1_X11,BARD1_X11D,synonymous_variant,0.0189654,functionally_normal,L773L,214728691:T,-0.818921,low,L,L,773,BRCT,0.0,normal,20.2,intermediate
214728692,A,C,BARD1_X11,BARD1_X11D,missense_variant,0.0176349,functionally_normal,L773R,214728692:C,-0.674047,low,L,R,773,BRCT,1.3432,normal,20.2,intermediate
214728692,A,G,BARD1_X11,BARD1_X11D,missense_variant,-0.14925,functionally_abnormal,L773P,214728692:G,0.00198679,normal,L,P,773,BRCT,1.7092,destabilizing,20.2,intermediate
214728692,A,T,BARD1_X11,BARD1_X11D,missense_variant,0.00933951,functionally_normal,L773H,214728692:T,-0.90829,low,L,H,773,BRCT,2.1534,destabilizing,20.2,intermediate
214728693,G,A,BARD1_X11,BARD1_X11D,missense_variant,-0.0185296,functionally_normal,L773F,214728693:A,-0.789605,low,L,F,773,BRCT,1.8023,destabilizing,20.2,intermediate
214728693,G,C,BARD1_X11,BARD1_X11D,missense_variant,-0.0175752,functionally_normal,L773V,214728693:C,-0.108643,normal,L,V,773,BRCT,1.7014,destabilizing,20.2,intermediate
214728693,G,T,BARD1_X11,BARD1_X11D,missense_variant,0.00179005,functionally_normal,L773I,214728693:T,-0.91047,low,L,I,773,BRCT,1.4904,normal,20.2,intermediate
214728694,C,A,BARD1_X11,BARD1_X11D,missense_variant,0.00706115,functionally_normal,L772F,214728694:A,-0.775621,low,L,F,772,BRCT,1.5642,normal,8.9,buried
214728694,C,G,BARD1_X11,BARD1_X11D,missense_variant,0.0129967,functionally_normal,L772F,214728694:G,-0.281424,normal,L,F,772,BRCT,1.5642,normal,8.9,buried
214728694,C,T,BARD1_X11,BARD1_X11D,synonymous_variant,0.0137935,functionally_normal,L772L,214728694:T,-1.04942,low,L,L,772,BRCT,0.0,normal,8.9,buried
214728696,A,G,BARD1_X11,BARD1_X11D,synonymous_variant,0.012723,functionally_normal,L772L,214728696:G,-0.399605,normal,L,L,772,BRCT,0.0,normal,8.9,buried
214728695,A,C,BARD1_X11,BARD1_X11D,missense_variant,-0.15622,functionally_abnormal,L772W,214728695:C,-0.269946,normal,L,W,772,BRCT,2.0853,destabilizing,8.9,buried
214728695,A,G,BARD1_X11,BARD1_X11D,missense_variant,-0.261535,functionally_abnormal,L772S,214728695:G,0.865202,normal,L,S,772,BRCT,2.9082,destabilizing,8.9,buried
214728696,A,C,BARD1_X11,BARD1_X11D,missense_variant,0.0184796,functionally_normal,L772V,214728696:C,-0.481542,normal,L,V,772,BRCT,1.0652,normal,8.9,buried
214728696,A,T,BARD1_X11,BARD1_X11D,missense_variant,0.0133852,functionally_normal,L772M,214728696:T,-0.348038,normal,L,M,772,BRCT,1.2082,normal,8.9,buried
214728697,C,A,BARD1_X11,BARD1_X11D,missense_variant,0.0190718,functionally_normal,E771D,214728697:A,-1.16228,low,E,D,771,BRCT,0.9568,normal,32.7,intermediate
214728697,C,G,BARD1_X11,BARD1_X11D,missense_variant,-0.00201058,functionally_normal,E771D,214728697:G,-0.545138,low,E,D,771,BRCT,0.9568,normal,32.7,intermediate
214728697,C,T,BARD1_X11,BARD1_X11D,synonymous_variant,-0.0172299,functionally_normal,E771E,214728697:T,-0.412173,normal,E,E,771,BRCT,0.0,normal,32.7,intermediate
214728698,T,A,BARD1_X11,BARD1_X11D,missense_variant,-0.00421015,functionally_normal,E771V,214728698:A,-0.72257,low,E,V,771,BRCT,0.5549,normal,32.7,intermediate
214728698,T,C,BARD1_X11,BARD1_X11D,missense_variant,0.0125766,functionally_normal,E771G,214728698:C,-0.625263,low,E,G,771,BRCT,1.2649,normal,32.7,intermediate
214728698,T,G,BARD1_X11,BARD1_X11D,missense_variant,0.0184021,functionally_normal,E771A,214728698:G,-0.708467,low,E,A,771,BRCT,0.4013,normal,32.7,intermediate
214728699,C,G,BARD1_X11,BARD1_X11D,missense_variant,0.0122749,functionally_normal,E771Q,214728699:G,-0.860328,low,E,Q,771,BRCT,0.3733,normal,32.7,intermediate
214728699,C,T,BARD1_X11,BARD1_X11D,missense_variant,0.000558373,functionally_normal,E771K,214728699:T,-0.354324,normal,E,K,771,BRCT,0.7398,normal,32.7,intermediate
214728700,A,C,BARD1_X11,BARD1_X11D,missense_variant,-0.108066,functionally_abnormal,F770L,214728700:C,-0.149487,normal,F,L,770,BRCT,1.6747,destabilizing,3.8,buried
214728700,A,T,BARD1_X11,BARD1_X11D,missense_variant,-0.15081,functionally_abnormal,F770L,214728700:T,-0.456726,normal,F,L,770,BRCT,1.6747,destabilizing,3.8,buried
214728702,A,G,BARD1_X11,BARD1_X11D,missense_variant,-0.126151,functionally_abnormal,F770L,214728702:G,0.193485,normal,F,L,770,BRCT,1.6747,destabilizing,3.8,buried
214728700,A,G,BARD1_X11,BARD1_X11D,synonymous_variant,0.0123831,functionally_normal,F770F,214728700:G,-0.893118,low,F,F,770,BRCT,0.0,normal,3.8,buried
214728701,A,C,BARD1_X11,BARD1_X11D,missense_variant,-0.0304349,functionally_normal,F770C,214728701:C,-0.385267,normal,F,C,770,BRCT,1.108,normal,3.8,buried
214728701,A,G,BARD1_X11,BARD1_X11D,missense_variant,-0.0174994,functionally_normal,F770S,214728701:G,-0.615687,low,F,S,770,BRCT,1.5046,normal,3.8,buried
214728701,A,T,BARD1_X11,BARD1_X11D,missense_variant,0.0224804,functionally_normal,F770Y,214728701:T,-0.1789,normal,F,Y,770,BRCT,-0.4268,normal,3.8,buried
214728702,A,C,BARD1_X11,BARD1_X11D,missense_variant,-0.0657991,functionally_abnormal,F770V,214728702:C,-0.690568,low,F,V,770,BRCT,1.9365,destabilizing,3.8,buried
214728702,A,T,BARD1_X11,BARD1_X11D,missense_variant,-0.369972,functionally_abnormal,F770I,214728702:T,0.428206,normal,F,I,770,BRCT,1.8804,destabilizing,3.8,buried
214728706,C,A,BARD1_X11,BARD1_X11D,missense_variant,-0.00735362,functionally_normal,M768I,214728706:A,-0.612122,low,M,I,768,BRCT,0.3041,normal,17.1,buried
214728706,C,G,BARD1_X11,BARD1_X11D,missense_variant,0.0196193,functionally_normal,M768I,214728706:G,-0.263828,normal,M,I,768,BRCT,0.3041,normal,17.1,buried
214728706,C,T,BARD1_X11,BARD1_X11D,missense_variant,0.0279321,functionally_normal,M768I,214728706:T,-0.537124,low,M,I,768,BRCT,0.3041,normal,17.1,buried
214728707,A,C,BARD1_X11,BARD1_X11D,missense_variant,-0.00700635,functionally_normal,M768R,214728707:C,0.0874436,normal,M,R,768,BRCT,0.9451,normal,17.1,buried
214728707,A,G,BARD1_X11,BARD1_X11D,missense_variant,0.0267497,functionally_normal,M768T,214728707:G,-0.00868014,normal,M,T,768,BRCT,1.3054,normal,17.1,buried
214728707,A,T,BARD1_X11,BARD1_X11D,missense_variant,0.0225341,functionally_normal,M768K,214728707:T,0.292805,normal,M,K,768,BRCT,1.158,normal,17.1,buried
214728708,T,A,BARD1_X11,BARD1_X11D,missense_variant,-0.000548431,functionally_normal,M768L,214728708:A,-0.213932,normal,M,L,768,BRCT,-0.0867,normal,17.1,buried
214728708,T,G,BARD1_X11,BARD1_X11D,missense_variant,-0.0123682,functionally_normal,M768L,214728708:G,-0.194767,normal,M,L,768,BRCT,-0.0867,normal,17.1,buried
214728708,T,C,BARD1_X11,BARD1_X11D,missense_variant,-0.0119436,functionally_normal,M768V,214728708:C,-0.314032,normal,M,V,768,BRCT,0.6034,normal,17.1,buried
214728709,C,A,BARD1_X11,BARD1_X11D,synonymous_variant,0.0029239,functionally_normal,V767V,214728709:A,-0.177515,normal,V,V,767,BRCT,0.0,normal,0.0,buried
214728709,C,G,BARD1_X11,BARD1_X11D,synonymous_variant,0.0097091,functionally_normal,V767V,214728709:G,-0.190658,normal,V,V,767,BRCT,0.0,normal,0.0,buried
214728709,C,T,BARD1_X11,BARD1_X11D,synonymous_variant,-0.00840453,functionally_normal,V767V,214728709:T,0.123184,normal,V,V,767,BRCT,0.0,normal,0.0,buried
214728710,A,C,BARD1_X11,BARD1_X11D,missense_variant,-0.346825,functionally_abnormal,V767G,214728710:C,1.38219,normal,V,G,767,BRCT,2.2172,destabilizing,0.0,buried
214728710,A,G,BARD1_X11,BARD1_X11D,missense_variant,-0.00525141,functionally_normal,V767A,214728710:G,0.514871,normal,V,A,767,BRCT,1.7239,destabilizing,0.0,buried
214728710,A,T,BARD1_X11,BARD1_X11D,missense_variant,-0.204827,functionally_abnormal,V767E,214728710:T,1.60039,normal,V,E,767,BRCT,2.3822,destabilizing,0.0,buried
214728711,C,A,BARD1_X11,BARD1_X11D,missense_variant,-0.015769,functionally_normal,V767L,214728711:A,0.743896,normal,V,L,767,BRCT,0.6012,normal,0.0,buried
214728711,C,G,BARD1_X11,BARD1_X11D,missense_variant,-0.00268577,functionally_normal,V767L,214728711:G,-0.238545,normal,V,L,767,BRCT,0.6012,normal,0.0,buried
214728711,C,T,BARD1_X11,BARD1_X11D,missense_variant,-0.0322776,functionally_normal,V767M,214728711:T,0.0761283,normal,V,M,767,BRCT,1.1937,normal,0.0,buried
214728712,A,C,BARD1_X11,BARD1_X11D,missense_variant,-0.269723,functionally_abnormal,C766W,214728712:C,1.98843,normal,C,W,766,BRCT,0.632,normal,0.0,buried
214728712,A,G,BARD1_X11,BARD1_X11D,synonymous_variant,-0.00141873,functionally_normal,C766C,214728712:G,0.052491,normal,C,C,766,BRCT,0.0,normal,0.0,buried
214728713,C,A,BARD1_X11,BARD1_X11D,missense_variant,-0.383279,functionally_abnormal,C766F,214728713:A,2.06389,normal,C,F,766,BRCT,0.8339,normal,0.0,buried
214728713,C,G,BARD1_X11,BARD1_X11D,missense_variant,-0.00640978,functionally_normal,C766S,214728713:G,0.0964081,normal,C,S,766,BRCT,-0.3656,normal,0.0,buried
214728714,A,T,BARD1_X11,BARD1_X11D,missense_variant,0.00280734,functionally_normal,C766S,214728714:T,0.169029,normal,C,S,766,BRCT,-0.3656,normal,0.0,buried
214728713,C,T,BARD1_X11,BARD1_X11D,missense_variant,-0.214443,functionally_abnormal,C766Y,214728713:T,2.44481,normal,C,Y,766,BRCT,0.957,normal,0.0,buried
214728714,A,C,BARD1_X11,BARD1_X11D,missense_variant,-0.177129,functionally_abnormal,C766G,214728714:C,0.0208458,normal,C,G,766,BRCT,0.7746,normal,0.0,buried
214728714,A,G,BARD1_X11,BARD1_X11D,missense_variant,-0.310455,functionally_abnormal,C766R,214728714:G,1.28305,normal,C,R,766,BRCT,0.7326,normal,0.0,buried
214728715,G,A,BARD1_X11,BARD1_X11D,synonymous_variant,0.0135931,functionally_normal,D765D,214728715:A,0.438145,normal,D,D,765,BRCT,0.0,normal,42.0,intermediate
214728715,G,C,BARD1_X11,BARD1_X11D,missense_variant,-0.0393668,functionally_normal,D765E,214728715:C,0.458229,normal,D,E,765,BRCT,-0.3334,normal,42.0,intermediate
214728715,G,T,BARD1_X11,BARD1_X11D,missense_variant,0.0126718,functionally_normal,D765E,214728715:T,0.346417,normal,D,E,765,BRCT,-0.3334,normal,42.0,intermediate
214728716,T,A,BARD1_X11,BARD1_X11C;BARD1_X11D,missense_variant,-0.114136,functionally_abnormal,D765V,214728716:A,0.742615,normal,D,V,765,BRCT,-0.1711,normal,42.0,intermediate
214728716,T,C,BARD1_X11,BARD1_X11C;BARD1_X11D,missense_variant,-0.00352871,functionally_normal,D765G,214728716:C,0.325612,normal,D,G,765,BRCT,0.0679,normal,42.0,intermediate
214728716,T,G,BARD1_X11,BARD1_X11C;BARD1_X11D,missense_variant,0.00243764,functionally_normal,D765A,214728716:G,0.43842,normal,D,A,765,BRCT,-0.8848,normal,42.0,intermediate
214728717,C,A,BARD1_X11,BARD1_X11C;BARD1_X11D,missense_variant,0.0243568,functionally_normal,D765Y,214728717:A,-0.555658,low,D,Y,765,BRCT,-0.2135,normal,42.0,intermediate
214728717,C,G,BARD1_X11,BARD1_X11C;BARD1_X11D,missense_variant,0.00640541,functionally_normal,D765H,214728717:G,-0.204801,normal,D,H,765,BRCT,-0.4443,normal,42.0,intermediate
214728717,C,T,BARD1_X11,BARD1_X11C;BARD1_X11D,missense_variant,0.0139854,functionally_normal,D765N,214728717:T,0.325385,normal,D,N,765,BRCT,-0.3307,normal,42.0,intermediate
214728718,T,A,BARD1_X11,BARD1_X11C;BARD1_X11D,synonymous_variant,0.0264655,functionally_normal,I764I,214728718:A,-0.0255118,normal,I,I,764,BRCT,0.0,normal,8.0,buried
214728718,T,G,BARD1_X11,BARD1_X11C;BARD1_X11D,synonymous_variant,0.00384319,functionally_normal,I764I,214728718:G,0.111316,normal,I,I,764,BRCT,0.0,normal,8.0,buried
214728718,T,C,BARD1_X11,BARD1_X11C;BARD1_X11D,missense_variant,0.00804706,functionally_normal,I764M,214728718:C,-0.254743,normal,I,M,764,BRCT,1.1436,normal,8.0,buried
214728719,A,C,BARD1_X11,BARD1_X11C;BARD1_X11D,missense_variant,0.00907089,functionally_normal,I764R,214728719:C,0.390232,normal,I,R,764,BRCT,2.5679,destabilizing,8.0,buried
214728719,A,G,BARD1_X11,BARD1_X11C;BARD1_X11D,missense_variant,-0.00438963,functionally_normal,I764T,214728719:G,0.270833,normal,I,T,764,BRCT,2.2558,destabilizing,8.0,buried
214728719,A,T,BARD1_X11,BARD1_X11C;BARD1_X11D,missense_variant,0.00223555,functionally_normal,I764K,214728719:T,0.102161,normal,I,K,764,BRCT,2.5215,destabilizing,8.0,buried
214728720,T,A,BARD1_X11,BARD1_X11C;BARD1_X11D,missense_variant,0.000882383,functionally_normal,I764L,214728720:A,0.0700468,normal,I,L,764,BRCT,0.4441,normal,8.0,buried
214728720,T,G,BARD1_X11,BARD1_X11C;BARD1_X11D,missense_variant,0.0064073,functionally_normal,I764L,214728720:G,0.216786,normal,I,L,764,BRCT,0.4441,normal,8.0,buried
214728720,T,C,BARD1_X11,BARD1_X11C;BARD1_X11D,missense_variant,0.0261989,functionally_normal,I764V,214728720:C,0.178191,normal,I,V,764,BRCT,0.8739,normal,8.0,buried
214728721,A,C,BARD1_X11,BARD1_X11C;BARD1_X11D,missense_variant,0.0234809,functionally_normal,F763L,214728721:C,0.324634,normal,F,L,763,BRCT,-0.2245,normal,3.3,buried
214728721,A,T,BARD1_X11,BARD1_X11C;BARD1_X11D,missense_variant,0.0130254,functionally_normal,F763L,214728721:T,0.0776007,normal,F,L,763,BRCT,-0.2245,normal,3.3,buried
214728723,A,G,BARD1_X11,BARD1_X11C;BARD1_X11D,missense_variant,0.00243423,functionally_normal,F763L,214728723:G,0.343842,normal,F,L,763,BRCT,-0.2245,normal,3.3,buried
214728721,A,G,BARD1_X11,BARD1_X11C;BARD1_X11D,synonymous_variant,0.00693343,functionally_normal,F763F,214728721:G,0.145522,normal,F,F,763,BRCT,0.0,normal,3.3,buried
214728722,A,C,BARD1_X11,BARD1_X11C;BARD1_X11D,missense_variant,-0.0181402,functionally_normal,F763C,214728722:C,0.0850401,normal,F,C,763,BRCT,0.856,normal,3.3,buried
214728722,A,G,BARD1_X11,BARD1_X11C;BARD1_X11D,missense_variant,-0.315141,functionally_abnormal,F763S,214728722:G,0.38881,normal,F,S,763,BRCT,2.1456,destabilizing,3.3,buried
214728722,A,T,BARD1_X11,BARD1_X11C;BARD1_X11D,missense_variant,-0.0449292,indeterminate,F763Y,214728722:T,0.527329,normal,F,Y,763,BRCT,1.3395,normal,3.3,buried
214728723,A,C,BARD1_X11,BARD1_X11C;BARD1_X11D,missense_variant,-0.00630829,functionally_normal,F763V,214728723:C,-0.365574,normal,F,V,763,BRCT,-0.0372,normal,3.3,buried
214728723,A,T,BARD1_X11,BARD1_X11C;BARD1_X11D,missense_variant,0.0138247,functionally_normal,F763I,214728723:T,0.390355,normal,F,I,763,BRCT,-0.3205,normal,3.3,buried
214728724,C,A,BARD1_X11,BARD1_X11C;BARD1_X11D,missense_variant,-0.294802,functionally_abnormal,W762C,214728724:A,0.624392,normal,W,C,762,BRCT,0.9738,normal,8.3,buried
214728724,C,G,BARD1_X11,BARD1_X11C;BARD1_X11D,missense_variant,-0.434845,functionally_abnormal,W762C,214728724:G,0.628116,normal,W,C,762,BRCT,0.9738,normal,8.3,buried
214728725,C,A,BARD1_X11,BARD1_X11C;BARD1_X11D,missense_variant,-0.0769333,functionally_abnormal,W762L,214728725:A,-0.375743,normal,W,L,762,BRCT,1.1948,normal,8.3,buried
214728725,C,G,BARD1_X11,BARD1_X11C;BARD1_X11D,missense_variant,-0.259667,functionally_abnormal,W762S,214728725:G,0.641883,normal,W,S,762,BRCT,1.9431,destabilizing,8.3,buried
214728726,A,C,BARD1_X11,BARD1_X11C;BARD1_X11D,missense_variant,-0.321208,functionally_abnormal,W762G,214728726:C,0.695693,normal,W,G,762,BRCT,2.3955,destabilizing,8.3,buried
214728726,A,G,BARD1_X11,BARD1_X11C;BARD1_X11D,missense_variant,-0.193886,functionally_abnormal,W762R,214728726:G,0.684459,normal,W,R,762,BRCT,1.7048,destabilizing,8.3,buried
214728726,A,T,BARD1_X11,BARD1_X11C;BARD1_X11D,missense_variant,-0.204673,functionally_abnormal,W762R,214728726:T,0.204892,normal,W,R,762,BRCT,1.7048,destabilizing,8.3,buried
214728727,G,A,BARD1_X11,BARD1_X11C;BARD1_X11D,synonymous_variant,0.0160547,functionally_normal,S761S,214728727:A,0.237125,normal,S,S,761,BRCT,0.0,normal,39.7,intermediate
214728727,G,C,BARD1_X11,BARD1_X11C;BARD1_X11D,missense_variant,-0.0151241,functionally_normal,S761R,214728727:C,0.768982,normal,S,R,761,BRCT,0.5211,normal,39.7,intermediate
214728727,G,T,BARD1_X11,BARD1_X11C;BARD1_X11D,missense_variant,-0.00783602,functionally_normal,S761R,214728727:T,0.0612343,normal,S,R,761,BRCT,0.5211,normal,39.7,intermediate
214728729,T,G,BARD1_X11,BARD1_X11C;BARD1_X11D,missense_variant,0.0174255,functionally_normal,S761R,214728729:G,0.0577257,normal,S,R,761,BRCT,0.5211,normal,39.7,intermediate
214728728,C,A,BARD1_X11,BARD1_X11C;BARD1_X11D,missense_variant,-0.00978143,functionally_normal,S761I,214728728:A,0.206004,normal,S,I,761,BRCT,1.4457,normal,39.7,intermediate
214728728,C,G,BARD1_X11,BARD1_X11C;BARD1_X11D,missense_variant,0.0041519,functionally_normal,S761T,214728728:G,0.29462,normal,S,T,761,BRCT,0.531,normal,39.7,intermediate
214728728,C,T,BARD1_X11,BARD1_X11C;BARD1_X11D,missense_variant,-0.0185699,functionally_normal,S761N,214728728:T,0.292549,normal,S,N,761,BRCT,1.0176,normal,39.7,intermediate
214728729,T,A,BARD1_X11,BARD1_X11C;BARD1_X11D,missense_variant,0.0183362,functionally_normal,S761C,214728729:A,0.193901,normal,S,C,761,BRCT,0.982,normal,39.7,intermediate
214728729,T,C,BARD1_X11,BARD1_X11C;BARD1_X11D,missense_variant,-0.0165001,functionally_normal,S761G,214728729:C,0.263609,normal,S,G,761,BRCT,1.3093,normal,39.7,intermediate
214728730,C,A,BARD1_X11,BARD1_X11C;BARD1_X11D,synonymous_variant,0.01823,functionally_normal,S760S,214728730:A,-0.5824,low,S,S,760,BRCT,0.0,normal,10.0,buried
214728730,C,G,BARD1_X11,BARD1_X11C;BARD1_X11D,synonymous_variant,-0.0229938,functionally_normal,S760S,214728730:G,0.844761,normal,S,S,760,BRCT,0.0,normal,10.0,buried
214728730,C,T,BARD1_X11,BARD1_X11C;BARD1_X11D,synonymous_variant,-0.0125795,functionally_normal,S760S,214728730:T,0.284064,normal,S,S,760,BRCT,0.0,normal,10.0,buried
214728731,G,A,BARD1_X11,BARD1_X11C;BARD1_X11D,missense_variant,-0.00611288,functionally_normal,S760L,214728731:A,0.498682,normal,S,L,760,BRCT,-0.003,normal,10.0,buried
214728731,G,C,BARD1_X11,BARD1_X11C;BARD1_X11D,missense_variant,0.014661,functionally_normal,S760W,214728731:C,0.778707,normal,S,W,760,BRCT,0.4775,normal,10.0,buried
214728732,A,C,BARD1_X11,BARD1_X11C;BARD1_X11D,missense_variant,0.022225,functionally_normal,S760A,214728732:C,0.713474,normal,S,A,760,BRCT,-0.283,normal,10.0,buried
214728732,A,G,BARD1_X11,BARD1_X11C;BARD1_X11D,missense_variant,-0.0188017,functionally_normal,S760P,214728732:G,0.306685,normal,S,P,760,BRCT,1.3192,normal,10.0,buried
214728732,A,T,BARD1_X11,BARD1_X11C;BARD1_X11D,missense_variant,0.0136899,functionally_normal,S760T,214728732:T,0.229445,normal,S,T,760,BRCT,0.4484,normal,10.0,buried
214728733,A,C,BARD1_X11,BARD1_X11C;BARD1_X11D,synonymous_variant,0.0316878,functionally_normal,P759P,214728733:C,0.63224,normal,P,P,759,BRCT,0.0,normal,23.1,intermediate
214728733,A,G,BARD1_X11,BARD1_X11C;BARD1_X11D,synonymous_variant,0.00842627,functionally_normal,P759P,214728733:G,0.295662,normal,P,P,759,BRCT,0.0,normal,23.1,intermediate
214728733,A,T,BARD1_X11,BARD1_X11C;BARD1_X11D,synonymous_variant,0.0189898,functionally_normal,P759P,214728733:T,0.392333,normal,P,P,759,BRCT,0.0,normal,23.1,intermediate
214728734,G,A,BARD1_X11,BARD1_X11C;BARD1_X11D,missense_variant,-0.00126555,functionally_normal,P759L,214728734:A,0.586063,normal,P,L,759,BRCT,0.8408,normal,23.1,intermediate
214728734,G,C,BARD1_X11,BARD1_X11C;BARD1_X11D,missense_variant,-0.00165405,functionally_normal,P759R,214728734:C,0.391165,normal,P,R,759,BRCT,1.0814,normal,23.1,intermediate
214728734,G,T,BARD1_X11,BARD1_X11C;BARD1_X11D,missense_variant,-0.00985528,functionally_normal,P759H,214728734:T,0.200639,normal,P,H,759,BRCT,0.9284,normal,23.1,intermediate
214728735,G,A,BARD1_X11,BARD1_X11C;BARD1_X11D,missense_variant,-0.0312452,functionally_normal,P759S,214728735:A,0.449548,normal,P,S,759,BRCT,0.7253,normal,23.1,intermediate
214728735,G,C,BARD1_X11,BARD1_X11C;BARD1_X11D,missense_variant,0.0174977,functionally_normal,P759A,214728735:C,0.257832,normal,P,A,759,BRCT,0.402,normal,23.1,intermediate
214728735,G,T,BARD1_X11,BARD1_X11C;BARD1_X11D,missense_variant,0.0083056,functionally_normal,P759T,214728735:T,-0.147878,normal,P,T,759,BRCT,0.8441,normal,23.1,intermediate
214728736,A,C,BARD1_X11,BARD1_X11C,synonymous_variant,0.000350023,functionally_normal,A758A,214728736:C,-0.0747821,normal,A,A,758,BRCT,0.0,normal,0.0,buried
214728736,A,G,BARD1_X11,BARD1_X11C,synonymous_variant,0.0169191,functionally_normal,A758A,214728736:G,-0.336577,normal,A,A,758,BRCT,0.0,normal,0.0,buried
214728736,A,T,BARD1_X11,BARD1_X11C,synonymous_variant,0.0288011,functionally_normal,A758A,214728736:T,-0.0382882,normal,A,A,758,BRCT,0.0,normal,0.0,buried
214728737,G,A,BARD1_X11,BARD1_X11C,missense_variant,0.0398833,functionally_normal,A758V,214728737:A,-0.0610696,normal,A,V,758,BRCT,-0.3517,normal,0.0,buried
214728737,G,C,BARD1_X11,BARD1_X11C,missense_variant,0.000590612,functionally_normal,A758G,214728737:C,-0.194367,normal,A,G,758,BRCT,1.414,normal,0.0,buried
214728737,G,T,BARD1_X11,BARD1_X11C,missense_variant,-0.193031,functionally_abnormal,A758D,214728737:T,-0.0718942,normal,A,D,758,BRCT,2.9513,destabilizing,0.0,buried
214728738,C,A,BARD1_X11,BARD1_X11C,missense_variant,-0.000222213,functionally_normal,A758S,214728738:A,-0.147168,normal,A,S,758,BRCT,1.4106,normal,0.0,buried
214728738,C,G,BARD1_X11,BARD1_X11C,missense_variant,-0.24576,functionally_abnormal,A758P,214728738:G,-0.36566,normal,A,P,758,BRCT,2.9015,destabilizing,0.0,buried
214728738,C,T,BARD1_X11,BARD1_X11C,missense_variant,0.0122864,functionally_normal,A758T,214728738:T,0.000714488,normal,A,T,758,BRCT,1.3491,normal,0.0,buried
214728739,C,A,BARD1_X11,BARD1_X11C,missense_variant,0.0266134,functionally_normal,K757N,214728739:A,-0.335068,normal,K,N,757,BRCT,0.5534,normal,29.7,intermediate
214728739,C,G,BARD1_X11,BARD1_X11C,missense_variant,0.00284116,functionally_normal,K757N,214728739:G,0.0800529,normal,K,N,757,BRCT,0.5534,normal,29.7,intermediate
214728739,C,T,BARD1_X11,BARD1_X11C,synonymous_variant,0.030336,functionally_normal,K757K,214728739:T,0.285901,normal,K,K,757,BRCT,0.0,normal,29.7,intermediate
214728740,T,A,BARD1_X11,BARD1_X11C,missense_variant,0.0045972,functionally_normal,K757M,214728740:A,-0.00899619,normal,K,M,757,BRCT,-0.2392,normal,29.7,intermediate
214728740,T,C,BARD1_X11,BARD1_X11C,missense_variant,0.0160207,functionally_normal,K757R,214728740:C,0.039992,normal,K,R,757,BRCT,-0.0962,normal,29.7,intermediate
214728740,T,G,BARD1_X11,BARD1_X11C,missense_variant,0.0452958,functionally_normal,K757T,214728740:G,0.213345,normal,K,T,757,BRCT,-0.1704,normal,29.7,intermediate
214728741,T,C,BARD1_X11,BARD1_X11C,missense_variant,0.0181367,functionally_normal,K757E,214728741:C,-0.148991,normal,K,E,757,BRCT,0.8009,normal,29.7,intermediate
214728741,T,G,BARD1_X11,BARD1_X11C,missense_variant,0.0508263,functionally_normal,K757Q,214728741:G,0.121795,normal,K,Q,757,BRCT,0.2532,normal,29.7,intermediate
214728742,C,A,BARD1_X11,BARD1_X11C,missense_variant,-0.00172169,functionally_normal,W756C,214728742:A,-0.245098,normal,W,C,756,BRCT,1.6288,destabilizing,9.7,buried
214728742,C,G,BARD1_X11,BARD1_X11C,missense_variant,-0.00436278,functionally_normal,W756C,214728742:G,-0.137788,normal,W,C,756,BRCT,1.6288,destabilizing,9.7,buried
214728743,C,A,BARD1_X11,BARD1_X11C,missense_variant,0.000521507,functionally_normal,W756L,214728743:A,-0.364223,normal,W,L,756,BRCT,1.7987,destabilizing,9.7,buried
214728743,C,G,BARD1_X11,BARD1_X11C,missense_variant,-0.0156807,functionally_normal,W756S,214728743:G,0.140793,normal,W,S,756,BRCT,2.1675,destabilizing,9.7,buried
214728744,A,C,BARD1_X11,BARD1_X11C,missense_variant,-0.116293,functionally_abnormal,W756G,214728744:C,0.247833,normal,W,G,756,BRCT,2.1562,destabilizing,9.7,buried
214728744,A,G,BARD1_X11,BARD1_X11C,missense_variant,-0.0853611,functionally_abnormal,W756R,214728744:G,0.0583336,normal,W,R,756,BRCT,2.0981,destabilizing,9.7,buried
214728744,A,T,BARD1_X11,BARD1_X11C,missense_variant,-0.105526,functionally_abnormal,W756R,214728744:T,0.0915466,normal,W,R,756,BRCT,2.0981,destabilizing,9.7,buried
214728745,G,A,BARD1_X11,BARD1_X11C,synonymous_variant,0.0406645,functionally_normal,V755V,214728745:A,0.0113864,normal,V,V,755,BRCT,0.0,normal,6.0,buried
214728745,G,C,BARD1_X11,BARD1_X11C,synonymous_variant,0.0188419,functionally_normal,V755V,214728745:C,-0.0207855,normal,V,V,755,BRCT,0.0,normal,6.0,buried
214728745,G,T,BARD1_X11,BARD1_X11C,synonymous_variant,0.0300603,functionally_normal,V755V,214728745:T,-0.643492,low,V,V,755,BRCT,0.0,normal,6.0,buried
214728746,A,C,BARD1_X11,BARD1_X11C,missense_variant,-0.347306,functionally_abnormal,V755G,214728746:C,0.290558,normal,V,G,755,BRCT,2.1781,destabilizing,6.0,buried
214728746,A,G,BARD1_X11,BARD1_X11C,missense_variant,-0.15279,functionally_abnormal,V755A,214728746:G,-0.222948,normal,V,A,755,BRCT,1.3966,normal,6.0,buried
214728746,A,T,BARD1_X11,BARD1_X11C,missense_variant,-0.222115,functionally_abnormal,V755D,214728746:T,-0.123329,normal,V,D,755,BRCT,2.3764,destabilizing,6.0,buried
214728747,C,A,BARD1_X11,BARD1_X11C,missense_variant,-0.213149,functionally_abnormal,V755F,214728747:A,0.228125,normal,V,F,755,BRCT,1.0651,normal,6.0,buried
214728747,C,G,BARD1_X11,BARD1_X11C,missense_variant,-0.0106812,functionally_normal,V755L,214728747:G,0.163474,normal,V,L,755,BRCT,0.8644,normal,6.0,buried
214728747,C,T,BARD1_X11,BARD1_X11C,missense_variant,-0.00875948,functionally_normal,V755I,214728747:T,-0.0191425,normal,V,I,755,BRCT,-0.0296,normal,6.0,buried
214728748,T,A,BARD1_X11,BARD1_X11C,missense_variant,-0.160293,functionally_abnormal,K754N,214728748:A,-0.184406,normal,K,N,754,BRCT,0.2688,normal,15.0,buried
214728748,T,G,BARD1_X11,BARD1_X11C,missense_variant,-0.135325,functionally_abnormal,K754N,214728748:G,0.0277063,normal,K,N,754,BRCT,0.2688,normal,15.0,buried
214728748,T,C,BARD1_X11,BARD1_X11C,synonymous_variant,0.0352695,functionally_normal,K754K,214728748:C,-0.188218,normal,K,K,754,BRCT,0.0,normal,15.0,buried
214728749,T,A,BARD1_X11,BARD1_X11C,missense_variant,-0.198491,functionally_abnormal,K754I,214728749:A,0.265683,normal,K,I,754,BRCT,0.6663,normal,15.0,buried
214728749,T,C,BARD1_X11,BARD1_X11C,missense_variant,-0.00105042,functionally_normal,K754R,214728749:C,-0.0685192,normal,K,R,754,BRCT,0.1322,normal,15.0,buried
214728749,T,G,BARD1_X11,BARD1_X11C,missense_variant,-0.171462,functionally_abnormal,K754T,214728749:G,-0.0824929,normal,K,T,754,BRCT,0.6379,normal,15.0,buried
214728750,T,C,BARD1_X11,BARD1_X11C,missense_variant,-0.278605,functionally_abnormal,K754E,214728750:C,0.296597,normal,K,E,754,BRCT,1.2834,normal,15.0,buried
214728750,T,G,BARD1_X11,BARD1_X11C,missense_variant,-0.0625933,functionally_abnormal,K754Q,214728750:G,0.056871,normal,K,Q,754,BRCT,0.6535,normal,15.0,buried
214728751,G,A,BARD1_X11,BARD1_X11C,synonymous_variant,0.0112121,functionally_normal,G753G,214728751:A,0.0436761,normal,G,G,753,BRCT,0.0,normal,31.9,intermediate
214728751,G,C,BARD1_X11,BARD1_X11C,synonymous_variant,0.00230747,functionally_normal,G753G,214728751:C,-0.152783,normal,G,G,753,BRCT,0.0,normal,31.9,intermediate
214728751,G,T,BARD1_X11,BARD1_X11C,synonymous_variant,0.0160995,functionally_normal,G753G,214728751:T,-0.234954,normal,G,G,753,BRCT,0.0,normal,31.9,intermediate
214728752,C,A,BARD1_X11,BARD1_X11C,missense_variant,-0.209169,functionally_abnormal,G753V,214728752:A,0.258484,normal,G,V,753,BRCT,1.5989,destabilizing,31.9,intermediate
214728752,C,G,BARD1_X11,BARD1_X11C,missense_variant,0.00665635,functionally_normal,G753A,214728752:G,-0.183329,normal,G,A,753,BRCT,1.1506,normal,31.9,intermediate
214728752,C,T,BARD1_X11,BARD1_X11C,missense_variant,-0.136823,functionally_abnormal,G753D,214728752:T,-0.121404,normal,G,D,753,BRCT,1.068,normal,31.9,intermediate
214728753,C,A,BARD1_X11,BARD1_X11C,missense_variant,-0.0010911,functionally_normal,G753C,214728753:A,-0.544128,low,G,C,753,BRCT,0.5801,normal,31.9,intermediate
214728753,C,G,BARD1_X11,BARD1_X11C,missense_variant,-0.188669,functionally_abnormal,G753R,214728753:G,0.0864714,normal,G,R,753,BRCT,1.3707,normal,31.9,intermediate
214728753,C,T,BARD1_X11,BARD1_X11C,missense_variant,-0.0354949,functionally_normal,G753S,214728753:T,0.101504,normal,G,S,753,BRCT,1.2071,normal,31.9,intermediate
214728754,C,A,BARD1_X11,BARD1_X11C,missense_variant,0.0102242,functionally_normal,Q752H,214728754:A,-0.608074,low,Q,H,752,BRCT,-0.057,normal,73.6,exposed
214728754,C,G,BARD1_X11,BARD1_X11C,missense_variant,0.0195892,functionally_normal,Q752H,214728754:G,-0.0354443,normal,Q,H,752,BRCT,-0.057,normal,73.6,exposed
214728754,C,T,BARD1_X11,BARD1_X11C,synonymous_variant,0.0143487,functionally_normal,Q752Q,214728754:T,-0.0526482,normal,Q,Q,752,BRCT,0.0,normal,73.6,exposed
214728755,T,A,BARD1_X11,BARD1_X11C,missense_variant,0.0133439,functionally_normal,Q752L,214728755:A,-0.119204,normal,Q,L,752,BRCT,-0.1195,normal,73.6,exposed
214728755,T,C,BARD1_X11,BARD1_X11C,missense_variant,0.0209932,functionally_normal,Q752R,214728755:C,-0.0557332,normal,Q,R,752,BRCT,0.1079,normal,73.6,exposed
214728755,T,G,BARD1_X11,BARD1_X11C,missense_variant,-0.209505,functionally_abnormal,Q752P,214728755:G,-0.0211789,normal,Q,P,752,BRCT,1.187,normal,73.6,exposed
214728756,G,C,BARD1_X11,BARD1_X11C,missense_variant,0.0273283,functionally_normal,Q752E,214728756:C,0.00374293,normal,Q,E,752,BRCT,-0.0831,normal,73.6,exposed
214728756,G,T,BARD1_X11,BARD1_X11C,missense_variant,0.0270353,functionally_normal,Q752K,214728756:T,-0.493214,low,Q,K,752,BRCT,0.1516,normal,73.6,exposed
214728760,A,C,BARD1_X11,BARD1_X11C,synonymous_variant,-0.00305171,functionally_normal,V750V,214728760:C,-0.0675199,normal,V,V,750,BRCT,0.0,normal,27.1,intermediate
214728760,A,G,BARD1_X11,BARD1_X11C,synonymous_variant,0.018157,functionally_normal,V750V,214728760:G,-0.103904,normal,V,V,750,BRCT,0.0,normal,27.1,intermediate
214728760,A,T,BARD1_X11,BARD1_X11C,synonymous_variant,0.014819,functionally_normal,V750V,214728760:T,0.0926102,normal,V,V,750,BRCT,0.0,normal,27.1,intermediate
214728761,A,C,BARD1_X11,BARD1_X11C,missense_variant,0.0104903,functionally_normal,V750G,214728761:C,0.0900866,normal,V,G,750,BRCT,0.3816,normal,27.1,intermediate
214728761,A,G,BARD1_X11,BARD1_X11C,missense_variant,0.0209311,functionally_normal,V750A,214728761:G,0.144505,normal,V,A,750,BRCT,0.0098,normal,27.1,intermediate
214728761,A,T,BARD1_X11,BARD1_X11C,missense_variant,0.00937682,functionally_normal,V750D,214728761:T,0.147697,normal,V,D,750,BRCT,0.7238,normal,27.1,intermediate
214728762,C,A,BARD1_X11,BARD1_X11C,missense_variant,0.0240726,functionally_normal,V750F,214728762:A,0.139124,normal,V,F,750,BRCT,0.236,normal,27.1,intermediate
214728762,C,G,BARD1_X11,BARD1_X11C,missense_variant,-0.000240966,functionally_normal,V750L,214728762:G,0.195621,normal,V,L,750,BRCT,-0.082,normal,27.1,intermediate
214728762,C,T,BARD1_X11,BARD1_X11C,missense_variant,-0.0184212,functionally_normal,V750I,214728762:T,-0.384766,normal,V,I,750,BRCT,0.1042,normal,27.1,intermediate
214728763,C,A,BARD1_X11,BARD1_X11C,missense_variant,0.00616127,functionally_normal,R749S,214728763:A,-0.618956,low,R,S,749,BRCT,-0.3475,normal,73.2,exposed
214728763,C,G,BARD1_X11,BARD1_X11C,missense_variant,-0.00875713,functionally_normal,R749S,214728763:G,0.120962,normal,R,S,749,BRCT,-0.3475,normal,73.2,exposed
214728763,C,T,BARD1_X11,BARD1_X11C,synonymous_variant,0.0164476,functionally_normal,R749R,214728763:T,0.107147,normal,R,R,749,BRCT,0.0,normal,73.2,exposed
214728765,T,G,BARD1_X11,BARD1_X11C,synonymous_variant,0.00506599,functionally_normal,R749R,214728765:G,0.146468,normal,R,R,749,BRCT,0.0,normal,73.2,exposed
214728764,C,A,BARD1_X11,BARD1_X11C,missense_variant,0.0172467,functionally_normal,R749M,214728764:A,-0.374361,normal,R,M,749,BRCT,-0.0551,normal,73.2,exposed
214728764,C,G,BARD1_X11,BARD1_X11C,missense_variant,0.0205053,functionally_normal,R749T,214728764:G,-0.186142,normal,R,T,749,BRCT,-0.2344,normal,73.2,exposed
214728764,C,T,BARD1_X11,BARD1_X11C,missense_variant,0.0240584,functionally_normal,R749K,214728764:T,0.0297712,normal,R,K,749,BRCT,-0.0744,normal,73.2,exposed
214728765,T,A,BARD1_X11,BARD1_X11C,missense_variant,0.00917654,functionally_normal,R749W,214728765:A,-0.158477,normal,R,W,749,BRCT,-0.0104,normal,73.2,exposed
214728765,T,C,BARD1_X11,BARD1_X11C,missense_variant,0.0234467,functionally_normal,R749G,214728765:C,0.0102661,normal,R,G,749,BRCT,-0.0696,normal,73.2,exposed
214728769,T,A,BARD1_X11,BARD1_X11C,synonymous_variant,0.0150856,functionally_normal,P747P,214728769:A,0.087259,normal,P,P,747,BRCT,0.0,normal,44.3,intermediate
214728769,T,C,BARD1_X11,BARD1_X11C,synonymous_variant,0.0104181,functionally_normal,P747P,214728769:C,-0.0113381,normal,P,P,747,BRCT,0.0,normal,44.3,intermediate
214728769,T,G,BARD1_X11,BARD1_X11C,synonymous_variant,0.00946313,functionally_normal,P747P,214728769:G,0.0170037,normal,P,P,747,BRCT,0.0,normal,44.3,intermediate
214728770,G,A,BARD1_X11,BARD1_X11C,missense_variant,0.0172372,functionally_normal,P747L,214728770:A,-0.0193759,normal,P,L,747,BRCT,0.5684,normal,44.3,intermediate
214728770,G,C,BARD1_X11,BARD1_X11C,missense_variant,0.0148759,functionally_normal,P747R,214728770:C,0.146847,normal,P,R,747,BRCT,0.8218,normal,44.3,intermediate
214728770,G,T,BARD1_X11,BARD1_X11C,missense_variant,0.00435176,functionally_normal,P747Q,214728770:T,-0.676577,low,P,Q,747,BRCT,0.8749,normal,44.3,intermediate
214728771,G,A,BARD1_X11,BARD1_X11C,missense_variant,0.00523088,functionally_normal,P747S,214728771:A,0.0416007,normal,P,S,747,BRCT,1.2032,normal,44.3,intermediate
214728771,G,C,BARD1_X11,BARD1_X11C,missense_variant,0.0105124,functionally_normal,P747A,214728771:C,-0.0732731,normal,P,A,747,BRCT,0.8422,normal,44.3,intermediate
214728771,G,T,BARD1_X11,BARD1_X11C,missense_variant,0.00484437,functionally_normal,P747T,214728771:T,-0.114117,normal,P,T,747,BRCT,1.3647,normal,44.3,intermediate
214728772,G,A,BARD1_X11,BARD1_X11C,synonymous_variant,0.00446225,functionally_normal,H746H,214728772:A,-0.164904,normal,H,H,746,BRCT,0.0,normal,39.1,intermediate
214728772,G,C,BARD1_X11,BARD1_X11C,missense_variant,-6.7549e-05,functionally_normal,H746Q,214728772:C,-0.0708982,normal,H,Q,746,BRCT,0.2217,normal,39.1,intermediate
214728772,G,T,BARD1_X11,BARD1_X11C,missense_variant,0.0205204,functionally_normal,H746Q,214728772:T,0.000308735,normal,H,Q,746,BRCT,0.2217,normal,39.1,intermediate
214728773,T,A,BARD1_X11,BARD1_X11C,missense_variant,0.00960114,functionally_normal,H746L,214728773:A,-0.0721286,normal,H,L,746,BRCT,0.1757,normal,39.1,intermediate
214728773,T,C,BARD1_X11,BARD1_X11C,missense_variant,0.0246458,functionally_normal,H746R,214728773:C,0.120657,normal,H,R,746,BRCT,0.0905,normal,39.1,intermediate
214728773,T,G,BARD1_X11,BARD1_X11C,missense_variant,0.0211254,functionally_normal,H746P,214728773:G,0.085142,normal,H,P,746,BRCT,0.4611,normal,39.1,intermediate
214728774,G,A,BARD1_X11,BARD1_X11C,missense_variant,0.00318101,functionally_normal,H746Y,214728774:A,-0.3152,normal,H,Y,746,BRCT,-0.004,normal,39.1,intermediate
214728774,G,C,BARD1_X11,BARD1_X11C,missense_variant,0.0138586,functionally_normal,H746D,214728774:C,-0.0245913,normal,H,D,746,BRCT,0.2609,normal,39.1,intermediate
214728774,G,T,BARD1_X11,BARD1_X11C,missense_variant,0.00347694,functionally_normal,H746N,214728774:T,-0.684732,low,H,N,746,BRCT,-0.01,normal,39.1,intermediate
214728775,A,G,BARD1_X11,BARD1_X11C,synonymous_variant,0.00292134,functionally_normal,Y745Y,214728775:G,-0.156069,normal,Y,Y,745,BRCT,0.0,normal,42.0,intermediate
214728776,T,A,BARD1_X11,BARD1_X11C,missense_variant,0.00645122,functionally_normal,Y745F,214728776:A,-0.191449,normal,Y,F,745,BRCT,0.2667,normal,42.0,intermediate
214728776,T,C,BARD1_X11,BARD1_X11C,missense_variant,-0.0206315,functionally_normal,Y745C,214728776:C,-0.15079,normal,Y,C,745,BRCT,0.6821,normal,42.0,intermediate
214728776,T,G,BARD1_X11,BARD1_X11C,missense_variant,0.00571591,functionally_normal,Y745S,214728776:G,0.0411811,normal,Y,S,745,BRCT,1.2594,normal,42.0,intermediate
214728777,A,C,BARD1_X11,BARD1_X11C,missense_variant,-0.00244011,functionally_normal,Y745D,214728777:C,0.00965008,normal,Y,D,745,BRCT,0.8791,normal,42.0,intermediate
214728777,A,G,BARD1_X11,BARD1_X11C,missense_variant,0.0276498,functionally_normal,Y745H,214728777:G,0.10631,normal,Y,H,745,BRCT,0.7841,normal,42.0,intermediate
214728777,A,T,BARD1_X11,BARD1_X11C,missense_variant,0.0245383,functionally_normal,Y745N,214728777:T,0.0689302,normal,Y,N,745,BRCT,1.1338,normal,42.0,intermediate
214728778,A,C,BARD1_X11,BARD1_X11C,missense_variant,-0.0462949,indeterminate,N744K,214728778:C,-1.13773,low,N,K,744,BRCT,0.4852,normal,59.6,exposed
214728778,A,T,BARD1_X11,BARD1_X11C,missense_variant,0.0398048,functionally_normal,N744K,214728778:T,0.154605,normal,N,K,744,BRCT,0.4852,normal,59.6,exposed
214728778,A,G,BARD1_X11,BARD1_X11C,synonymous_variant,0.0287228,functionally_normal,N744N,214728778:G,0.0592504,normal,N,N,744,BRCT,0.0,normal,59.6,exposed
214728779,T,A,BARD1_X11,BARD1_X11C,missense_variant,0.0272892,functionally_normal,N744I,214728779:A,0.00239065,normal,N,I,744,BRCT,0.6313,normal,59.6,exposed
214728779,T,C,BARD1_X11,BARD1_X11C,missense_variant,0.0361435,functionally_normal,N744S,214728779:C,-0.0554449,normal,N,S,744,BRCT,-0.0634,normal,59.6,exposed
214728779,T,G,BARD1_X11,BARD1_X11C,missense_variant,0.0236145,functionally_normal,N744T,214728779:G,0.294501,normal,N,T,744,BRCT,0.3774,normal,59.6,exposed
214728780,T,A,BARD1_X11,BARD1_X11C,missense_variant,0.0178429,functionally_normal,N744Y,214728780:A,0.059639,normal,N,Y,744,BRCT,0.1731,normal,59.6,exposed
214728780,T,C,BARD1_X11,BARD1_X11C,missense_variant,0.0254041,functionally_normal,N744D,214728780:C,0.0376382,normal,N,D,744,BRCT,-0.0005,normal,59.6,exposed
214728780,T,G,BARD1_X11,BARD1_X11C,missense_variant,0.0111153,functionally_normal,N744H,214728780:G,0.116292,normal,N,H,744,BRCT,0.2228,normal,59.6,exposed
214728781,A,C,BARD1_X11,BARD1_X11C,missense_variant,0.0099817,functionally_normal,C743W,214728781:C,-0.258865,normal,C,W,743,BRCT,0.3835,normal,8.4,buried
214728781,A,G,BARD1_X11,BARD1_X11C,synonymous_variant,0.027161,functionally_normal,C743C,214728781:G,0.18405,normal,C,C,743,BRCT,0.0,normal,8.4,buried
214728782,C,A,BARD1_X11,BARD1_X11C,missense_variant,0.0248102,functionally_normal,C743F,214728782:A,0.0434919,normal,C,F,743,BRCT,0.4201,normal,8.4,buried
214728782,C,G,BARD1_X11,BARD1_X11C,missense_variant,0.00392224,functionally_normal,C743S,214728782:G,-0.21286,normal,C,S,743,BRCT,0.0394,normal,8.4,buried
214728783,A,T,BARD1_X11,BARD1_X11C,missense_variant,0.0180971,functionally_normal,C743S,214728783:T,-0.0164763,normal,C,S,743,BRCT,0.0394,normal,8.4,buried
214728782,C,T,BARD1_X11,BARD1_X11C,missense_variant,0.0330541,functionally_normal,C743Y,214728782:T,-0.07674,normal,C,Y,743,BRCT,0.3945,normal,8.4,buried
214728783,A,C,BARD1_X11,BARD1_X11C,missense_variant,0.0175715,functionally_normal,C743G,214728783:C,-0.108167,normal,C,G,743,BRCT,0.3438,normal,8.4,buried
214728783,A,G,BARD1_X11,BARD1_X11C,missense_variant,0.0211533,functionally_normal,C743R,214728783:G,0.118828,normal,C,R,743,BRCT,0.2786,normal,8.4,buried
214728784,C,A,BARD1_X11,BARD1_X11C,missense_variant,0.00704266,functionally_normal,L742F,214728784:A,-0.0971332,normal,L,F,742,BRCT,0.1016,normal,53.6,exposed
214728784,C,G,BARD1_X11,BARD1_X11C,missense_variant,0.00953235,functionally_normal,L742F,214728784:G,0.0754532,normal,L,F,742,BRCT,0.1016,normal,53.6,exposed
214728784,C,T,BARD1_X11,BARD1_X11C,synonymous_variant,0.0101625,functionally_normal,L742L,214728784:T,0.00541598,normal,L,L,742,BRCT,0.0,normal,53.6,exposed
214728786,A,G,BARD1_X11,BARD1_X11C,synonymous_variant,0.00573086,functionally_normal,L742L,214728786:G,-0.167224,normal,L,L,742,BRCT,0.0,normal,53.6,exposed
214728785,A,C,BARD1_X11,BARD1_X11C,missense_variant,0.0199558,functionally_normal,L742W,214728785:C,0.101801,normal,L,W,742,BRCT,0.2861,normal,53.6,exposed
214728785,A,G,BARD1_X11,BARD1_X11C,missense_variant,0.0107772,functionally_normal,L742S,214728785:G,-0.192621,normal,L,S,742,BRCT,-0.3836,normal,53.6,exposed
214728786,A,C,BARD1_X11,BARD1_X11C,missense_variant,0.0337186,functionally_normal,L742V,214728786:C,0.0672867,normal,L,V,742,BRCT,0.078,normal,53.6,exposed
214728786,A,T,BARD1_X11,BARD1_X11C,missense_variant,0.0255799,functionally_normal,L742M,214728786:T,-0.0159675,normal,L,M,742,BRCT,0.1034,normal,53.6,exposed
214728787,A,C,BARD1_X11,BARD1_X11C,missense_variant,0.0205662,functionally_normal,D741E,214728787:C,0.0439078,normal,D,E,741,BRCT,-0.4371,normal,12.9,buried
214728787,A,T,BARD1_X11,BARD1_X11C,missense_variant,0.0231552,functionally_normal,D741E,214728787:T,0.0165955,normal,D,E,741,BRCT,-0.4371,normal,12.9,buried
214728787,A,G,BARD1_X11,BARD1_X11C,synonymous_variant,0.00614161,functionally_normal,D741D,214728787:G,0.0464791,normal,D,D,741,BRCT,0.0,normal,12.9,buried
214728788,T,A,BARD1_X11,BARD1_X11C,missense_variant,0.00781183,functionally_normal,D741V,214728788:A,0.0190308,normal,D,V,741,BRCT,0.2165,normal,12.9,buried
214728788,T,C,BARD1_X11,BARD1_X11C,missense_variant,-0.0113433,functionally_normal,D741G,214728788:C,-0.449873,normal,D,G,741,BRCT,-0.2974,normal,12.9,buried
214728788,T,G,BARD1_X11,BARD1_X11C,missense_variant,0.0146162,functionally_normal,D741A,214728788:G,0.167985,normal,D,A,741,BRCT,-0.3028,normal,12.9,buried
214728789,C,A,BARD1_X11,BARD1_X11C,missense_variant,0.00160379,functionally_normal,D741Y,214728789:A,-0.457882,normal,D,Y,741,BRCT,-0.4398,normal,12.9,buried
214728789,C,G,BARD1_X11,BARD1_X11C,missense_variant,-0.00518155,functionally_normal,D741H,214728789:G,-0.126489,normal,D,H,741,BRCT,-0.2001,normal,12.9,buried
214728789,C,T,BARD1_X11,BARD1_X11C,missense_variant,-0.00262383,functionally_normal,D741N,214728789:T,0.316401,normal,D,N,741,BRCT,0.2738,normal,12.9,buried
214728790,T,A,BARD1_X11,BARD1_X11C,missense_variant,-0.000281123,functionally_normal,E740D,214728790:A,0.027464,normal,E,D,740,BRCT,1.6899,destabilizing,22.2,intermediate
214728790,T,G,BARD1_X11,BARD1_X11C,missense_variant,0.0163807,functionally_normal,E740D,214728790:G,0.0369066,normal,E,D,740,BRCT,1.6899,destabilizing,22.2,intermediate
214728790,T,C,BARD1_X11,BARD1_X11C,synonymous_variant,0.028359,functionally_normal,E740E,214728790:C,0.0630437,normal,E,E,740,BRCT,0.0,normal,22.2,intermediate
214728791,T,A,BARD1_X11,BARD1_X11C,missense_variant,-0.120516,functionally_abnormal,E740V,214728791:A,0.200315,normal,E,V,740,BRCT,1.7494,destabilizing,22.2,intermediate
214728791,T,C,BARD1_X11,BARD1_X11C,missense_variant,0.0278212,functionally_normal,E740G,214728791:C,0.232291,normal,E,G,740,BRCT,1.5733,normal,22.2,intermediate
214728791,T,G,BARD1_X11,BARD1_X11C,missense_variant,0.00203684,functionally_normal,E740A,214728791:G,-0.158194,normal,E,A,740,BRCT,0.9942,normal,22.2,intermediate
214728792,C,G,BARD1_X11,BARD1_X11C,missense_variant,0.00230041,functionally_normal,E740Q,214728792:G,0.176623,normal,E,Q,740,BRCT,0.8103,normal,22.2,intermediate
214728792,C,T,BARD1_X11,BARD1_X11C,missense_variant,-0.182501,functionally_abnormal,E740K,214728792:T,0.0726546,normal,E,K,740,BRCT,1.8132,destabilizing,22.2,intermediate
214728793,A,G,BARD1_X11,BARD1_X11C,synonymous_variant,0.0263736,functionally_normal,Y739Y,214728793:G,-0.0463705,normal,Y,Y,739,BRCT,0.0,normal,10.8,buried
214728794,T,A,BARD1_X11,BARD1_X11C,missense_variant,0.00569873,functionally_normal,Y739F,214728794:A,0.436314,normal,Y,F,739,BRCT,0.2758,normal,10.8,buried
214728794,T,C,BARD1_X11,BARD1_X11C,missense_variant,-0.00646324,functionally_normal,Y739C,214728794:C,-0.102779,normal,Y,C,739,BRCT,1.6467,destabilizing,10.8,buried
214728794,T,G,BARD1_X11,BARD1_X11C,missense_variant,0.0245151,functionally_normal,Y739S,214728794:G,0.0904322,normal,Y,S,739,BRCT,2.4213,destabilizing,10.8,buried
214728795,A,C,BARD1_X11,BARD1_X11C,missense_variant,-0.0366532,functionally_normal,Y739D,214728795:C,-0.0408802,normal,Y,D,739,BRCT,2.7478,destabilizing,10.8,buried
214728795,A,G,BARD1_X11,BARD1_X11C,missense_variant,0.0244006,functionally_normal,Y739H,214728795:G,-0.00401374,normal,Y,H,739,BRCT,2.0119,destabilizing,10.8,buried
214728795,A,T,BARD1_X11,BARD1_X11C,missense_variant,0.00406766,functionally_normal,Y739N,214728795:T,0.00786347,normal,Y,N,739,BRCT,2.7323,destabilizing,10.8,buried
214728796,G,A,BARD1_X11,BARD1_X11C,synonymous_variant,0.0226423,functionally_normal,I738I,214728796:A,0.174215,normal,I,I,738,BRCT,0.0,normal,0.7,buried
214728796,G,T,BARD1_X11,BARD1_X11C,synonymous_variant,0.0206764,functionally_normal,I738I,214728796:T,-0.223668,normal,I,I,738,BRCT,0.0,normal,0.7,buried
214728796,G,C,BARD1_X11,BARD1_X11C,missense_variant,0.0180056,functionally_normal,I738M,214728796:C,-0.0220752,normal,I,M,738,BRCT,1.8601,destabilizing,0.7,buried
214728797,A,C,BARD1_X11,BARD1_X11C,missense_variant,-0.261917,functionally_abnormal,I738S,214728797:C,0.402293,normal,I,S,738,BRCT,3.3388,destabilizing,0.7,buried
214728797,A,G,BARD1_X11,BARD1_X11C,missense_variant,-0.205334,functionally_abnormal,I738T,214728797:G,0.10716,normal,I,T,738,BRCT,2.8563,destabilizing,0.7,buried
214728797,A,T,BARD1_X11,BARD1_X11C,missense_variant,-0.281029,functionally_abnormal,I738N,214728797:T,0.666983,normal,I,N,738,BRCT,3.4391,destabilizing,0.7,buried
214728798,T,A,BARD1_X11,BARD1_X11C,missense_variant,-0.285495,functionally_abnormal,I738F,214728798:A,0.0298996,normal,I,F,738,BRCT,1.8504,destabilizing,0.7,buried
214728798,T,C,BARD1_X11,BARD1_X11C,missense_variant,0.022634,functionally_normal,I738V,214728798:C,0.094161,normal,I,V,738,BRCT,0.7691,normal,0.7,buried
214728798,T,G,BARD1_X11,BARD1_X11C,missense_variant,0.0226549,functionally_normal,I738L,214728798:G,0.0315182,normal,I,L,738,BRCT,1.1819,normal,0.7,buried
214728799,G,A,BARD1_X11,BARD1_X11C,synonymous_variant,0.0386751,functionally_normal,I737I,214728799:A,0.0906083,normal,I,I,737,BRCT,0.0,normal,10.7,buried
214728799,G,T,BARD1_X11,BARD1_X11C,synonymous_variant,0.0117255,functionally_normal,I737I,214728799:T,-0.617027,low,I,I,737,BRCT,0.0,normal,10.7,buried
214728799,G,C,BARD1_X11,BARD1_X11C,missense_variant,0.0328607,functionally_normal,I737M,214728799:C,-0.132151,normal,I,M,737,BRCT,0.6903,normal,10.7,buried
214728800,A,C,BARD1_X11,BARD1_X11C,missense_variant,-0.0019712,functionally_normal,I737S,214728800:C,-0.154286,normal,I,S,737,BRCT,1.9091,destabilizing,10.7,buried
214728800,A,G,BARD1_X11,BARD1_X11C,missense_variant,0.0191652,functionally_normal,I737T,214728800:G,-0.25927,normal,I,T,737,BRCT,1.5954,normal,10.7,buried
214728800,A,T,BARD1_X11,BARD1_X11C,missense_variant,-0.0265639,functionally_normal,I737N,214728800:T,-0.11205,normal,I,N,737,BRCT,2.1001,destabilizing,10.7,buried
214728801,T,A,BARD1_X11,BARD1_X11C,missense_variant,-0.00689014,functionally_normal,I737F,214728801:A,0.0317526,normal,I,F,737,BRCT,1.3542,normal,10.7,buried
214728801,T,C,BARD1_X11,BARD1_X11C,missense_variant,0.00733515,functionally_normal,I737V,214728801:C,0.223922,normal,I,V,737,BRCT,0.5621,normal,10.7,buried
214728801,T,G,BARD1_X11,BARD1_X11C,missense_variant,-0.00489193,functionally_normal,I737L,214728801:G,-0.116625,normal,I,L,737,BRCT,0.36,normal,10.7,buried
214728802,A,G,BARD1_X11,BARD1_X11C,synonymous_variant,0.0113823,functionally_normal,Y736Y,214728802:G,-0.0202655,normal,Y,Y,736,BRCT,0.0,normal,0.0,buried
214728803,T,A,BARD1_X11,BARD1_X11C,missense_variant,0.0129874,functionally_normal,Y736F,214728803:A,0.0492804,normal,Y,F,736,BRCT,0.4072,normal,0.0,buried
214728803,T,C,BARD1_X11,BARD1_X11C,missense_variant,-0.299096,functionally_abnormal,Y736C,214728803:C,0.157426,normal,Y,C,736,BRCT,2.3693,destabilizing,0.0,buried
214728803,T,G,BARD1_X11,BARD1_X11C,missense_variant,-0.339594,functionally_abnormal,Y736S,214728803:G,-0.0410632,normal,Y,S,736,BRCT,3.1356,destabilizing,0.0,buried
214728804,A,C,BARD1_X11,BARD1_X11C,missense_variant,-0.377687,functionally_abnormal,Y736D,214728804:C,-0.113366,normal,Y,D,736,BRCT,3.2333,destabilizing,0.0,buried
214728804,A,G,BARD1_X11,BARD1_X11C,missense_variant,-0.0126542,functionally_normal,Y736H,214728804:G,0.0240781,normal,Y,H,736,BRCT,1.9725,destabilizing,0.0,buried
214728804,A,T,BARD1_X11,BARD1_X11C,missense_variant,-0.288304,functionally_abnormal,Y736N,214728804:T,-0.00864978,normal,Y,N,736,BRCT,2.792,destabilizing,0.0,buried
214728805,C,A,BARD1_X11,BARD1_X11C,missense_variant,0.0280701,functionally_normal,Q735H,214728805:A,0.174112,normal,Q,H,735,BRCT,0.2488,normal,1.0,buried
214728805,C,G,BARD1_X11,BARD1_X11C,missense_variant,0.0158098,functionally_normal,Q735H,214728805:G,-0.0495581,normal,Q,H,735,BRCT,0.2488,normal,1.0,buried
214728805,C,T,BARD1_X11,BARD1_X11C,synonymous_variant,0.0246627,functionally_normal,Q735Q,214728805:T,0.0144096,normal,Q,Q,735,BRCT,0.0,normal,1.0,buried
214728806,T,A,BARD1_X11,BARD1_X11C,missense_variant,-0.00191657,functionally_normal,Q735L,214728806:A,-0.17878,normal,Q,L,735,BRCT,-1.2803,normal,1.0,buried
214728806,T,C,BARD1_X11,BARD1_X11C,missense_variant,-0.267533,functionally_abnormal,Q735R,214728806:C,0.00183084,normal,Q,R,735,BRCT,0.5942,normal,1.0,buried
214728806,T,G,BARD1_X11,BARD1_X11C,missense_variant,-0.280232,functionally_abnormal,Q735P,214728806:G,0.0338547,normal,Q,P,735,BRCT,0.5927,normal,1.0,buried
214728807,G,C,BARD1_X11,BARD1_X11C,missense_variant,-0.172815,functionally_abnormal,Q735E,214728807:C,0.2016,normal,Q,E,735,BRCT,0.6947,normal,1.0,buried
214728807,G,T,BARD1_X11,BARD1_X11C,missense_variant,-0.267677,functionally_abnormal,Q735K,214728807:T,-0.0428077,normal,Q,K,735,BRCT,0.6328,normal,1.0,buried
214728808,T,A,BARD1_X11,BARD1_X11C,synonymous_variant,0.0341088,functionally_normal,T734T,214728808:A,-0.175472,normal,T,T,734,BRCT,0.0,normal,1.4,buried
214728808,T,C,BARD1_X11,BARD1_X11C,synonymous_variant,0.0288885,functionally_normal,T734T,214728808:C,-0.268009,normal,T,T,734,BRCT,0.0,normal,1.4,buried
214728808,T,G,BARD1_X11,BARD1_X11C,synonymous_variant,0.024762,functionally_normal,T734T,214728808:G,-0.119832,normal,T,T,734,BRCT,0.0,normal,1.4,buried
214728809,G,A,BARD1_X11,BARD1_X11C,missense_variant,-0.0929605,functionally_abnormal,T734I,214728809:A,-0.154678,normal,T,I,734,BRCT,1.0586,normal,1.4,buried
214728809,G,C,BARD1_X11,BARD1_X11C,missense_variant,-0.286794,functionally_abnormal,T734R,214728809:C,0.0981579,normal,T,R,734,BRCT,1.8,destabilizing,1.4,buried
214728809,G,T,BARD1_X11,BARD1_X11C,missense_variant,-0.272795,functionally_abnormal,T734K,214728809:T,-0.177537,normal,T,K,734,BRCT,2.0952,destabilizing,1.4,buried
214728810,T,A,BARD1_X11,BARD1_X11C,missense_variant,0.003545,functionally_normal,T734S,214728810:A,0.0366093,normal,T,S,734,BRCT,1.1556,normal,1.4,buried
214728810,T,C,BARD1_X11,BARD1_X11C,missense_variant,-0.0292883,functionally_normal,T734A,214728810:C,0.0428582,normal,T,A,734,BRCT,1.4024,normal,1.4,buried
214728810,T,G,BARD1_X11,BARD1_X11C,missense_variant,-0.12207,functionally_abnormal,T734P,214728810:G,0.0417422,normal,T,P,734,BRCT,1.6797,destabilizing,1.4,buried
214728811,G,A,BARD1_X11,BARD1_X11C,synonymous_variant,0.0201811,functionally_normal,C733C,214728811:A,-0.197439,normal,C,C,733,BRCT,0.0,normal,3.4,buried
214728811,G,C,BARD1_X11,BARD1_X11C,missense_variant,-0.103776,functionally_abnormal,C733W,214728811:C,-0.106311,normal,C,W,733,BRCT,0.6194,normal,3.4,buried
214728812,C,A,BARD1_X11,BARD1_X11C,missense_variant,0.0171839,functionally_normal,C733F,214728812:A,-0.0825503,normal,C,F,733,BRCT,0.486,normal,3.4,buried
214728812,C,G,BARD1_X11,BARD1_X11C,missense_variant,0.000743971,functionally_normal,C733S,214728812:G,0.159982,normal,C,S,733,BRCT,0.8497,normal,3.4,buried
214728813,A,T,BARD1_X11,BARD1_X11C,missense_variant,0.0236708,functionally_normal,C733S,214728813:T,0.185032,normal,C,S,733,BRCT,0.8497,normal,3.4,buried
214728812,C,T,BARD1_X11,BARD1_X11C,missense_variant,-0.0444163,indeterminate,C733Y,214728812:T,0.0164863,normal,C,Y,733,BRCT,0.277,normal,3.4,buried
214728813,A,C,BARD1_X11,BARD1_X11C,missense_variant,-0.0053324,functionally_normal,C733G,214728813:C,-0.20678,normal,C,G,733,BRCT,1.17,normal,3.4,buried
214728813,A,G,BARD1_X11,BARD1_X11C,missense_variant,-0.112992,functionally_abnormal,C733R,214728813:G,0.261532,normal,C,R,733,BRCT,0.8897,normal,3.4,buried
214728814,G,A,BARD1_X11,BARD1_X11C,synonymous_variant,0.0283073,functionally_normal,F732F,214728814:A,0.141728,normal,F,F,732,BRCT,0.0,normal,44.2,intermediate
214728814,G,C,BARD1_X11,BARD1_X11C,missense_variant,-0.000866507,functionally_normal,F732L,214728814:C,0.0942323,normal,F,L,732,BRCT,0.6558,normal,44.2,intermediate
214728814,G,T,BARD1_X11,BARD1_X11C,missense_variant,0.0102115,functionally_normal,F732L,214728814:T,-0.180917,normal,F,L,732,BRCT,0.6558,normal,44.2,intermediate
214728816,A,G,BARD1_X11,BARD1_X11C,missense_variant,0.0169463,functionally_normal,F732L,214728816:G,0.0293312,normal,F,L,732,BRCT,0.6558,normal,44.2,intermediate
214728815,A,C,BARD1_X11,BARD1_X11C,missense_variant,0.0201983,functionally_normal,F732C,214728815:C,0.104522,normal,F,C,732,BRCT,0.3067,normal,44.2,intermediate
214728815,A,G,BARD1_X11,BARD1_X11C,missense_variant,0.0272101,functionally_normal,F732S,214728815:G,0.333872,normal,F,S,732,BRCT,0.7871,normal,44.2,intermediate
214728815,A,T,BARD1_X11,BARD1_X11C,missense_variant,0.0325936,functionally_normal,F732Y,214728815:T,0.255952,normal,F,Y,732,BRCT,0.0414,normal,44.2,intermediate
214728816,A,C,BARD1_X11,BARD1_X11C,missense_variant,0.0224457,functionally_normal,F732V,214728816:C,0.111053,normal,F,V,732,BRCT,0.5599,normal,44.2,intermediate
214728816,A,T,BARD1_X11,BARD1_X11C,missense_variant,0.00242131,functionally_normal,F732I,214728816:T,-0.154864,normal,F,I,732,BRCT,0.6663,normal,44.2,intermediate
214728817,G,A,BARD1_X11,BARD1_X11C,synonymous_variant,0.0330319,functionally_normal,R731R,214728817:A,0.359929,normal,R,R,731,BRCT,0.0,normal,34.2,intermediate
214728817,G,C,BARD1_X11,BARD1_X11C,synonymous_variant,0.0120841,functionally_normal,R731R,214728817:C,-0.076315,normal,R,R,731,BRCT,0.0,normal,34.2,intermediate
214728817,G,T,BARD1_X11,BARD1_X11C,synonymous_variant,0.0110402,functionally_normal,R731R,214728817:T,-0.0187357,normal,R,R,731,BRCT,0.0,normal,34.2,intermediate
214728818,C,A,BARD1_X11,BARD1_X11B;BARD1_X11C,missense_variant,0.0124933,functionally_normal,R731L,214728818:A,0.0874209,normal,R,L,731,BRCT,1.2354,normal,34.2,intermediate
214728818,C,G,BARD1_X11,BARD1_X11B;BARD1_X11C,missense_variant,-0.0839267,functionally_abnormal,R731P,214728818:G,-0.0256676,normal,R,P,731,BRCT,2.151,destabilizing,34.2,intermediate
214728818,C,T,BARD1_X11,BARD1_X11B;BARD1_X11C,missense_variant,0.0295365,functionally_normal,R731H,214728818:T,-0.0237981,normal,R,H,731,BRCT,1.3966,normal,34.2,intermediate
214728819,G,A,BARD1_X11,BARD1_X11B;BARD1_X11C,missense_variant,0.024659,functionally_normal,R731C,214728819:A,0.135961,normal,R,C,731,BRCT,1.1541,normal,34.2,intermediate
214728819,G,C,BARD1_X11,BARD1_X11B;BARD1_X11C,missense_variant,0.0130597,functionally_normal,R731G,214728819:C,-0.00256363,normal,R,G,731,BRCT,1.5306,normal,34.2,intermediate
214728819,G,T,BARD1_X11,BARD1_X11B;BARD1_X11C,missense_variant,0.0120694,functionally_normal,R731S,214728819:T,0.105307,normal,R,S,731,BRCT,1.3616,normal,34.2,intermediate
214728820,C,A,BARD1_X11,BARD1_X11B;BARD1_X11C,missense_variant,0.0318486,functionally_normal,Q730H,214728820:A,0.0853515,normal,Q,H,730,BRCT,0.4094,normal,6.8,buried
214728820,C,G,BARD1_X11,BARD1_X11B;BARD1_X11C,missense_variant,0.0366095,functionally_normal,Q730H,214728820:G,0.182429,normal,Q,H,730,BRCT,0.4094,normal,6.8,buried
214728820,C,T,BARD1_X11,BARD1_X11B;BARD1_X11C,synonymous_variant,0.00957495,functionally_normal,Q730Q,214728820:T,0.160823,normal,Q,Q,730,BRCT,0.0,normal,6.8,buried
214728821,T,A,BARD1_X11,BARD1_X11B;BARD1_X11C,missense_variant,-0.0186978,functionally_normal,Q730L,214728821:A,-0.274175,normal,Q,L,730,BRCT,0.5195,normal,6.8,buried
214728821,T,C,BARD1_X11,BARD1_X11B;BARD1_X11C,missense_variant,-0.0454732,indeterminate,Q730R,214728821:C,-0.0627801,normal,Q,R,730,BRCT,1.1846,normal,6.8,buried
214728821,T,G,BARD1_X11,BARD1_X11B;BARD1_X11C,missense_variant,-0.0642388,functionally_abnormal,Q730P,214728821:G,0.0804447,normal,Q,P,730,BRCT,1.0117,normal,6.8,buried
214728822,G,C,BARD1_X11,BARD1_X11B;BARD1_X11C,missense_variant,0.000280651,functionally_normal,Q730E,214728822:C,-0.143835,normal,Q,E,730,BRCT,0.3061,normal,6.8,buried
214728822,G,T,BARD1_X11,BARD1_X11B;BARD1_X11C,missense_variant,-0.0240117,functionally_normal,Q730K,214728822:T,-0.883945,low,Q,K,730,BRCT,1.1663,normal,6.8,buried
214728823,A,C,BARD1_X11,BARD1_X11B;BARD1_X11C,missense_variant,0.00178876,functionally_normal,D729E,214728823:C,-0.654019,low,D,E,729,BRCT,0.2968,normal,36.0,intermediate
214728823,A,T,BARD1_X11,BARD1_X11B;BARD1_X11C,missense_variant,0.0220455,functionally_normal,D729E,214728823:T,-0.343074,normal,D,E,729,BRCT,0.2968,normal,36.0,intermediate
214728823,A,G,BARD1_X11,BARD1_X11B;BARD1_X11C,synonymous_variant,0.0183777,functionally_normal,D729D,214728823:G,-0.341702,normal,D,D,729,BRCT,0.0,normal,36.0,intermediate
214728824,T,A,BARD1_X11,BARD1_X11B;BARD1_X11C,missense_variant,0.00595271,functionally_normal,D729V,214728824:A,0.242783,normal,D,V,729,BRCT,1.0775,normal,36.0,intermediate
214728824,T,C,BARD1_X11,BARD1_X11B;BARD1_X11C,missense_variant,-0.049933,indeterminate,D729G,214728824:C,-0.00316825,normal,D,G,729,BRCT,1.0514,normal,36.0,intermediate
214728824,T,G,BARD1_X11,BARD1_X11B;BARD1_X11C,missense_variant,-0.0128854,functionally_normal,D729A,214728824:G,0.125165,normal,D,A,729,BRCT,0.7177,normal,36.0,intermediate
214728825,C,A,BARD1_X11,BARD1_X11B;BARD1_X11C,missense_variant,-0.00393275,functionally_normal,D729Y,214728825:A,-0.668668,low,D,Y,729,BRCT,0.8834,normal,36.0,intermediate
214728825,C,G,BARD1_X11,BARD1_X11B;BARD1_X11C,missense_variant,-0.00145333,functionally_normal,D729H,214728825:G,0.108238,normal,D,H,729,BRCT,0.8975,normal,36.0,intermediate
214728825,C,T,BARD1_X11,BARD1_X11B;BARD1_X11C,missense_variant,0.00833479,functionally_normal,D729N,214728825:T,0.241353,normal,D,N,729,BRCT,0.804,normal,36.0,intermediate
214728826,A,C,BARD1_X11,BARD1_X11B;BARD1_X11C,synonymous_variant,0.0142928,functionally_normal,S728S,214728826:C,-0.153364,normal,S,S,728,BRCT,0.0,normal,49.2,intermediate
214728826,A,G,BARD1_X11,BARD1_X11B;BARD1_X11C,synonymous_variant,0.0319453,functionally_normal,S728S,214728826:G,0.246589,normal,S,S,728,BRCT,0.0,normal,49.2,intermediate
214728826,A,T,BARD1_X11,BARD1_X11B;BARD1_X11C,synonymous_variant,0.0338322,functionally_normal,S728S,214728826:T,-0.25708,normal,S,S,728,BRCT,0.0,normal,49.2,intermediate
214728827,G,A,BARD1_X11,BARD1_X11B;BARD1_X11C,missense_variant,0.0134439,functionally_normal,S728F,214728827:A,-0.061535,normal,S,F,728,BRCT,1.6498,destabilizing,49.2,intermediate
214728827,G,C,BARD1_X11,BARD1_X11B;BARD1_X11C,missense_variant,0.0360643,functionally_normal,S728C,214728827:C,0.489818,normal,S,C,728,BRCT,0.8006,normal,49.2,intermediate
214728827,G,T,BARD1_X11,BARD1_X11B;BARD1_X11C,missense_variant,-0.00154426,functionally_normal,S728Y,214728827:T,-0.176613,normal,S,Y,728,BRCT,1.8062,destabilizing,49.2,intermediate
214728828,A,C,BARD1_X11,BARD1_X11B;BARD1_X11C,missense_variant,0.021842,functionally_normal,S728A,214728828:C,0.246082,normal,S,A,728,BRCT,1.0149,normal,49.2,intermediate
214728828,A,G,BARD1_X11,BARD1_X11B;BARD1_X11C,missense_variant,-0.0442518,indeterminate,S728P,214728828:G,0.0310407,normal,S,P,728,BRCT,2.4889,destabilizing,49.2,intermediate
214728828,A,T,BARD1_X11,BARD1_X11B;BARD1_X11C,missense_variant,0.0375688,functionally_normal,S728T,214728828:T,0.0754059,normal,S,T,728,BRCT,0.748,normal,49.2,intermediate
214728829,A,C,BARD1_X11,BARD1_X11B;BARD1_X11C,missense_variant,0.0206532,functionally_normal,D727E,214728829:C,0.0690327,normal,D,E,727,BRCT,0.4308,normal,56.1,exposed
214728829,A,T,BARD1_X11,BARD1_X11B;BARD1_X11C,missense_variant,0.0353394,functionally_normal,D727E,214728829:T,0.169397,normal,D,E,727,BRCT,0.4308,normal,56.1,exposed
214728829,A,G,BARD1_X11,BARD1_X11B;BARD1_X11C,synonymous_variant,0.0118691,functionally_normal,D727D,214728829:G,-0.47578,normal,D,D,727,BRCT,0.0,normal,56.1,exposed
214728830,T,A,BARD1_X11,BARD1_X11B;BARD1_X11C,missense_variant,0.0135875,functionally_normal,D727V,214728830:A,0.126868,normal,D,V,727,BRCT,1.2483,normal,56.1,exposed
214728830,T,C,BARD1_X11,BARD1_X11B;BARD1_X11C,missense_variant,0.0311788,functionally_normal,D727G,214728830:C,0.484801,normal,D,G,727,BRCT,0.4006,normal,56.1,exposed
214728830,T,G,BARD1_X11,BARD1_X11B;BARD1_X11C,missense_variant,0.0236031,functionally_normal,D727A,214728830:G,-0.0352508,normal,D,A,727,BRCT,0.781,normal,56.1,exposed
214728831,C,A,BARD1_X11,BARD1_X11B;BARD1_X11C,missense_variant,0.0198465,functionally_normal,D727Y,214728831:A,-0.055782,normal,D,Y,727,BRCT,0.3103,normal,56.1,exposed
214728831,C,G,BARD1_X11,BARD1_X11B;BARD1_X11C,missense_variant,0.031306,functionally_normal,D727H,214728831:G,-0.17406,normal,D,H,727,BRCT,0.3212,normal,56.1,exposed
214728831,C,T,BARD1_X11,BARD1_X11B;BARD1_X11C,missense_variant,0.0274647,functionally_normal,D727N,214728831:T,0.180623,normal,D,N,727,BRCT,0.0641,normal,56.1,exposed
214728838,C,A,BARD1_X11,BARD1_X11B,synonymous_variant,0.0125827,functionally_normal,A724A,214728838:A,0.369683,normal,A,A,724,BRCT,0.0,normal,7.2,buried
214728838,C,G,BARD1_X11,BARD1_X11B,synonymous_variant,0.0165003,functionally_normal,A724A,214728838:G,0.362228,normal,A,A,724,BRCT,0.0,normal,7.2,buried
214728838,C,T,BARD1_X11,BARD1_X11B,synonymous_variant,0.0345895,functionally_normal,A724A,214728838:T,0.22322,normal,A,A,724,BRCT,0.0,normal,7.2,buried
214728839,G,A,BARD1_X11,BARD1_X11B,missense_variant,-0.00136976,functionally_normal,A724V,214728839:A,-0.487753,low,A,V,724,BRCT,1.0925,normal,7.2,buried
214728839,G,C,BARD1_X11,BARD1_X11B,missense_variant,0.0105575,functionally_normal,A724G,214728839:C,-0.219,normal,A,G,724,BRCT,2.1288,destabilizing,7.2,buried
214728839,G,T,BARD1_X11,BARD1_X11B,missense_variant,-0.279795,functionally_abnormal,A724E,214728839:T,-0.924788,low,A,E,724,BRCT,2.0678,destabilizing,7.2,buried
214728840,C,A,BARD1_X11,BARD1_X11B,missense_variant,0.0160251,functionally_normal,A724S,214728840:A,0.0292397,normal,A,S,724,BRCT,1.2743,normal,7.2,buried
214728840,C,G,BARD1_X11,BARD1_X11B,missense_variant,-0.171649,functionally_abnormal,A724P,214728840:G,-0.499966,low,A,P,724,BRCT,1.8457,destabilizing,7.2,buried
214728840,C,T,BARD1_X11,BARD1_X11B,missense_variant,0.0396488,functionally_normal,A724T,214728840:T,0.29819,normal,A,T,724,BRCT,1.7934,destabilizing,7.2,buried
214728841,A,C,BARD1_X11,BARD1_X11B,missense_variant,-0.0135333,functionally_normal,H723Q,214728841:C,-0.322718,normal,H,Q,723,BRCT,1.3434,normal,16.1,buried
214728841,A,T,BARD1_X11,BARD1_X11B,missense_variant,-0.0139559,functionally_normal,H723Q,214728841:T,-0.518109,low,H,Q,723,BRCT,1.3434,normal,16.1,buried
214728841,A,G,BARD1_X11,BARD1_X11B,synonymous_variant,0.0331095,functionally_normal,H723H,214728841:G,0.133021,normal,H,H,723,BRCT,0.0,normal,16.1,buried
214728842,T,A,BARD1_X11,BARD1_X11B,missense_variant,-0.310873,functionally_abnormal,H723L,214728842:A,-0.908771,low,H,L,723,BRCT,2.105,destabilizing,16.1,buried
214728842,T,C,BARD1_X11,BARD1_X11B,missense_variant,-0.175912,functionally_abnormal,H723R,214728842:C,-0.394747,normal,H,R,723,BRCT,1.7035,destabilizing,16.1,buried
214728842,T,G,BARD1_X11,BARD1_X11B,missense_variant,-0.35483,functionally_abnormal,H723P,214728842:G,-0.572711,low,H,P,723,BRCT,2.4903,destabilizing,16.1,buried
214728843,G,A,BARD1_X11,BARD1_X11B,missense_variant,0.0247834,functionally_normal,H723Y,214728843:A,0.356048,normal,H,Y,723,BRCT,0.5918,normal,16.1,buried
214728843,G,C,BARD1_X11,BARD1_X11B,missense_variant,-0.371412,functionally_abnormal,H723D,214728843:C,-0.560206,low,H,D,723,BRCT,3.063,destabilizing,16.1,buried
214728843,G,T,BARD1_X11,BARD1_X11B,missense_variant,-0.0197539,functionally_normal,H723N,214728843:T,0.159538,normal,H,N,723,BRCT,1.4231,normal,16.1,buried
214728844,G,A,BARD1_X11,BARD1_X11B,synonymous_variant,0.0245491,functionally_normal,Y722Y,214728844:A,-0.237612,normal,Y,Y,722,BRCT,0.0,normal,38.6,intermediate
214728845,T,A,BARD1_X11,BARD1_X11B,missense_variant,0.0184008,functionally_normal,Y722F,214728845:A,-0.108965,normal,Y,F,722,BRCT,0.3902,normal,38.6,intermediate
214728845,T,C,BARD1_X11,BARD1_X11B,missense_variant,0.0197075,functionally_normal,Y722C,214728845:C,-0.222411,normal,Y,C,722,BRCT,0.7696,normal,38.6,intermediate
214728845,T,G,BARD1_X11,BARD1_X11B,missense_variant,-0.0383083,functionally_normal,Y722S,214728845:G,-0.133025,normal,Y,S,722,BRCT,1.7544,destabilizing,38.6,intermediate
214728846,A,C,BARD1_X11,BARD1_X11B,missense_variant,-0.320589,functionally_abnormal,Y722D,214728846:C,-1.18755,low,Y,D,722,BRCT,1.7109,destabilizing,38.6,intermediate
214728846,A,G,BARD1_X11,BARD1_X11B,missense_variant,0.00502157,functionally_normal,Y722H,214728846:G,-0.241043,normal,Y,H,722,BRCT,0.6551,normal,38.6,intermediate
214728846,A,T,BARD1_X11,BARD1_X11B,missense_variant,-0.0647239,functionally_abnormal,Y722N,214728846:T,-0.142156,normal,Y,N,722,BRCT,1.3057,normal,38.6,intermediate
214728847,T,A,BARD1_X11,BARD1_X11B,synonymous_variant,0.0318304,functionally_normal,A721A,214728847:A,0.047773,normal,A,A,721,BRCT,0.0,normal,1.0,buried
214728847,T,C,BARD1_X11,BARD1_X11B,synonymous_variant,0.0180794,functionally_normal,A721A,214728847:C,-0.643682,low,A,A,721,BRCT,0.0,normal,1.0,buried
214728847,T,G,BARD1_X11,BARD1_X11B,synonymous_variant,0.0364164,functionally_normal,A721A,214728847:G,0.081534,normal,A,A,721,BRCT,0.0,normal,1.0,buried
214728848,G,A,BARD1_X11,BARD1_X11B,missense_variant,-0.0465802,indeterminate,A721V,214728848:A,0.120895,normal,A,V,721,BRCT,1.2251,normal,1.0,buried
214728848,G,C,BARD1_X11,BARD1_X11B,missense_variant,0.00397767,functionally_normal,A721G,214728848:C,-0.729447,low,A,G,721,BRCT,1.786,destabilizing,1.0,buried
214728848,G,T,BARD1_X11,BARD1_X11B,missense_variant,-0.421355,functionally_abnormal,A721E,214728848:T,-0.316201,normal,A,E,721,BRCT,2.8542,destabilizing,1.0,buried
214728849,C,A,BARD1_X11,BARD1_X11B,missense_variant,0.0239217,functionally_normal,A721S,214728849:A,-0.449339,normal,A,S,721,BRCT,1.1872,normal,1.0,buried
214728849,C,G,BARD1_X11,BARD1_X11B,missense_variant,-0.0436968,indeterminate,A721P,214728849:G,0.0869787,normal,A,P,721,BRCT,2.8901,destabilizing,1.0,buried
214728849,C,T,BARD1_X11,BARD1_X11B,missense_variant,0.0046219,functionally_normal,A721T,214728849:T,-0.144487,normal,A,T,721,BRCT,1.7235,destabilizing,1.0,buried
214728850,G,A,BARD1_X11,BARD1_X11B,synonymous_variant,0.0355187,functionally_normal,V720V,214728850:A,0.366109,normal,V,V,720,BRCT,0.0,normal,47.0,intermediate
214728850,G,C,BARD1_X11,BARD1_X11B,synonymous_variant,0.0382542,functionally_normal,V720V,214728850:C,-0.426793,normal,V,V,720,BRCT,0.0,normal,47.0,intermediate
214728850,G,T,BARD1_X11,BARD1_X11B,synonymous_variant,0.0192301,functionally_normal,V720V,214728850:T,0.305441,normal,V,V,720,BRCT,0.0,normal,47.0,intermediate
214728851,A,C,BARD1_X11,BARD1_X11B,missense_variant,-0.11618,functionally_abnormal,V720G,214728851:C,0.128464,normal,V,G,720,BRCT,2.0823,destabilizing,47.0,intermediate
214728851,A,G,BARD1_X11,BARD1_X11B,missense_variant,0.0210065,functionally_normal,V720A,214728851:G,0.152715,normal,V,A,720,BRCT,1.265,normal,47.0,intermediate
214728851,A,T,BARD1_X11,BARD1_X11B,missense_variant,-0.0944795,functionally_abnormal,V720D,214728851:T,0.651609,normal,V,D,720,BRCT,1.9415,destabilizing,47.0,intermediate
214728852,C,A,BARD1_X11,BARD1_X11B,missense_variant,0.0188328,functionally_normal,V720F,214728852:A,0.0831869,normal,V,F,720,BRCT,1.0336,normal,47.0,intermediate
214728852,C,G,BARD1_X11,BARD1_X11B,missense_variant,9.79508e-05,functionally_normal,V720L,214728852:G,0.0546406,normal,V,L,720,BRCT,0.7379,normal,47.0,intermediate
214728852,C,T,BARD1_X11,BARD1_X11B,missense_variant,0.0279694,functionally_normal,V720I,214728852:T,-0.638004,low,V,I,720,BRCT,0.1279,normal,47.0,intermediate
214728853,T,A,BARD1_X11,BARD1_X11B,synonymous_variant,0.0176735,functionally_normal,T719T,214728853:A,0.590668,normal,T,T,719,BRCT,0.0,normal,22.8,intermediate
214728853,T,C,BARD1_X11,BARD1_X11B,synonymous_variant,0.0310433,functionally_normal,T719T,214728853:C,0.13687,normal,T,T,719,BRCT,0.0,normal,22.8,intermediate
214728853,T,G,BARD1_X11,BARD1_X11B,synonymous_variant,0.0190565,functionally_normal,T719T,214728853:G,0.219635,normal,T,T,719,BRCT,0.0,normal,22.8,intermediate
214728854,G,A,BARD1_X11,BARD1_X11B,missense_variant,0.0190838,functionally_normal,T719I,214728854:A,-0.0858407,normal,T,I,719,BRCT,1.4096,normal,22.8,intermediate
214728854,G,C,BARD1_X11,BARD1_X11B,missense_variant,0.00448609,functionally_normal,T719R,214728854:C,-0.272979,normal,T,R,719,BRCT,0.9699,normal,22.8,intermediate
214728854,G,T,BARD1_X11,BARD1_X11B,missense_variant,0.00667204,functionally_normal,T719K,214728854:T,-0.122217,normal,T,K,719,BRCT,1.007,normal,22.8,intermediate
214728855,T,A,BARD1_X11,BARD1_X11B,missense_variant,0.0223547,functionally_normal,T719S,214728855:A,-0.306982,normal,T,S,719,BRCT,0.3157,normal,22.8,intermediate
214728855,T,C,BARD1_X11,BARD1_X11B,missense_variant,0.0160551,functionally_normal,T719A,214728855:C,-0.150236,normal,T,A,719,BRCT,0.789,normal,22.8,intermediate
214728855,T,G,BARD1_X11,BARD1_X11B,missense_variant,-0.179975,functionally_abnormal,T719P,214728855:G,-0.92864,low,T,P,719,BRCT,1.1913,normal,22.8,intermediate
214728856,A,C,BARD1_X11,BARD1_X11B,missense_variant,0.0140007,functionally_normal,N718K,214728856:C,-0.0789483,normal,N,K,718,BRCT,0.2677,normal,68.8,exposed
214728856,A,T,BARD1_X11,BARD1_X11B,missense_variant,0.00984823,functionally_normal,N718K,214728856:T,-0.514898,low,N,K,718,BRCT,0.2677,normal,68.8,exposed
214728856,A,G,BARD1_X11,BARD1_X11B,synonymous_variant,0.0286815,functionally_normal,N718N,214728856:G,-0.159302,normal,N,N,718,BRCT,0.0,normal,68.8,exposed
214728857,T,A,BARD1_X11,BARD1_X11B,missense_variant,0.00904526,functionally_normal,N718I,214728857:A,0.0409406,normal,N,I,718,BRCT,0.8878,normal,68.8,exposed
214728857,T,C,BARD1_X11,BARD1_X11B,missense_variant,0.0233914,functionally_normal,N718S,214728857:C,0.12726,normal,N,S,718,BRCT,0.0989,normal,68.8,exposed
214728857,T,G,BARD1_X11,BARD1_X11B,missense_variant,0.0243767,functionally_normal,N718T,214728857:G,0.0297258,normal,N,T,718,BRCT,0.5682,normal,68.8,exposed
214728858,T,A,BARD1_X11,BARD1_X11B,missense_variant,0.0294593,functionally_normal,N718Y,214728858:A,0.0583927,normal,N,Y,718,BRCT,0.7136,normal,68.8,exposed
214728858,T,C,BARD1_X11,BARD1_X11B,missense_variant,0.0320918,functionally_normal,N718D,214728858:C,0.197024,normal,N,D,718,BRCT,0.3434,normal,68.8,exposed
214728858,T,G,BARD1_X11,BARD1_X11B,missense_variant,0.00391545,functionally_normal,N718H,214728858:G,0.240256,normal,N,H,718,BRCT,0.3455,normal,68.8,exposed
214728859,G,A,BARD1_X11,BARD1_X11B,synonymous_variant,0.025007,functionally_normal,I717I,214728859:A,-0.320546,normal,I,I,717,BRCT,0.0,normal,10.5,buried
214728859,G,T,BARD1_X11,BARD1_X11B,synonymous_variant,0.0231289,functionally_normal,I717I,214728859:T,0.339945,normal,I,I,717,BRCT,0.0,normal,10.5,buried
214728859,G,C,BARD1_X11,BARD1_X11B,missense_variant,0.0226094,functionally_normal,I717M,214728859:C,-0.175877,normal,I,M,717,BRCT,0.0057,normal,10.5,buried
214728860,A,C,BARD1_X11,BARD1_X11B,missense_variant,-0.0290084,functionally_normal,I717S,214728860:C,-0.103697,normal,I,S,717,BRCT,0.5775,normal,10.5,buried
214728860,A,G,BARD1_X11,BARD1_X11B,missense_variant,0.0159146,functionally_normal,I717T,214728860:G,0.211427,normal,I,T,717,BRCT,0.675,normal,10.5,buried
214728860,A,T,BARD1_X11,BARD1_X11B,missense_variant,-0.012724,functionally_normal,I717N,214728860:T,-0.532375,low,I,N,717,BRCT,0.5254,normal,10.5,buried
214728861,T,A,BARD1_X11,BARD1_X11B,missense_variant,-0.0080799,functionally_normal,I717F,214728861:A,0.188845,normal,I,F,717,BRCT,0.0741,normal,10.5,buried
214728861,T,C,BARD1_X11,BARD1_X11B,missense_variant,0.0324113,functionally_normal,I717V,214728861:C,0.189804,normal,I,V,717,BRCT,0.3615,normal,10.5,buried
214728861,T,G,BARD1_X11,BARD1_X11B,missense_variant,0.00676494,functionally_normal,I717L,214728861:G,-0.440622,normal,I,L,717,BRCT,-0.1656,normal,10.5,buried
214728865,C,A,BARD1_X11,BARD1_X11B,missense_variant,-0.18137,functionally_abnormal,Q715H,214728865:A,-0.421933,normal,Q,H,715,BRCT,0.0336,normal,56.1,exposed
214728865,C,G,BARD1_X11,BARD1_X11B,missense_variant,-0.171493,functionally_abnormal,Q715H,214728865:G,-0.373385,normal,Q,H,715,BRCT,0.0336,normal,56.1,exposed
214728865,C,T,BARD1_X11,BARD1_X11B,synonymous_variant,0.0234548,functionally_normal,Q715Q,214728865:T,0.0956414,normal,Q,Q,715,BRCT,0.0,normal,56.1,exposed
214728866,T,A,BARD1_X11,BARD1_X11B,missense_variant,-0.00170894,functionally_normal,Q715L,214728866:A,-0.0368231,normal,Q,L,715,BRCT,0.221,normal,56.1,exposed
214728866,T,C,BARD1_X11,BARD1_X11B,missense_variant,-0.247699,functionally_abnormal,Q715R,214728866:C,-1.02156,low,Q,R,715,BRCT,0.4192,normal,56.1,exposed
214728866,T,G,BARD1_X11,BARD1_X11B,missense_variant,-0.345637,functionally_abnormal,Q715P,214728866:G,-0.070011,normal,Q,P,715,BRCT,0.7838,normal,56.1,exposed
214728867,G,C,BARD1_X11,BARD1_X11B,missense_variant,-0.244235,functionally_abnormal,Q715E,214728867:C,-0.716738,low,Q,E,715,BRCT,-0.0925,normal,56.1,exposed
214728867,G,T,BARD1_X11,BARD1_X11B,missense_variant,-0.314029,functionally_abnormal,Q715K,214728867:T,-0.608711,low,Q,K,715,BRCT,0.3486,normal,56.1,exposed
214728868,A,C,BARD1_X11,BARD1_X11B,synonymous_variant,0.0413048,functionally_normal,T714T,214728868:C,0.367924,normal,T,T,714,BRCT,0.0,normal,8.4,buried
214728868,A,G,BARD1_X11,BARD1_X11B,synonymous_variant,0.0409259,functionally_normal,T714T,214728868:G,0.352474,normal,T,T,714,BRCT,0.0,normal,8.4,buried
214728868,A,T,BARD1_X11,BARD1_X11B,synonymous_variant,0.0336128,functionally_normal,T714T,214728868:T,-0.11013,normal,T,T,714,BRCT,0.0,normal,8.4,buried
214728869,G,A,BARD1_X11,BARD1_X11B,missense_variant,0.00148402,functionally_normal,T714I,214728869:A,-0.213711,normal,T,I,714,BRCT,0.9847,normal,8.4,buried
214728869,G,C,BARD1_X11,BARD1_X11B,missense_variant,0.0251109,functionally_normal,T714S,214728869:C,-0.0459257,normal,T,S,714,BRCT,0.345,normal,8.4,buried
214728870,T,A,BARD1_X11,BARD1_X11B,missense_variant,0.0314017,functionally_normal,T714S,214728870:A,0.328774,normal,T,S,714,BRCT,0.345,normal,8.4,buried
214728869,G,T,BARD1_X11,BARD1_X11B,missense_variant,0.0193647,functionally_normal,T714N,214728869:T,0.0684316,normal,T,N,714,BRCT,1.0134,normal,8.4,buried
214728870,T,C,BARD1_X11,BARD1_X11B,missense_variant,0.0137803,functionally_normal,T714A,214728870:C,-0.00953404,normal,T,A,714,BRCT,1.1081,normal,8.4,buried
214728870,T,G,BARD1_X11,BARD1_X11B,missense_variant,-0.188438,functionally_abnormal,T714P,214728870:G,-0.456863,normal,T,P,714,BRCT,1.2136,normal,8.4,buried
214728871,C,A,BARD1_X11,BARD1_X11B,synonymous_variant,0.0199215,functionally_normal,V713V,214728871:A,-0.042861,normal,V,V,713,BRCT,0.0,normal,52.0,exposed
214728871,C,G,BARD1_X11,BARD1_X11B,synonymous_variant,0.0311974,functionally_normal,V713V,214728871:G,-0.129303,normal,V,V,713,BRCT,0.0,normal,52.0,exposed
214728871,C,T,BARD1_X11,BARD1_X11B,synonymous_variant,0.0287652,functionally_normal,V713V,214728871:T,0.297244,normal,V,V,713,BRCT,0.0,normal,52.0,exposed
214728872,A,C,BARD1_X11,BARD1_X11B,missense_variant,-0.0693891,functionally_abnormal,V713G,214728872:C,-0.632891,low,V,G,713,BRCT,0.2332,normal,52.0,exposed
214728872,A,G,BARD1_X11,BARD1_X11B,missense_variant,0.00927673,functionally_normal,V713A,214728872:G,0.129854,normal,V,A,713,BRCT,-0.034,normal,52.0,exposed
214728872,A,T,BARD1_X11,BARD1_X11B,missense_variant,-0.0894007,functionally_abnormal,V713E,214728872:T,0.218443,normal,V,E,713,BRCT,-0.1333,normal,52.0,exposed
214728873,C,A,BARD1_X11,BARD1_X11B,missense_variant,0.00630685,functionally_normal,V713L,214728873:A,0.000973531,normal,V,L,713,BRCT,-0.1971,normal,52.0,exposed
214728873,C,G,BARD1_X11,BARD1_X11B,missense_variant,0.0115349,functionally_normal,V713L,214728873:G,-0.261135,normal,V,L,713,BRCT,-0.1971,normal,52.0,exposed
214728873,C,T,BARD1_X11,BARD1_X11B,missense_variant,0.0134568,functionally_normal,V713M,214728873:T,0.409259,normal,V,M,713,BRCT,-0.1241,normal,52.0,exposed
214728874,G,A,BARD1_X11,BARD1_X11B,synonymous_variant,0.039227,functionally_normal,D712D,214728874:A,0.224772,normal,D,D,712,BRCT,0.0,normal,66.9,exposed
214728874,G,C,BARD1_X11,BARD1_X11B,missense_variant,-0.0633488,functionally_abnormal,D712E,214728874:C,0.0117119,normal,D,E,712,BRCT,0.0257,normal,66.9,exposed
214728874,G,T,BARD1_X11,BARD1_X11B,missense_variant,-0.0648938,functionally_abnormal,D712E,214728874:T,-0.324093,normal,D,E,712,BRCT,0.0257,normal,66.9,exposed
214728875,T,A,BARD1_X11,BARD1_X11B,missense_variant,-0.260887,functionally_abnormal,D712V,214728875:A,-0.0719714,normal,D,V,712,BRCT,0.1125,normal,66.9,exposed
214728875,T,C,BARD1_X11,BARD1_X11B,missense_variant,-0.163425,functionally_abnormal,D712G,214728875:C,-0.714599,low,D,G,712,BRCT,0.1743,normal,66.9,exposed
214728875,T,G,BARD1_X11,BARD1_X11B,missense_variant,-0.23413,functionally_abnormal,D712A,214728875:G,-1.18269,low,D,A,712,BRCT,-0.0373,normal,66.9,exposed
214728876,C,A,BARD1_X11,BARD1_X11B,missense_variant,-0.307552,functionally_abnormal,D712Y,214728876:A,-0.920122,low,D,Y,712,BRCT,0.1628,normal,66.9,exposed
214728876,C,G,BARD1_X11,BARD1_X11B,missense_variant,-0.292732,functionally_abnormal,D712H,214728876:G,-0.18251,normal,D,H,712,BRCT,0.0512,normal,66.9,exposed
214728876,C,T,BARD1_X11,BARD1_X11B,missense_variant,-0.282021,functionally_abnormal,D712N,214728876:T,-0.441832,normal,D,N,712,BRCT,0.0966,normal,66.9,exposed
214728877,A,C,BARD1_X11,BARD1_X11B,missense_variant,0.0167253,functionally_normal,S711R,214728877:C,0.0495147,normal,S,R,711,BRCT,1.1608,normal,56.7,exposed
214728877,A,T,BARD1_X11,BARD1_X11B,missense_variant,0.0247765,functionally_normal,S711R,214728877:T,0.471512,normal,S,R,711,BRCT,1.1608,normal,56.7,exposed
214728879,T,G,BARD1_X11,BARD1_X11B,missense_variant,0.0063408,functionally_normal,S711R,214728879:G,0.186842,normal,S,R,711,BRCT,1.1608,normal,56.7,exposed
214728877,A,G,BARD1_X11,BARD1_X11B,synonymous_variant,0.0466828,functionally_normal,S711S,214728877:G,0.165263,normal,S,S,711,BRCT,0.0,normal,56.7,exposed
214728878,C,A,BARD1_X11,BARD1_X11B,missense_variant,-0.122585,functionally_abnormal,S711I,214728878:A,-0.360155,normal,S,I,711,BRCT,1.323,normal,56.7,exposed
214728878,C,G,BARD1_X11,BARD1_X11B,missense_variant,-0.0130425,functionally_normal,S711T,214728878:G,-0.19263,normal,S,T,711,BRCT,0.7489,normal,56.7,exposed
214728878,C,T,BARD1_X11,BARD1_X11B,missense_variant,0.0106287,functionally_normal,S711N,214728878:T,-0.0677652,normal,S,N,711,BRCT,0.1352,normal,56.7,exposed
214728879,T,A,BARD1_X11,BARD1_X11B,missense_variant,0.0263211,functionally_normal,S711C,214728879:A,-0.0179834,normal,S,C,711,BRCT,0.2077,normal,56.7,exposed
214728879,T,C,BARD1_X11,BARD1_X11B,missense_variant,0.00810569,functionally_normal,S711G,214728879:C,-0.0721226,normal,S,G,711,BRCT,0.542,normal,56.7,exposed
214728886,C,A,BARD1_X11,BARD1_X11B,missense_variant,-0.025649,functionally_normal,K708N,214728886:A,-0.35044,normal,K,N,708,BRCT,-0.1566,normal,74.1,exposed
214728886,C,G,BARD1_X11,BARD1_X11B,missense_variant,-0.00752985,functionally_normal,K708N,214728886:G,0.174634,normal,K,N,708,BRCT,-0.1566,normal,74.1,exposed
214728886,C,T,BARD1_X11,BARD1_X11B,synonymous_variant,0.0389956,functionally_normal,K708K,214728886:T,-0.082003,normal,K,K,708,BRCT,0.0,normal,74.1,exposed
214728887,T,A,BARD1_X11,BARD1_X11B,missense_variant,-0.0232228,functionally_normal,K708M,214728887:A,-0.0471423,normal,K,M,708,BRCT,0.0314,normal,74.1,exposed
214728887,T,C,BARD1_X11,BARD1_X11B,missense_variant,0.0323531,functionally_normal,K708R,214728887:C,-0.0283457,normal,K,R,708,BRCT,-0.0028,normal,74.1,exposed
214728887,T,G,BARD1_X11,BARD1_X11B,missense_variant,-0.0525963,indeterminate,K708T,214728887:G,0.190765,normal,K,T,708,BRCT,-0.2325,normal,74.1,exposed
214728888,T,C,BARD1_X11,BARD1_X11B,missense_variant,-0.0670589,functionally_abnormal,K708E,214728888:C,-0.0521398,normal,K,E,708,BRCT,-0.1293,normal,74.1,exposed
214728888,T,G,BARD1_X11,BARD1_X11B,missense_variant,-0.00280067,functionally_normal,K708Q,214728888:G,-0.47008,normal,K,Q,708,BRCT,-0.0774,normal,74.1,exposed
214728892,C,A,BARD1_X11,BARD1_X11B,missense_variant,0.0245933,functionally_normal,K706N,214728892:A,-0.187341,normal,K,N,706,BRCT,0.9979,normal,47.9,intermediate
214728892,C,G,BARD1_X11,BARD1_X11B,missense_variant,0.0343595,functionally_normal,K706N,214728892:G,0.457157,normal,K,N,706,BRCT,0.9979,normal,47.9,intermediate
214728892,C,T,BARD1_X11,BARD1_X11B,synonymous_variant,0.0504034,functionally_normal,K706K,214728892:T,-0.623538,low,K,K,706,BRCT,0.0,normal,47.9,intermediate
214728893,T,A,BARD1_X11,BARD1_X11B,missense_variant,0.0439676,functionally_normal,K706M,214728893:A,0.2212,normal,K,M,706,BRCT,0.2397,normal,47.9,intermediate
214728893,T,C,BARD1_X11,BARD1_X11B,missense_variant,0.0643553,functionally_normal,K706R,214728893:C,0.175946,normal,K,R,706,BRCT,0.0344,normal,47.9,intermediate
214728893,T,G,BARD1_X11,BARD1_X11B,missense_variant,0.0346139,functionally_normal,K706T,214728893:G,-0.0807206,normal,K,T,706,BRCT,0.7372,normal,47.9,intermediate
214728894,T,C,BARD1_X11,BARD1_X11B,missense_variant,0.0174783,functionally_normal,K706E,214728894:C,0.231414,normal,K,E,706,BRCT,0.3243,normal,47.9,intermediate
214728894,T,G,BARD1_X11,BARD1_X11B,missense_variant,0.0384939,functionally_normal,K706Q,214728894:G,-0.089,normal,K,Q,706,BRCT,0.1764,normal,47.9,intermediate
214728895,T,A,BARD1_X11,BARD1_X11B,missense_variant,-0.210938,functionally_abnormal,R705S,214728895:A,-0.76685,low,R,S,705,BRCT,0.1587,normal,73.5,exposed
214728895,T,G,BARD1_X11,BARD1_X11B,missense_variant,-0.275783,functionally_abnormal,R705S,214728895:G,-0.210089,normal,R,S,705,BRCT,0.1587,normal,73.5,exposed
214728895,T,C,BARD1_X11,BARD1_X11B,synonymous_variant,0.0489881,functionally_normal,R705R,214728895:C,0.293739,normal,R,R,705,BRCT,0.0,normal,73.5,exposed
214728897,T,G,BARD1_X11,BARD1_X11B,synonymous_variant,0.0209413,functionally_normal,R705R,214728897:G,0.278159,normal,R,R,705,BRCT,0.0,normal,73.5,exposed
214728896,C,A,BARD1_X11,BARD1_X11B,missense_variant,-0.199029,functionally_abnormal,R705I,214728896:A,-1.28951,low,R,I,705,BRCT,0.033,normal,73.5,exposed
214728896,C,G,BARD1_X11,BARD1_X11B,missense_variant,-0.26412,functionally_abnormal,R705T,214728896:G,-0.402506,normal,R,T,705,BRCT,0.0232,normal,73.5,exposed
214728896,C,T,BARD1_X11,BARD1_X11B,missense_variant,-0.152109,functionally_abnormal,R705K,214728896:T,-0.108358,normal,R,K,705,BRCT,0.1633,normal,73.5,exposed
214728897,T,C,BARD1_X11,BARD1_X11B,missense_variant,-0.249391,functionally_abnormal,R705G,214728897:C,0.0638324,normal,R,G,705,BRCT,0.7585,normal,73.5,exposed
214728898,A,C,BARD1_X11,BARD1_X11B,missense_variant,0.0358292,functionally_normal,S704R,214728898:C,0.255977,normal,S,R,704,BRCT,0.2698,normal,73.8,exposed
214728898,A,T,BARD1_X11,BARD1_X11B,missense_variant,0.0440653,functionally_normal,S704R,214728898:T,0.233556,normal,S,R,704,BRCT,0.2698,normal,73.8,exposed
214728900,T,G,BARD1_X11,BARD1_X11A;BARD1_X11B,missense_variant,0.029994,functionally_normal,S704R,214728900:G,0.159448,normal,S,R,704,BRCT,0.2698,normal,73.8,exposed
214728898,A,G,BARD1_X11,BARD1_X11B,synonymous_variant,0.0487018,functionally_normal,S704S,214728898:G,0.306353,normal,S,S,704,BRCT,0.0,normal,73.8,exposed
214728899,C,A,BARD1_X11,BARD1_X11A;BARD1_X11B,missense_variant,0.0325914,functionally_normal,S704I,214728899:A,0.204429,normal,S,I,704,BRCT,0.2863,normal,73.8,exposed
214728899,C,G,BARD1_X11,BARD1_X11A;BARD1_X11B,missense_variant,0.0036623,functionally_normal,S704T,214728899:G,0.179287,normal,S,T,704,BRCT,0.0997,normal,73.8,exposed
214728899,C,T,BARD1_X11,BARD1_X11A;BARD1_X11B,missense_variant,0.0257172,functionally_normal,S704N,214728899:T,0.289333,normal,S,N,704,BRCT,0.1521,normal,73.8,exposed
214728900,T,A,BARD1_X11,BARD1_X11A;BARD1_X11B,missense_variant,0.0371493,functionally_normal,S704C,214728900:A,-0.330649,normal,S,C,704,BRCT,-0.0195,normal,73.8,exposed
214728900,T,C,BARD1_X11,BARD1_X11A;BARD1_X11B,missense_variant,0.0283564,functionally_normal,S704G,214728900:C,-0.0325132,normal,S,G,704,BRCT,0.4477,normal,73.8,exposed
214728901,G,A,BARD1_X11,BARD1_X11A;BARD1_X11B,synonymous_variant,0.0238501,functionally_normal,L703L,214728901:A,-0.102446,normal,L,L,703,BRCT,0.0,normal,15.5,buried
214728901,G,C,BARD1_X11,BARD1_X11A;BARD1_X11B,synonymous_variant,0.0133241,functionally_normal,L703L,214728901:C,-0.146305,normal,L,L,703,BRCT,0.0,normal,15.5,buried
214728901,G,T,BARD1_X11,BARD1_X11A;BARD1_X11B,synonymous_variant,0.0232738,functionally_normal,L703L,214728901:T,0.0905597,normal,L,L,703,BRCT,0.0,normal,15.5,buried
214728902,A,C,BARD1_X11,BARD1_X11A;BARD1_X11B,missense_variant,0.0116097,functionally_normal,L703R,214728902:C,0.110074,normal,L,R,703,BRCT,2.2834,destabilizing,15.5,buried
214728902,A,G,BARD1_X11,BARD1_X11A;BARD1_X11B,missense_variant,-0.164096,functionally_abnormal,L703P,214728902:G,-0.186375,normal,L,P,703,BRCT,3.172,destabilizing,15.5,buried
214728902,A,T,BARD1_X11,BARD1_X11A;BARD1_X11B,missense_variant,-0.00613581,functionally_normal,L703H,214728902:T,0.126297,normal,L,H,703,BRCT,2.1623,destabilizing,15.5,buried
214728903,G,A,BARD1_X11,BARD1_X11A;BARD1_X11B,missense_variant,0.0327756,functionally_normal,L703F,214728903:A,-0.109702,normal,L,F,703,BRCT,0.7591,normal,15.5,buried
214728903,G,C,BARD1_X11,BARD1_X11A;BARD1_X11B,missense_variant,0.0330095,functionally_normal,L703V,214728903:C,0.0701533,normal,L,V,703,BRCT,1.1504,normal,15.5,buried
214728903,G,T,BARD1_X11,BARD1_X11A;BARD1_X11B,missense_variant,0.00946603,functionally_normal,L703I,214728903:T,-0.328209,normal,L,I,703,BRCT,0.8701,normal,15.5,buried
214728904,G,A,BARD1_X11,BARD1_X11A;BARD1_X11B,synonymous_variant,0.0296102,functionally_normal,I702I,214728904:A,0.30943,normal,I,I,702,BRCT,0.0,normal,37.1,intermediate
214728904,G,T,BARD1_X11,BARD1_X11A;BARD1_X11B,synonymous_variant,0.023289,functionally_normal,I702I,214728904:T,-0.346368,normal,I,I,702,BRCT,0.0,normal,37.1,intermediate
214728904,G,C,BARD1_X11,BARD1_X11A;BARD1_X11B,missense_variant,0.0355756,functionally_normal,I702M,214728904:C,0.088074,normal,I,M,702,BRCT,0.7546,normal,37.1,intermediate
214728905,A,C,BARD1_X11,BARD1_X11A;BARD1_X11B,missense_variant,0.0100356,functionally_normal,I702S,214728905:C,0.548585,normal,I,S,702,BRCT,1.8411,destabilizing,37.1,intermediate
214728905,A,G,BARD1_X11,BARD1_X11A;BARD1_X11B,missense_variant,0.0292011,functionally_normal,I702T,214728905:G,0.37354,normal,I,T,702,BRCT,1.3619,normal,37.1,intermediate
214728905,A,T,BARD1_X11,BARD1_X11A;BARD1_X11B,missense_variant,0.0186768,functionally_normal,I702N,214728905:T,0.326245,normal,I,N,702,BRCT,2.2575,destabilizing,37.1,intermediate
214728906,T,A,BARD1_X11,BARD1_X11A;BARD1_X11B,missense_variant,0.0161769,functionally_normal,I702F,214728906:A,0.115126,normal,I,F,702,BRCT,0.8785,normal,37.1,intermediate
214728906,T,C,BARD1_X11,BARD1_X11A;BARD1_X11B,missense_variant,0.00860094,functionally_normal,I702V,214728906:C,-0.148981,normal,I,V,702,BRCT,0.5161,normal,37.1,intermediate
214728906,T,G,BARD1_X11,BARD1_X11A;BARD1_X11B,missense_variant,0.0166122,functionally_normal,I702L,214728906:G,0.141471,normal,I,L,702,BRCT,0.4856,normal,37.1,intermediate
214728907,C,A,BARD1_X11,BARD1_X11A;BARD1_X11B,missense_variant,0.0267897,functionally_normal,Q701H,214728907:A,-0.174241,normal,Q,H,701,BRCT,0.4032,normal,47.5,intermediate
214728907,C,G,BARD1_X11,BARD1_X11A;BARD1_X11B,missense_variant,0.0354325,functionally_normal,Q701H,214728907:G,0.184194,normal,Q,H,701,BRCT,0.4032,normal,47.5,intermediate
214728907,C,T,BARD1_X11,BARD1_X11A;BARD1_X11B,synonymous_variant,0.0165417,functionally_normal,Q701Q,214728907:T,0.404464,normal,Q,Q,701,BRCT,0.0,normal,47.5,intermediate
214728908,T,A,BARD1_X11,BARD1_X11A;BARD1_X11B,missense_variant,0.029029,functionally_normal,Q701L,214728908:A,0.210514,normal,Q,L,701,BRCT,0.3858,normal,47.5,intermediate
214728908,T,C,BARD1_X11,BARD1_X11A;BARD1_X11B,missense_variant,0.0221192,functionally_normal,Q701R,214728908:C,0.447911,normal,Q,R,701,BRCT,0.0602,normal,47.5,intermediate
214728908,T,G,BARD1_X11,BARD1_X11A;BARD1_X11B,missense_variant,-0.417091,functionally_abnormal,Q701P,214728908:G,-0.702659,low,Q,P,701,BRCT,2.9913,destabilizing,47.5,intermediate
214728909,G,C,BARD1_X11,BARD1_X11A;BARD1_X11B,missense_variant,0.0125943,functionally_normal,Q701E,214728909:C,0.0775249,normal,Q,E,701,BRCT,0.5297,normal,47.5,intermediate
214728909,G,T,BARD1_X11,BARD1_X11A;BARD1_X11B,missense_variant,0.0390439,functionally_normal,Q701K,214728909:T,-0.012887,normal,Q,K,701,BRCT,0.0885,normal,47.5,intermediate
214728910,G,A,BARD1_X11,BARD1_X11A;BARD1_X11B,synonymous_variant,0.0386576,functionally_normal,G700G,214728910:A,0.521227,normal,G,G,700,BRCT,0.0,normal,11.2,buried
214728910,G,C,BARD1_X11,BARD1_X11A;BARD1_X11B,synonymous_variant,0.0215737,functionally_normal,G700G,214728910:C,0.045029,normal,G,G,700,BRCT,0.0,normal,11.2,buried
214728910,G,T,BARD1_X11,BARD1_X11A;BARD1_X11B,synonymous_variant,0.0090532,functionally_normal,G700G,214728910:T,0.279813,normal,G,G,700,BRCT,0.0,normal,11.2,buried
214728911,C,A,BARD1_X11,BARD1_X11A;BARD1_X11B,missense_variant,-0.248845,functionally_abnormal,G700V,214728911:A,-0.13012,normal,G,V,700,BRCT,2.3265,destabilizing,11.2,buried
214728911,C,G,BARD1_X11,BARD1_X11A;BARD1_X11B,missense_variant,0.0127585,functionally_normal,G700A,214728911:G,-0.0521671,normal,G,A,700,BRCT,1.948,destabilizing,11.2,buried
214728911,C,T,BARD1_X11,BARD1_X11A;BARD1_X11B,missense_variant,-0.077778,functionally_abnormal,G700D,214728911:T,0.158472,normal,G,D,700,BRCT,3.1155,destabilizing,11.2,buried
214728912,C,A,BARD1_X11,BARD1_X11A;BARD1_X11B,missense_variant,-0.281863,functionally_abnormal,G700C,214728912:A,-0.618695,low,G,C,700,BRCT,1.8832,destabilizing,11.2,buried
214728912,C,G,BARD1_X11,BARD1_X11A;BARD1_X11B,missense_variant,-0.355657,functionally_abnormal,G700R,214728912:G,-0.203538,normal,G,R,700,BRCT,2.7346,destabilizing,11.2,buried
214728912,C,T,BARD1_X11,BARD1_X11A;BARD1_X11B,missense_variant,-0.10672,functionally_abnormal,G700S,214728912:T,0.150327,normal,G,S,700,BRCT,2.5967,destabilizing,11.2,buried
214728913,C,A,BARD1_X11,BARD1_X11A;BARD1_X11B,synonymous_variant,0.017008,functionally_normal,G699G,214728913:A,0.116662,normal,G,G,699,BRCT,0.0,normal,32.2,intermediate
214728913,C,G,BARD1_X11,BARD1_X11A;BARD1_X11B,synonymous_variant,0.0411615,functionally_normal,G699G,214728913:G,0.444052,normal,G,G,699,BRCT,0.0,normal,32.2,intermediate
214728913,C,T,BARD1_X11,BARD1_X11A;BARD1_X11B,synonymous_variant,0.0221234,functionally_normal,G699G,214728913:T,0.542908,normal,G,G,699,BRCT,0.0,normal,32.2,intermediate
214728914,C,A,BARD1_X11,BARD1_X11A;BARD1_X11B,missense_variant,-0.236233,functionally_abnormal,G699V,214728914:A,-0.287337,normal,G,V,699,BRCT,1.6842,destabilizing,32.2,intermediate
214728914,C,G,BARD1_X11,BARD1_X11A;BARD1_X11B,missense_variant,0.018885,functionally_normal,G699A,214728914:G,0.430254,normal,G,A,699,BRCT,1.1647,normal,32.2,intermediate
214728914,C,T,BARD1_X11,BARD1_X11A;BARD1_X11B,missense_variant,-0.00669521,functionally_normal,G699E,214728914:T,0.342378,normal,G,E,699,BRCT,1.103,normal,32.2,intermediate
214728915,C,A,BARD1_X11,BARD1_X11A;BARD1_X11B,missense_variant,-0.192808,functionally_abnormal,G699W,214728915:A,-0.440612,normal,G,W,699,BRCT,1.3356,normal,32.2,intermediate
214728915,C,G,BARD1_X11,BARD1_X11A;BARD1_X11B,missense_variant,-0.0383746,functionally_normal,G699R,214728915:G,0.124715,normal,G,R,699,BRCT,1.3068,normal,32.2,intermediate
214728915,C,T,BARD1_X11,BARD1_X11A;BARD1_X11B,missense_variant,-0.0168787,functionally_normal,G699R,214728915:T,0.042245,normal,G,R,699,BRCT,1.3068,normal,32.2,intermediate
214728916,A,C,BARD1_X11,BARD1_X11A;BARD1_X11B,synonymous_variant,0.00674966,functionally_normal,G698G,214728916:C,-0.0218566,normal,G,G,698,BRCT,0.0,normal,1.3,buried
214728916,A,G,BARD1_X11,BARD1_X11A;BARD1_X11B,synonymous_variant,0.00691956,functionally_normal,G698G,214728916:G,0.678752,normal,G,G,698,BRCT,0.0,normal,1.3,buried
214728916,A,T,BARD1_X11,BARD1_X11A;BARD1_X11B,synonymous_variant,0.0381839,functionally_normal,G698G,214728916:T,-0.00926952,normal,G,G,698,BRCT,0.0,normal,1.3,buried
214728917,C,A,BARD1_X11,BARD1_X11A;BARD1_X11B,missense_variant,-0.331659,functionally_abnormal,G698V,214728917:A,-0.302922,normal,G,V,698,BRCT,1.8396,destabilizing,1.3,buried
214728917,C,G,BARD1_X11,BARD1_X11A;BARD1_X11B,missense_variant,0.00773533,functionally_normal,G698A,214728917:G,-0.026955,normal,G,A,698,BRCT,1.2654,normal,1.3,buried
214728917,C,T,BARD1_X11,BARD1_X11A;BARD1_X11B,missense_variant,-0.236408,functionally_abnormal,G698D,214728917:T,-0.77173,low,G,D,698,BRCT,2.9265,destabilizing,1.3,buried
214728918,C,A,BARD1_X11,BARD1_X11A,missense_variant,-0.0148595,functionally_normal,G698C,214728918:A,-0.228702,normal,G,C,698,BRCT,1.2265,normal,1.3,buried
214728918,C,G,BARD1_X11,BARD1_X11A,missense_variant,-0.277642,functionally_abnormal,G698R,214728918:G,-0.965248,low,G,R,698,BRCT,2.378,destabilizing,1.3,buried
214728918,C,T,BARD1_X11,BARD1_X11A,missense_variant,-0.000230135,functionally_normal,G698S,214728918:T,-0.00859458,normal,G,S,698,BRCT,1.8737,destabilizing,1.3,buried
214728919,T,A,BARD1_X11,BARD1_X11A,synonymous_variant,0.0319866,functionally_normal,A697A,214728919:A,1.61179,normal,A,A,697,BRCT,0.0,normal,24.9,intermediate
214728919,T,C,BARD1_X11,BARD1_X11A,synonymous_variant,0.00132273,functionally_normal,A697A,214728919:C,0.469221,normal,A,A,697,BRCT,0.0,normal,24.9,intermediate
214728919,T,G,BARD1_X11,BARD1_X11A,synonymous_variant,0.020211,functionally_normal,A697A,214728919:G,0.258718,normal,A,A,697,BRCT,0.0,normal,24.9,intermediate
214728920,G,A,BARD1_X11,BARD1_X11A,missense_variant,0.018327,functionally_normal,A697V,214728920:A,0.236457,normal,A,V,697,BRCT,0.4006,normal,24.9,intermediate
214728920,G,C,BARD1_X11,BARD1_X11A,missense_variant,0.00572251,functionally_normal,A697G,214728920:C,-0.134446,normal,A,G,697,BRCT,1.4841,normal,24.9,intermediate
214728920,G,T,BARD1_X11,BARD1_X11A,missense_variant,-0.0210737,functionally_normal,A697E,214728920:T,0.192826,normal,A,E,697,BRCT,0.8082,normal,24.9,intermediate
214728921,C,A,BARD1_X11,BARD1_X11A,missense_variant,0.00864233,functionally_normal,A697S,214728921:A,-0.148171,normal,A,S,697,BRCT,0.9107,normal,24.9,intermediate
214728921,C,G,BARD1_X11,BARD1_X11A,missense_variant,-0.360412,functionally_abnormal,A697P,214728921:G,-0.183093,normal,A,P,697,BRCT,2.2376,destabilizing,24.9,intermediate
214728921,C,T,BARD1_X11,BARD1_X11A,missense_variant,0.0219841,functionally_normal,A697T,214728921:T,0.113242,normal,A,T,697,BRCT,1.1019,normal,24.9,intermediate
214728922,A,C,BARD1_X11,BARD1_X11A,synonymous_variant,0.0258837,functionally_normal,T696T,214728922:C,0.179569,normal,T,T,696,BRCT,0.0,normal,56.0,exposed
214728922,A,G,BARD1_X11,BARD1_X11A,synonymous_variant,0.0314747,functionally_normal,T696T,214728922:G,0.31056,normal,T,T,696,BRCT,0.0,normal,56.0,exposed
214728922,A,T,BARD1_X11,BARD1_X11A,synonymous_variant,-0.00522539,functionally_normal,T696T,214728922:T,-0.361195,normal,T,T,696,BRCT,0.0,normal,56.0,exposed
214728923,G,A,BARD1_X11,BARD1_X11A,missense_variant,0.00839705,functionally_normal,T696I,214728923:A,-0.050788,normal,T,I,696,BRCT,-0.227,normal,56.0,exposed
214728923,G,C,BARD1_X11,BARD1_X11A,missense_variant,-0.00378952,functionally_normal,T696S,214728923:C,-0.203726,normal,T,S,696,BRCT,0.289,normal,56.0,exposed
214728924,T,A,BARD1_X11,BARD1_X11A,missense_variant,0.0172613,functionally_normal,T696S,214728924:A,-0.207555,normal,T,S,696,BRCT,0.289,normal,56.0,exposed
214728923,G,T,BARD1_X11,BARD1_X11A,missense_variant,0.0102653,functionally_normal,T696N,214728923:T,-0.320718,normal,T,N,696,BRCT,0.4357,normal,56.0,exposed
214728924,T,C,BARD1_X11,BARD1_X11A,missense_variant,0.00103255,functionally_normal,T696A,214728924:C,-0.256924,normal,T,A,696,BRCT,0.1134,normal,56.0,exposed
214728924,T,G,BARD1_X11,BARD1_X11A,missense_variant,-0.0328803,functionally_normal,T696P,214728924:G,0.0842049,normal,T,P,696,BRCT,2.8797,destabilizing,56.0,exposed
214728925,G,A,BARD1_X11,BARD1_X11A,synonymous_variant,0.0178941,functionally_normal,V695V,214728925:A,-0.347035,normal,V,V,695,BRCT,0.0,normal,0.8,buried
214728925,G,C,BARD1_X11,BARD1_X11A,synonymous_variant,0.0370645,functionally_normal,V695V,214728925:C,0.0889984,normal,V,V,695,BRCT,0.0,normal,0.8,buried
214728925,G,T,BARD1_X11,BARD1_X11A,synonymous_variant,0.00229845,functionally_normal,V695V,214728925:T,-1.27242,low,V,V,695,BRCT,0.0,normal,0.8,buried
214728926,A,C,BARD1_X11,BARD1_X11A,missense_variant,-0.0484226,indeterminate,V695G,214728926:C,0.190851,normal,V,G,695,BRCT,2.9994,destabilizing,0.8,buried
214728926,A,G,BARD1_X11,BARD1_X11A,missense_variant,0.0154038,functionally_normal,V695A,214728926:G,0.113227,normal,V,A,695,BRCT,1.9854,destabilizing,0.8,buried
214728926,A,T,BARD1_X11,BARD1_X11A,missense_variant,-0.0940334,functionally_abnormal,V695D,214728926:T,-0.106071,normal,V,D,695,BRCT,3.4171,destabilizing,0.8,buried
214728927,C,A,BARD1_X11,BARD1_X11A,missense_variant,-0.0120872,functionally_normal,V695F,214728927:A,0.0651553,normal,V,F,695,BRCT,1.4799,normal,0.8,buried
214728927,C,G,BARD1_X11,BARD1_X11A,missense_variant,-0.0019461,functionally_normal,V695L,214728927:G,-0.170265,normal,V,L,695,BRCT,0.4273,normal,0.8,buried
214728927,C,T,BARD1_X11,BARD1_X11A,missense_variant,0.00884296,functionally_normal,V695I,214728927:T,0.186452,normal,V,I,695,BRCT,-0.5405,normal,0.8,buried
214728928,G,A,BARD1_X11,BARD1_X11A,synonymous_variant,0.0218936,functionally_normal,L694L,214728928:A,0.239783,normal,L,L,694,BRCT,0.0,normal,0.0,buried
214728928,G,C,BARD1_X11,BARD1_X11A,synonymous_variant,0.00940037,functionally_normal,L694L,214728928:C,-0.0104204,normal,L,L,694,BRCT,0.0,normal,0.0,buried
214728928,G,T,BARD1_X11,BARD1_X11A,synonymous_variant,0.0211978,functionally_normal,L694L,214728928:T,-0.718879,low,L,L,694,BRCT,0.0,normal,0.0,buried
214728929,A,C,BARD1_X11,BARD1_X11A,missense_variant,-0.237131,functionally_abnormal,L694R,214728929:C,0.301834,normal,L,R,694,BRCT,2.4671,destabilizing,0.0,buried
214728929,A,G,BARD1_X11,BARD1_X11A,missense_variant,-0.248535,functionally_abnormal,L694P,214728929:G,-1.05926,low,L,P,694,BRCT,2.6706,destabilizing,0.0,buried
214728929,A,T,BARD1_X11,BARD1_X11A,missense_variant,-0.308206,functionally_abnormal,L694H,214728929:T,0.382998,normal,L,H,694,BRCT,2.0746,destabilizing,0.0,buried
214728930,G,A,BARD1_X11,BARD1_X11A,missense_variant,-0.00246031,functionally_normal,L694F,214728930:A,0.0491334,normal,L,F,694,BRCT,0.6811,normal,0.0,buried
214728930,G,C,BARD1_X11,BARD1_X11A,missense_variant,0.0257618,functionally_normal,L694V,214728930:C,0.115939,normal,L,V,694,BRCT,1.0139,normal,0.0,buried
214728930,G,T,BARD1_X11,BARD1_X11A,missense_variant,0.00102053,functionally_normal,L694I,214728930:T,-0.102037,normal,L,I,694,BRCT,0.4934,normal,0.0,buried
214728931,C,A,BARD1_X11,BARD1_X11A,missense_variant,0.00696317,functionally_normal,K693N,214728931:A,0.165428,normal,K,N,693,BRCT,0.8508,normal,43.2,intermediate
214728931,C,G,BARD1_X11,BARD1_X11A,missense_variant,-0.00221695,functionally_normal,K693N,214728931:G,-0.226451,normal,K,N,693,BRCT,0.8508,normal,43.2,intermediate
214728931,C,T,BARD1_X11,BARD1_X11A,synonymous_variant,0.0239983,functionally_normal,K693K,214728931:T,0.151692,normal,K,K,693,BRCT,0.0,normal,43.2,intermediate
214728932,T,A,BARD1_X11,BARD1_X11A,missense_variant,0.00723884,functionally_normal,K693M,214728932:A,0.200897,normal,K,M,693,BRCT,0.1483,normal,43.2,intermediate
214728932,T,C,BARD1_X11,BARD1_X11A,missense_variant,0.0075878,functionally_normal,K693R,214728932:C,0.205907,normal,K,R,693,BRCT,-0.1295,normal,43.2,intermediate
214728932,T,G,BARD1_X11,BARD1_X11A,missense_variant,0.0223494,functionally_normal,K693T,214728932:G,0.134919,normal,K,T,693,BRCT,0.7258,normal,43.2,intermediate
214728933,T,C,BARD1_X11,BARD1_X11A,missense_variant,0.00880018,functionally_normal,K693E,214728933:C,0.227126,normal,K,E,693,BRCT,0.9402,normal,43.2,intermediate
214728933,T,G,BARD1_X11,BARD1_X11A,missense_variant,0.01313,functionally_normal,K693Q,214728933:G,0.554264,normal,K,Q,693,BRCT,0.3318,normal,43.2,intermediate
214728934,A,C,BARD1_X11,BARD1_X11A,missense_variant,0.00413385,functionally_normal,I692M,214728934:C,0.0543578,normal,I,M,692,BRCT,0.4701,normal,34.0,intermediate
214728934,A,G,BARD1_X11,BARD1_X11A,synonymous_variant,0.0207657,functionally_normal,I692I,214728934:G,0.0994125,normal,I,I,692,BRCT,0.0,normal,34.0,intermediate
214728934,A,T,BARD1_X11,BARD1_X11A,synonymous_variant,0.00321435,functionally_normal,I692I,214728934:T,-0.190643,normal,I,I,692,BRCT,0.0,normal,34.0,intermediate
214728935,A,C,BARD1_X11,BARD1_X11A,missense_variant,0.00218233,functionally_normal,I692S,214728935:C,0.0828717,normal,I,S,692,BRCT,1.4074,normal,34.0,intermediate
214728935,A,G,BARD1_X11,BARD1_X11A,missense_variant,0.0105721,functionally_normal,I692T,214728935:G,-0.0165593,normal,I,T,692,BRCT,0.9853,normal,34.0,intermediate
214728935,A,T,BARD1_X11,BARD1_X11A,missense_variant,0.00334113,functionally_normal,I692N,214728935:T,-0.00281442,normal,I,N,692,BRCT,1.4575,normal,34.0,intermediate
214728936,T,A,BARD1_X11,BARD1_X11A,missense_variant,-0.0165252,functionally_normal,I692F,214728936:A,0.0820002,normal,I,F,692,BRCT,0.7446,normal,34.0,intermediate
214728936,T,C,BARD1_X11,BARD1_X11A,missense_variant,0.00968723,functionally_normal,I692V,214728936:C,0.141247,normal,I,V,692,BRCT,0.2489,normal,34.0,intermediate
214728936,T,G,BARD1_X11,BARD1_X11A,missense_variant,0.000859207,functionally_normal,I692L,214728936:G,0.255996,normal,I,L,692,BRCT,0.2438,normal,34.0,intermediate
214728937,A,C,BARD1_X11,BARD1_X11A,synonymous_variant,0.0048425,functionally_normal,L691L,214728937:C,-0.268554,normal,L,L,691,BRCT,0.0,normal,2.0,buried
214728937,A,G,BARD1_X11,BARD1_X11A,synonymous_variant,0.0368189,functionally_normal,L691L,214728937:G,-0.00240663,normal,L,L,691,BRCT,0.0,normal,2.0,buried
214728937,A,T,BARD1_X11,BARD1_X11A,synonymous_variant,0.0194137,functionally_normal,L691L,214728937:T,0.330878,normal,L,L,691,BRCT,0.0,normal,2.0,buried
214728938,A,C,BARD1_X11,BARD1_X11A,missense_variant,-0.336537,functionally_abnormal,L691R,214728938:C,-0.133154,normal,L,R,691,BRCT,3.0776,destabilizing,2.0,buried
214728938,A,G,BARD1_X11,BARD1_X11A,missense_variant,-0.172296,functionally_abnormal,L691P,214728938:G,0.239362,normal,L,P,691,BRCT,3.0766,destabilizing,2.0,buried
214728938,A,T,BARD1_X11,BARD1_X11A,missense_variant,-0.0268527,functionally_normal,L691H,214728938:T,0.0111978,normal,L,H,691,BRCT,2.8073,destabilizing,2.0,buried
214728939,G,A,BARD1_X11,BARD1_X11A,missense_variant,0.0147123,functionally_normal,L691F,214728939:A,0.0373773,normal,L,F,691,BRCT,1.2764,normal,2.0,buried
214728939,G,C,BARD1_X11,BARD1_X11A,missense_variant,0.0127143,functionally_normal,L691V,214728939:C,0.0303336,normal,L,V,691,BRCT,1.4167,normal,2.0,buried
214728939,G,T,BARD1_X11,BARD1_X11A,missense_variant,0.00410257,functionally_normal,L691I,214728939:T,-0.189804,normal,L,I,691,BRCT,0.5479,normal,2.0,buried
214728940,G,A,BARD1_X11,BARD1_X11A,synonymous_variant,0.0212854,functionally_normal,N690N,214728940:A,0.187659,normal,N,N,690,BRCT,0.0,normal,17.5,buried
214728940,G,C,BARD1_X11,BARD1_X11A,missense_variant,0.00435902,functionally_normal,N690K,214728940:C,0.164017,normal,N,K,690,BRCT,0.285,normal,17.5,buried
214728940,G,T,BARD1_X11,BARD1_X11A,missense_variant,0.0082517,functionally_normal,N690K,214728940:T,0.185931,normal,N,K,690,BRCT,0.285,normal,17.5,buried
214728941,T,A,BARD1_X11,BARD1_X11A,missense_variant,0.0265572,functionally_normal,N690I,214728941:A,0.264197,normal,N,I,690,BRCT,-0.2393,normal,17.5,buried
214728941,T,C,BARD1_X11,BARD1_X11A,missense_variant,0.00870385,functionally_normal,N690S,214728941:C,-0.115025,normal,N,S,690,BRCT,-0.0028,normal,17.5,buried
214728941,T,G,BARD1_X11,BARD1_X11A,missense_variant,0.0212324,functionally_normal,N690T,214728941:G,-0.0754895,normal,N,T,690,BRCT,-0.1054,normal,17.5,buried
214728942,T,A,BARD1_X11,BARD1_X11A,missense_variant,0.0190018,functionally_normal,N690Y,214728942:A,0.649716,normal,N,Y,690,BRCT,-0.1827,normal,17.5,buried
214728942,T,C,BARD1_X11,BARD1_X11A,missense_variant,0.0239458,functionally_normal,N690D,214728942:C,0.0169228,normal,N,D,690,BRCT,-0.2293,normal,17.5,buried
214728942,T,G,BARD1_X11,BARD1_X11A,missense_variant,-0.00465239,functionally_normal,N690H,214728942:G,-0.00371902,normal,N,H,690,BRCT,-0.0384,normal,17.5,buried
214728943,G,A,BARD1_X11,BARD1_X11A,synonymous_variant,0.0297706,functionally_normal,D689D,214728943:A,-0.12754,normal,D,D,689,BRCT,0.0,normal,49.8,intermediate
214728943,G,C,BARD1_X11,BARD1_X11A,missense_variant,0.00463475,functionally_normal,D689E,214728943:C,-0.191136,normal,D,E,689,BRCT,-0.0742,normal,49.8,intermediate
214728943,G,T,BARD1_X11,BARD1_X11A,missense_variant,0.0157596,functionally_normal,D689E,214728943:T,0.276502,normal,D,E,689,BRCT,-0.0742,normal,49.8,intermediate
214728944,T,A,BARD1_X11,BARD1_X11A,missense_variant,0.0117671,functionally_normal,D689V,214728944:A,0.156521,normal,D,V,689,BRCT,0.1212,normal,49.8,intermediate
214728944,T,C,BARD1_X11,BARD1_X11A,missense_variant,0.0152552,functionally_normal,D689G,214728944:C,0.679517,normal,D,G,689,BRCT,0.5166,normal,49.8,intermediate
214728944,T,G,BARD1_X11,BARD1_X11A,missense_variant,0.0132758,functionally_normal,D689A,214728944:G,0.437578,normal,D,A,689,BRCT,0.1595,normal,49.8,intermediate
214728945,C,A,BARD1_X11,BARD1_X11A,missense_variant,0.00957568,functionally_normal,D689Y,214728945:A,0.0139784,normal,D,Y,689,BRCT,-0.0211,normal,49.8,intermediate
214728945,C,G,BARD1_X11,BARD1_X11A,missense_variant,0.00297885,functionally_normal,D689H,214728945:G,0.400763,normal,D,H,689,BRCT,0.0602,normal,49.8,intermediate
214728945,C,T,BARD1_X11,BARD1_X11A,missense_variant,0.0209937,functionally_normal,D689N,214728945:T,0.310557,normal,D,N,689,BRCT,0.2439,normal,49.8,intermediate
214728946,C,A,BARD1_X11,BARD1_X11A,missense_variant,-0.0204181,functionally_normal,K688N,214728946:A,-0.1161,normal,K,N,688,BRCT,0.6593,normal,40.5,intermediate
214728946,C,G,BARD1_X11,BARD1_X11A,missense_variant,0.00635709,functionally_normal,K688N,214728946:G,0.236108,normal,K,N,688,BRCT,0.6593,normal,40.5,intermediate
214728946,C,T,BARD1_X11,BARD1_X11A,synonymous_variant,0.00376556,functionally_normal,K688K,214728946:T,-0.0836995,normal,K,K,688,BRCT,0.0,normal,40.5,intermediate
214728947,T,A,BARD1_X11,BARD1_X11A,missense_variant,-0.0172807,functionally_normal,K688M,214728947:A,-0.0463077,normal,K,M,688,BRCT,0.4287,normal,40.5,intermediate
214728947,T,C,BARD1_X11,BARD1_X11A,missense_variant,0.0124472,functionally_normal,K688R,214728947:C,0.122616,normal,K,R,688,BRCT,0.0694,normal,40.5,intermediate
214728947,T,G,BARD1_X11,BARD1_X11A,missense_variant,0.00406918,functionally_normal,K688T,214728947:G,0.11628,normal,K,T,688,BRCT,0.486,normal,40.5,intermediate
214728948,T,C,BARD1_X11,BARD1_X11A,missense_variant,-0.0140859,functionally_normal,K688E,214728948:C,-0.0219564,normal,K,E,688,BRCT,0.8698,normal,40.5,intermediate
214728948,T,G,BARD1_X11,BARD1_X11A,missense_variant,0.00523867,functionally_normal,K688Q,214728948:G,0.358129,normal,K,Q,688,BRCT,0.4842,normal,40.5,intermediate
214728949,T,A,BARD1_X11,BARD1_X11A,synonymous_variant,0.0104183,functionally_normal,P687P,214728949:A,-0.0285374,normal,P,P,687,BRCT,0.0,normal,33.8,intermediate
214728949,T,C,BARD1_X11,BARD1_X11A,synonymous_variant,0.0266112,functionally_normal,P687P,214728949:C,-0.0682574,normal,P,P,687,BRCT,0.0,normal,33.8,intermediate
214728949,T,G,BARD1_X11,BARD1_X11A,synonymous_variant,0.0168224,functionally_normal,P687P,214728949:G,0.225507,normal,P,P,687,BRCT,0.0,normal,33.8,intermediate
214728950,G,A,BARD1_X11,BARD1_X11A,missense_variant,0.0158037,functionally_normal,P687L,214728950:A,0.0679792,normal,P,L,687,BRCT,0.3647,normal,33.8,intermediate
214728950,G,C,BARD1_X11,BARD1_X11A,missense_variant,0.0193209,functionally_normal,P687R,214728950:C,-0.075999,normal,P,R,687,BRCT,0.363,normal,33.8,intermediate
214728950,G,T,BARD1_X11,BARD1_X11A,missense_variant,0.0137631,functionally_normal,P687Q,214728950:T,-0.0428537,normal,P,Q,687,BRCT,0.3229,normal,33.8,intermediate
214728951,G,A,BARD1_X11,BARD1_X11A,missense_variant,0.0114251,functionally_normal,P687S,214728951:A,0.121867,normal,P,S,687,BRCT,0.2426,normal,33.8,intermediate
214728951,G,C,BARD1_X11,BARD1_X11A,missense_variant,0.0199106,functionally_normal,P687A,214728951:C,0.088741,normal,P,A,687,BRCT,0.3482,normal,33.8,intermediate
214728951,G,T,BARD1_X11,BARD1_X11A,missense_variant,0.0049322,functionally_normal,P687T,214728951:T,0.124265,normal,P,T,687,BRCT,0.2413,normal,33.8,intermediate
214728952,A,C,BARD1_X11,BARD1_X11A,missense_variant,0.00909358,functionally_normal,H686Q,214728952:C,0.038482,normal,H,Q,686,BRCT,0.7947,normal,20.7,intermediate
214728952,A,T,BARD1_X11,BARD1_X11A,missense_variant,0.0229979,functionally_normal,H686Q,214728952:T,0.00538095,normal,H,Q,686,BRCT,0.7947,normal,20.7,intermediate
214728952,A,G,BARD1_X11,BARD1_X11A,synonymous_variant,0.0288577,functionally_normal,H686H,214728952:G,0.224244,normal,H,H,686,BRCT,0.0,normal,20.7,intermediate
214728953,T,A,BARD1_X11,BARD1_X11A,missense_variant,0.00727543,functionally_normal,H686L,214728953:A,0.220339,normal,H,L,686,BRCT,-0.1452,normal,20.7,intermediate
214728953,T,C,BARD1_X11,BARD1_X11A,missense_variant,0.0189768,functionally_normal,H686R,214728953:C,0.322612,normal,H,R,686,BRCT,0.9238,normal,20.7,intermediate
214728953,T,G,BARD1_X11,BARD1_X11A,missense_variant,0.0132794,functionally_normal,H686P,214728953:G,0.171107,normal,H,P,686,BRCT,0.8176,normal,20.7,intermediate
214728954,G,A,BARD1_X11,BARD1_X11A,missense_variant,0.00790027,functionally_normal,H686Y,214728954:A,-0.187667,normal,H,Y,686,BRCT,-0.5719,normal,20.7,intermediate
214728954,G,C,BARD1_X11,BARD1_X11A,missense_variant,0.00119428,functionally_normal,H686D,214728954:C,0.513551,normal,H,D,686,BRCT,1.2617,normal,20.7,intermediate
214728954,G,T,BARD1_X11,BARD1_X11A,missense_variant,-0.00552443,functionally_normal,H686N,214728954:T,0.0383855,normal,H,N,686,BRCT,0.824,normal,20.7,intermediate
214728955,G,A,BARD1_X11,BARD1_X11A,synonymous_variant,0.0160641,functionally_normal,H685H,214728955:A,0.0863413,normal,H,H,685,BRCT,0.0,normal,67.0,exposed
214728955,G,C,BARD1_X11,BARD1_X11A,missense_variant,0.0382004,functionally_normal,H685Q,214728955:C,0.346354,normal,H,Q,685,BRCT,0.1607,normal,67.0,exposed
214728955,G,T,BARD1_X11,BARD1_X11A,missense_variant,0.0162093,functionally_normal,H685Q,214728955:T,0.313211,normal,H,Q,685,BRCT,0.1607,normal,67.0,exposed
214728956,T,A,BARD1_X11,BARD1_X11A,missense_variant,0.0260549,functionally_normal,H685L,214728956:A,0.127604,normal,H,L,685,BRCT,0.074,normal,67.0,exposed
214728956,T,C,BARD1_X11,BARD1_X11A,missense_variant,0.002511,functionally_normal,H685R,214728956:C,0.236915,normal,H,R,685,BRCT,-0.011,normal,67.0,exposed
214728956,T,G,BARD1_X11,BARD1_X11A,missense_variant,0.0014998,functionally_normal,H685P,214728956:G,0.412149,normal,H,P,685,BRCT,0.5847,normal,67.0,exposed
214728957,G,A,BARD1_X11,BARD1_X11A,missense_variant,0.021248,functionally_normal,H685Y,214728957:A,0.068938,normal,H,Y,685,BRCT,0.1428,normal,67.0,exposed
214728957,G,C,BARD1_X11,BARD1_X11A,missense_variant,0.000133453,functionally_normal,H685D,214728957:C,0.155844,normal,H,D,685,BRCT,0.0885,normal,67.0,exposed
214728957,G,T,BARD1_X11,BARD1_X11A,missense_variant,0.00970658,functionally_normal,H685N,214728957:T,0.211946,normal,H,N,685,BRCT,-0.0309,normal,67.0,exposed
214728958,T,A,BARD1_X11,BARD1_X11A,missense_variant,0.00856602,functionally_normal,K684N,214728958:A,-0.103246,normal,K,N,684,BRCT,0.228,normal,73.7,exposed
214728958,T,G,BARD1_X11,BARD1_X11A,missense_variant,0.0147955,functionally_normal,K684N,214728958:G,0.410661,normal,K,N,684,BRCT,0.228,normal,73.7,exposed
214728958,T,C,BARD1_X11,BARD1_X11A,synonymous_variant,0.0161678,functionally_normal,K684K,214728958:C,0.102526,normal,K,K,684,BRCT,0.0,normal,73.7,exposed
214728959,T,A,BARD1_X11,BARD1_X11A,missense_variant,0.0307913,functionally_normal,K684I,214728959:A,0.233339,normal,K,I,684,BRCT,-0.2013,normal,73.7,exposed
214728959,T,C,BARD1_X11,BARD1_X11A,missense_variant,0.00384022,functionally_normal,K684R,214728959:C,0.242522,normal,K,R,684,BRCT,-0.03,normal,73.7,exposed
214728959,T,G,BARD1_X11,BARD1_X11A,missense_variant,0.00754276,functionally_normal,K684T,214728959:G,0.213,normal,K,T,684,BRCT,-0.4702,normal,73.7,exposed
214728960,T,C,BARD1_X11,BARD1_X11A,missense_variant,0.00958603,functionally_normal,K684E,214728960:C,0.0924939,normal,K,E,684,BRCT,0.5825,normal,73.7,exposed
214728960,T,G,BARD1_X11,BARD1_X11A,missense_variant,0.0270789,functionally_normal,K684Q,214728960:G,0.060714,normal,K,Q,684,BRCT,0.1148,normal,73.7,exposed
214728961,G,A,BARD1_X11,BARD1_X11A,synonymous_variant,0.00825594,functionally_normal,F683F,214728961:A,0.254718,normal,F,F,683,BRCT,0.0,normal,10.7,buried
214728961,G,C,BARD1_X11,BARD1_X11A,missense_variant,-0.0226304,functionally_normal,F683L,214728961:C,0.194247,normal,F,L,683,BRCT,1.3519,normal,10.7,buried
214728961,G,T,BARD1_X11,BARD1_X11A,missense_variant,-0.0142042,functionally_normal,F683L,214728961:T,-0.284445,normal,F,L,683,BRCT,1.3519,normal,10.7,buried
214728963,A,G,BARD1_X11,BARD1_X11A,missense_variant,-0.0185496,functionally_normal,F683L,214728963:G,0.193654,normal,F,L,683,BRCT,1.3519,normal,10.7,buried
214728962,A,C,BARD1_X11,BARD1_X11A,missense_variant,-0.0108488,functionally_normal,F683C,214728962:C,0.296348,normal,F,C,683,BRCT,1.3213,normal,10.7,buried
214728962,A,G,BARD1_X11,BARD1_X11A,missense_variant,-0.0217008,functionally_normal,F683S,214728962:G,0.0538991,normal,F,S,683,BRCT,2.2011,destabilizing,10.7,buried
214728962,A,T,BARD1_X11,BARD1_X11A,missense_variant,0.01833,functionally_normal,F683Y,214728962:T,0.307098,normal,F,Y,683,BRCT,1.2535,normal,10.7,buried
214728963,A,C,BARD1_X11,BARD1_X11A,missense_variant,-0.0783586,functionally_abnormal,F683V,214728963:C,0.0339052,normal,F,V,683,BRCT,1.7033,destabilizing,10.7,buried
214728963,A,T,BARD1_X11,BARD1_X11A,missense_variant,-0.0122666,functionally_normal,F683I,214728963:T,0.326169,normal,F,I,683,BRCT,1.4326,normal,10.7,buried
214728967,T,A,BARD1_X11,BARD1_X11A,synonymous_variant,0.015351,functionally_normal,G681G,214728967:A,0.213807,normal,G,G,681,BRCT,0.0,normal,49.3,intermediate
214728967,T,C,BARD1_X11,BARD1_X11A,synonymous_variant,0.0257637,functionally_normal,G681G,214728967:C,0.188518,normal,G,G,681,BRCT,0.0,normal,49.3,intermediate
214728967,T,G,BARD1_X11,BARD1_X11A,synonymous_variant,0.0187563,functionally_normal,G681G,214728967:G,0.238134,normal,G,G,681,BRCT,0.0,normal,49.3,intermediate
214728968,C,A,BARD1_X11,BARD1_X11A,missense_variant,-0.255312,functionally_abnormal,G681V,214728968:A,-0.42337,normal,G,V,681,BRCT,1.6341,destabilizing,49.3,intermediate
214728968,C,G,BARD1_X11,BARD1_X11A,missense_variant,-0.0126531,functionally_normal,G681A,214728968:G,0.156742,normal,G,A,681,BRCT,1.3339,normal,49.3,intermediate
214728968,C,T,BARD1_X11,BARD1_X11A,missense_variant,0.00398685,functionally_normal,G681E,214728968:T,-0.0173557,normal,G,E,681,BRCT,1.4191,normal,49.3,intermediate
214728969,C,G,BARD1_X11,BARD1_X11A,missense_variant,0.0175684,functionally_normal,G681R,214728969:G,0.0844213,normal,G,R,681,BRCT,1.5539,normal,49.3,intermediate
214728969,C,T,BARD1_X11,BARD1_X11A,missense_variant,0.0137527,functionally_normal,G681R,214728969:T,0.000245113,normal,G,R,681,BRCT,1.5539,normal,49.3,intermediate
214728970,C,A,BARD1_X11,BARD1_X11A,missense_variant,0.0265591,functionally_normal,W680C,214728970:A,-0.289579,normal,W,C,680,BRCT,0.7159,normal,50.8,exposed
214728970,C,G,BARD1_X11,BARD1_X11A,missense_variant,0.0199674,functionally_normal,W680C,214728970:G,0.174464,normal,W,C,680,BRCT,0.7159,normal,50.8,exposed
214728971,C,A,BARD1_X11,BARD1_X11A,missense_variant,0.00334888,functionally_normal,W680L,214728971:A,-0.271706,normal,W,L,680,BRCT,0.945,normal,50.8,exposed
214728971,C,G,BARD1_X11,BARD1_X11A,missense_variant,0.0263576,functionally_normal,W680S,214728971:G,0.035859,normal,W,S,680,BRCT,1.8469,destabilizing,50.8,exposed
214728972,A,C,BARD1_X11,BARD1_X11A,missense_variant,0.0225611,functionally_normal,W680G,214728972:C,0.147631,normal,W,G,680,BRCT,2.2629,destabilizing,50.8,exposed
214728972,A,G,BARD1_X11,BARD1_X11A,missense_variant,0.0293851,functionally_normal,W680R,214728972:G,-0.0925482,normal,W,R,680,BRCT,2.117,destabilizing,50.8,exposed
214728972,A,T,BARD1_X11,BARD1_X11A,missense_variant,0.0106823,functionally_normal,W680R,214728972:T,0.150534,normal,W,R,680,BRCT,2.117,destabilizing,50.8,exposed
214728973,C,A,BARD1_X11,BARD1_X11A,missense_variant,0.00747017,functionally_normal,L679F,214728973:A,0.136323,normal,L,F,679,BRCT,0.0449,normal,8.0,buried
214728973,C,G,BARD1_X11,BARD1_X11A,missense_variant,0.0320876,functionally_normal,L679F,214728973:G,-0.0380062,normal,L,F,679,BRCT,0.0449,normal,8.0,buried
214728973,C,T,BARD1_X11,BARD1_X11A,synonymous_variant,0.0201834,functionally_normal,L679L,214728973:T,-0.203915,normal,L,L,679,BRCT,0.0,normal,8.0,buried
214728975,A,G,BARD1_X11,BARD1_X11A,synonymous_variant,0.00620293,functionally_normal,L679L,214728975:G,-0.0657287,normal,L,L,679,BRCT,0.0,normal,8.0,buried
214728974,A,C,BARD1_X11,BARD1_X11A,missense_variant,0.00960625,functionally_normal,L679W,214728974:C,0.192596,normal,L,W,679,BRCT,1.2267,normal,8.0,buried
214728974,A,G,BARD1_X11,BARD1_X11A,missense_variant,-0.242109,functionally_abnormal,L679S,214728974:G,0.029951,normal,L,S,679,BRCT,2.2273,destabilizing,8.0,buried
214728975,A,C,BARD1_X11,BARD1_X11A,missense_variant,0.000973684,functionally_normal,L679V,214728975:C,-0.120391,normal,L,V,679,BRCT,0.8173,normal,8.0,buried
214728975,A,T,BARD1_X11,BARD1_X11A,missense_variant,0.0286805,functionally_normal,L679M,214728975:T,-0.00129469,normal,L,M,679,BRCT,0.6095,normal,8.0,buried
214728976,A,G,BARD1_X11,BARD1_X11A,synonymous_variant,0.0104092,functionally_normal,Y678Y,214728976:G,-0.0617448,normal,Y,Y,678,BRCT,0.0,normal,18.4,buried
214728977,T,A,BARD1_X11,BARD1_X11A,missense_variant,0.0298109,functionally_normal,Y678F,214728977:A,-0.0675746,normal,Y,F,678,BRCT,0.9635,normal,18.4,buried
214728977,T,C,BARD1_X11,BARD1_X11A,missense_variant,-0.00859356,functionally_normal,Y678C,214728977:C,-0.0772003,normal,Y,C,678,BRCT,2.6623,destabilizing,18.4,buried
214728977,T,G,BARD1_X11,BARD1_X11A,missense_variant,-0.0553453,indeterminate,Y678S,214728977:G,0.0643424,normal,Y,S,678,BRCT,3.6655,destabilizing,18.4,buried
214728978,A,C,BARD1_X11,BARD1_X11A,missense_variant,-0.34274,functionally_abnormal,Y678D,214728978:C,0.167914,normal,Y,D,678,BRCT,3.9401,destabilizing,18.4,buried
214728978,A,G,BARD1_X11,BARD1_X11A,missense_variant,0.0229371,functionally_normal,Y678H,214728978:G,-0.0237358,normal,Y,H,678,BRCT,2.4455,destabilizing,18.4,buried
214728978,A,T,BARD1_X11,BARD1_X11A,missense_variant,-0.0061066,functionally_normal,Y678N,214728978:T,-0.30766,normal,Y,N,678,BRCT,3.6897,destabilizing,18.4,buried
214728979,G,A,BARD1_X11,BARD1_X11A,synonymous_variant,0.0173346,functionally_normal,F677F,214728979:A,-0.0511008,normal,F,F,677,BRCT,0.0,normal,0.0,buried
214728979,G,C,BARD1_X11,BARD1_X11A,missense_variant,-0.0282077,functionally_normal,F677L,214728979:C,-0.064517,normal,F,L,677,BRCT,1.6588,destabilizing,0.0,buried
214728979,G,T,BARD1_X11,BARD1_X11A,missense_variant,-0.0411764,indeterminate,F677L,214728979:T,-0.456109,normal,F,L,677,BRCT,1.6588,destabilizing,0.0,buried
214728981,A,G,BARD1_X11,BARD1_X11A,missense_variant,-0.0461025,indeterminate,F677L,214728981:G,-0.210663,normal,F,L,677,BRCT,1.6588,destabilizing,0.0,buried
214728980,A,C,BARD1_X11,BARD1_X11A,missense_variant,-0.0968029,functionally_abnormal,F677C,214728980:C,-0.0658263,normal,F,C,677,BRCT,1.5168,normal,0.0,buried
214728980,A,G,BARD1_X11,BARD1_X11A,missense_variant,-0.264843,functionally_abnormal,F677S,214728980:G,-0.313897,normal,F,S,677,BRCT,2.5042,destabilizing,0.0,buried
214728980,A,T,BARD1_X11,BARD1_X11A,missense_variant,-0.0105651,functionally_normal,F677Y,214728980:T,0.0551803,normal,F,Y,677,BRCT,1.6079,destabilizing,0.0,buried
214728981,A,C,BARD1_X11,BARD1_X11A,missense_variant,-0.00982791,functionally_normal,F677V,214728981:C,-0.0517753,normal,F,V,677,BRCT,1.7,destabilizing,0.0,buried
214728981,A,T,BARD1_X11,BARD1_X11A,missense_variant,0.00599329,functionally_normal,F677I,214728981:T,-0.0265476,normal,F,I,677,BRCT,1.6582,destabilizing,0.0,buried
214728982,G,A,BARD1_X11,BARD1_X11A,synonymous_variant,0.0208938,functionally_normal,Y676Y,214728982:A,-0.173301,normal,Y,Y,676,BRCT,0.0,normal,18.9,buried
214728983,T,A,BARD1_X11,BARD1_X11A,missense_variant,0.00582775,functionally_normal,Y676F,214728983:A,-0.0868453,normal,Y,F,676,BRCT,0.1275,normal,18.9,buried
214728983,T,C,BARD1_X11,BARD1_X11A,missense_variant,-0.00715431,functionally_normal,Y676C,214728983:C,-0.270529,normal,Y,C,676,BRCT,0.3958,normal,18.9,buried
214728983,T,G,BARD1_X11,BARD1_X11A,missense_variant,-0.0370334,functionally_normal,Y676S,214728983:G,-0.246487,normal,Y,S,676,BRCT,1.2369,normal,18.9,buried
214728984,A,C,BARD1_X11,BARD1_X11A,missense_variant,-0.0809559,functionally_abnormal,Y676D,214728984:C,-0.108473,normal,Y,D,676,BRCT,3.128,destabilizing,18.9,buried
214728984,A,G,BARD1_X11,BARD1_X11A,missense_variant,0.00786982,functionally_normal,Y676H,214728984:G,-0.247522,normal,Y,H,676,BRCT,0.9595,normal,18.9,buried
214728984,A,T,BARD1_X11,BARD1_X11A,missense_variant,-0.0106922,functionally_normal,Y676N,214728984:T,-0.117475,normal,Y,N,676,BRCT,1.9237,destabilizing,18.9,buried
214728985,G,A,BARD1_X11,BARD1_X11A,synonymous_variant,0.0140721,functionally_normal,C675C,214728985:A,0.0543668,normal,C,C,675,BRCT,0.0,normal,2.1,buried
214728985,G,C,BARD1_X11,BARD1_X11A,missense_variant,-0.272496,functionally_abnormal,C675W,214728985:C,1.02101,normal,C,W,675,BRCT,0.9529,normal,2.1,buried
214728986,C,A,BARD1_X11,BARD1_X11A,missense_variant,-0.219721,functionally_abnormal,C675F,214728986:A,-0.283689,normal,C,F,675,BRCT,0.1113,normal,2.1,buried
214728986,C,G,BARD1_X11,BARD1_X11A,missense_variant,-0.0111848,functionally_normal,C675S,214728986:G,-0.222081,normal,C,S,675,BRCT,2.0146,destabilizing,2.1,buried
214728987,A,T,BARD1_X11,BARD1_X11A,missense_variant,0.000190479,functionally_normal,C675S,214728987:T,-0.202098,normal,C,S,675,BRCT,2.0146,destabilizing,2.1,buried
214728986,C,T,BARD1_X11,BARD1_X11A,missense_variant,-0.240768,functionally_abnormal,C675Y,214728986:T,-0.132341,normal,C,Y,675,BRCT,0.3385,normal,2.1,buried
214728987,A,C,BARD1_X11,BARD1_X11A,missense_variant,-0.259745,functionally_abnormal,C675G,214728987:C,0.0286431,normal,C,G,675,BRCT,2.0233,destabilizing,2.1,buried
214728987,A,G,BARD1_X11,BARD1_X11A,missense_variant,-0.272658,functionally_abnormal,C675R,214728987:G,-0.0823458,normal,C,R,675,BRCT,1.8257,destabilizing,2.1,buried
214728988,T,A,BARD1_X11,BARD1_X11A,synonymous_variant,0.013299,functionally_normal,G674G,214728988:A,-0.172727,normal,G,G,674,BRCT,0.0,normal,15.8,buried
214728988,T,C,BARD1_X11,BARD1_X11A,synonymous_variant,0.0232232,functionally_normal,G674G,214728988:C,-0.129717,normal,G,G,674,BRCT,0.0,normal,15.8,buried
214728988,T,G,BARD1_X11,BARD1_X11A,synonymous_variant,0.00933991,functionally_normal,G674G,214728988:G,-0.162316,normal,G,G,674,BRCT,0.0,normal,15.8,buried
214728989,C,A,BARD1_X11,BARD1_X11A,missense_variant,-0.196457,functionally_abnormal,G674V,214728989:A,-0.552892,low,G,V,674,BRCT,2.6263,destabilizing,15.8,buried
214728989,C,G,BARD1_X11,BARD1_X11A,missense_variant,-0.0174548,functionally_normal,G674A,214728989:G,-0.293913,normal,G,A,674,BRCT,2.3506,destabilizing,15.8,buried
214728989,C,T,BARD1_X11,BARD1_X11A,missense_variant,0.00930838,functionally_normal,G674E,214728989:T,-0.0935751,normal,G,E,674,BRCT,2.7785,destabilizing,15.8,buried
214728990,C,G,BARD1_X11,BARD1_X11A,missense_variant,-0.034324,functionally_normal,G674R,214728990:G,-0.395285,normal,G,R,674,BRCT,2.6427,destabilizing,15.8,buried
214728990,C,T,BARD1_X11,BARD1_X11A,missense_variant,-0.051244,indeterminate,G674R,214728990:T,-0.300863,normal,G,R,674,BRCT,2.6427,destabilizing,15.8,buried
214728991,A,C,BARD1_X11,BARD1_X11A,missense_variant,-0.0019573,functionally_normal,D673E,214728991:C,0.0626474,normal,D,E,673,BRCT,0.0389,normal,33.2,intermediate
214728991,A,T,BARD1_X11,BARD1_X11A,missense_variant,-0.0213243,functionally_normal,D673E,214728991:T,-0.187495,normal,D,E,673,BRCT,0.0389,normal,33.2,intermediate
214728991,A,G,BARD1_X11,BARD1_X11A,synonymous_variant,0.0309222,functionally_normal,D673D,214728991:G,-0.0712809,normal,D,D,673,BRCT,0.0,normal,33.2,intermediate
214728992,T,A,BARD1_X11,BARD1_X11A,missense_variant,-0.00324095,functionally_normal,D673V,214728992:A,-0.00116055,normal,D,V,673,BRCT,0.5681,normal,33.2,intermediate
214728992,T,C,BARD1_X11,BARD1_X11A,missense_variant,-0.0506356,indeterminate,D673G,214728992:C,-0.136295,normal,D,G,673,BRCT,0.4516,normal,33.2,intermediate
214728992,T,G,BARD1_X11,BARD1_X11A,missense_variant,-0.0483713,indeterminate,D673A,214728992:G,-0.277986,normal,D,A,673,BRCT,0.0851,normal,33.2,intermediate
214728993,C,A,BARD1_X11,BARD1_X11A,missense_variant,-0.0525308,indeterminate,D673Y,214728993:A,-0.395435,normal,D,Y,673,BRCT,-0.3782,normal,33.2,intermediate
214728993,C,G,BARD1_X11,BARD1_X11A,missense_variant,-0.0091938,functionally_normal,D673H,214728993:G,-0.255729,normal,D,H,673,BRCT,-0.2316,normal,33.2,intermediate
214728993,C,T,BARD1_X11,BARD1_X11A,missense_variant,0.0185002,functionally_normal,D673N,214728993:T,-0.363522,normal,D,N,673,BRCT,0.2648,normal,33.2,intermediate
214728994,A,C,BARD1_X11,BARD1_X11A,missense_variant,0.0122158,functionally_normal,F672L,214728994:C,-0.100722,normal,F,L,672,BRCT,1.7001,destabilizing,0.0,buried
214728994,A,T,BARD1_X11,BARD1_X11A,missense_variant,0.0214938,functionally_normal,F672L,214728994:T,-0.100839,normal,F,L,672,BRCT,1.7001,destabilizing,0.0,buried
214728996,A,G,BARD1_X11,BARD1_X11A,missense_variant,-0.0141174,functionally_normal,F672L,214728996:G,-0.274559,normal,F,L,672,BRCT,1.7001,destabilizing,0.0,buried
214728994,A,G,BARD1_X11,BARD1_X11A,synonymous_variant,0.0285673,functionally_normal,F672F,214728994:G,-0.17794,normal,F,F,672,BRCT,0.0,normal,0.0,buried
214728995,A,C,BARD1_X11,BARD1_X11A,missense_variant,-0.149092,functionally_abnormal,F672C,214728995:C,-0.294251,normal,F,C,672,BRCT,1.6494,destabilizing,0.0,buried
214728995,A,G,BARD1_X11,BARD1_X11A,missense_variant,-0.323468,functionally_abnormal,F672S,214728995:G,0.0392169,normal,F,S,672,BRCT,2.7736,destabilizing,0.0,buried
214728995,A,T,BARD1_X11,BARD1_X11A,missense_variant,0.00706928,functionally_normal,F672Y,214728995:T,-0.155105,normal,F,Y,672,BRCT,2.0069,destabilizing,0.0,buried
214728996,A,C,BARD1_X11,BARD1_X11A,missense_variant,-0.269527,functionally_abnormal,F672V,214728996:C,-0.363818,normal,F,V,672,BRCT,2.3704,destabilizing,0.0,buried
214728996,A,T,BARD1_X11,BARD1_X11A,missense_variant,-0.271167,functionally_abnormal,F672I,214728996:T,-0.233034,normal,F,I,672,BRCT,2.0499,destabilizing,0.0,buried
214728997,C,A,BARD1_X11,BARD1_X11A,synonymous_variant,0.0202734,functionally_normal,L671L,214728997:A,-0.341029,normal,L,L,671,BRCT,0.0,normal,1.2,buried
214728997,C,G,BARD1_X11,BARD1_X11A,synonymous_variant,0.00854242,functionally_normal,L671L,214728997:G,-0.265683,normal,L,L,671,BRCT,0.0,normal,1.2,buried
214728997,C,T,BARD1_X11,BARD1_X11A,synonymous_variant,0.0190339,functionally_normal,L671L,214728997:T,-0.286449,normal,L,L,671,BRCT,0.0,normal,1.2,buried
214728999,G,A,BARD1_X11,BARD1_X11A,synonymous_variant,0.0183268,functionally_normal,L671L,214728999:A,-0.29759,normal,L,L,671,BRCT,0.0,normal,1.2,buried
214728998,A,C,BARD1_X11,BARD1_X11A,missense_variant,-0.384929,functionally_abnormal,L671R,214728998:C,-0.538341,low,L,R,671,BRCT,3.3676,destabilizing,1.2,buried
214728998,A,G,BARD1_X11,BARD1_X11A,missense_variant,-0.340151,functionally_abnormal,L671P,214728998:G,-0.54507,low,L,P,671,BRCT,3.5921,destabilizing,1.2,buried
214728998,A,T,BARD1_X11,BARD1_X11A,missense_variant,-0.31825,functionally_abnormal,L671Q,214728998:T,-0.452088,normal,L,Q,671,BRCT,3.5912,destabilizing,1.2,buried
214728999,G,C,BARD1_X11,BARD1_X11A,missense_variant,-0.0107243,functionally_normal,L671V,214728999:C,-0.398837,normal,L,V,671,BRCT,2.4967,destabilizing,1.2,buried
214728999,G,T,BARD1_X11,BARD1_X11A,missense_variant,-0.0315779,functionally_normal,L671M,214728999:T,-0.497638,low,L,M,671,BRCT,1.4856,normal,1.2,buried
214729000,C,A,BARD1_X11,BARD1_X11A,missense_variant,-0.00983541,functionally_normal,K670N,214729000:A,-0.106323,normal,K,N,670,BRCT,0.791,normal,44.7,intermediate
214729000,C,G,BARD1_X11,BARD1_X11A,missense_variant,0.02542,functionally_normal,K670N,214729000:G,-0.121678,normal,K,N,670,BRCT,0.791,normal,44.7,intermediate
214729000,C,T,BARD1_X11,BARD1_X11A,synonymous_variant,0.017182,functionally_normal,K670K,214729000:T,-0.26676,normal,K,K,670,BRCT,0.0,normal,44.7,intermediate
214729001,T,A,BARD1_X11,BARD1_X11A,missense_variant,0.0247163,functionally_normal,K670M,214729001:A,-0.0469543,normal,K,M,670,BRCT,0.7519,normal,44.7,intermediate
214729001,T,C,BARD1_X11,BARD1_X11A,missense_variant,0.0176503,functionally_normal,K670R,214729001:C,-0.156559,normal,K,R,670,BRCT,0.142,normal,44.7,intermediate
214729001,T,G,BARD1_X11,BARD1_X11A,missense_variant,0.00960716,functionally_normal,K670T,214729001:G,-0.212226,normal,K,T,670,BRCT,0.8462,normal,44.7,intermediate
214729002,T,C,BARD1_X11,BARD1_X11A,missense_variant,0.0108134,functionally_normal,K670E,214729002:C,1.03688,normal,K,E,670,BRCT,1.3651,normal,44.7,intermediate
214729002,T,G,BARD1_X11,BARD1_X11A,missense_variant,0.0119557,functionally_normal,K670Q,214729002:G,-0.579757,low,K,Q,670,BRCT,0.5842,normal,44.7,intermediate
214729003,T,A,BARD1_X11,BARD1_X11A,synonymous_variant,0.0231524,functionally_normal,P669P,214729003:A,-0.298871,normal,P,P,669,BRCT,0.0,normal,30.5,intermediate
214729003,T,C,BARD1_X11,BARD1_X11A,synonymous_variant,0.0180686,functionally_normal,P669P,214729003:C,-0.325487,normal,P,P,669,BRCT,0.0,normal,30.5,intermediate
214729003,T,G,BARD1_X11,BARD1_X11A,synonymous_variant,0.00600731,functionally_normal,P669P,214729003:G,-0.384429,normal,P,P,669,BRCT,0.0,normal,30.5,intermediate
214729004,G,A,BARD1_X11,BARD1_X11A,missense_variant,-0.27798,functionally_abnormal,P669L,214729004:A,-0.422922,normal,P,L,669,BRCT,1.976,destabilizing,30.5,intermediate
214729004,G,C,BARD1_X11,BARD1_X11A,missense_variant,-0.387345,functionally_abnormal,P669R,214729004:C,-0.157814,normal,P,R,669,BRCT,1.9221,destabilizing,30.5,intermediate
214729004,G,T,BARD1_X11,BARD1_X11A,missense_variant,-0.215298,functionally_abnormal,P669Q,214729004:T,-1.21654,low,P,Q,669,BRCT,1.9422,destabilizing,30.5,intermediate
214729005,G,A,BARD1_X11,BARD1_X11A,missense_variant,-0.257636,functionally_abnormal,P669S,214729005:A,-0.316347,normal,P,S,669,BRCT,1.9215,destabilizing,30.5,intermediate
214729005,G,C,BARD1_X11,BARD1_X11A,missense_variant,-0.079492,functionally_abnormal,P669A,214729005:C,-0.479284,normal,P,A,669,BRCT,1.8437,destabilizing,30.5,intermediate
214729005,G,T,BARD1_X11,BARD1_X11A,missense_variant,-0.146785,functionally_abnormal,P669T,214729005:T,0.0353215,normal,P,T,669,BRCT,2.2522,destabilizing,30.5,intermediate
214729006,C,A,BARD1_X11,BARD1_X11A,missense_variant,0.0108721,functionally_normal,L668F,214729006:A,-0.29377,normal,L,F,668,BRCT,1.0176,normal,29.7,intermediate
214729006,C,G,BARD1_X11,BARD1_X11A,missense_variant,0.0269474,functionally_normal,L668F,214729006:G,-0.0678416,normal,L,F,668,BRCT,1.0176,normal,29.7,intermediate
214729006,C,T,BARD1_X11,BARD1_X11A,splicing_variant,0.019475,functionally_normal,L668L,214729006:T,-0.410681,normal,L,L,668,BRCT,0.0,normal,29.7,intermediate
214729008,A,G,BARD1_X11,BARD1_X11A,splicing_variant,0.0153887,functionally_normal,L668L,214729008:G,-0.38961,normal,L,L,668,BRCT,0.0,normal,29.7,intermediate
214729007,A,C,BARD1_X11,BARD1_X11A,missense_variant,0.013214,functionally_normal,L668W,214729007:C,-0.467239,normal,L,W,668,BRCT,1.1781,normal,29.7,intermediate
214729007,A,G,BARD1_X11,BARD1_X11A,missense_variant,0.0107656,functionally_normal,L668S,214729007:G,-0.108447,normal,L,S,668,BRCT,1.4396,normal,29.7,intermediate
214729008,A,C,BARD1_X11,BARD1_X11A,missense_variant,0.00292815,functionally_normal,L668V,214729008:C,-0.436472,normal,L,V,668,BRCT,1.4116,normal,29.7,intermediate
214729008,A,T,BARD1_X11,BARD1_X11A,missense_variant,0.0179195,functionally_normal,L668M,214729008:T,0.103823,normal,L,M,668,BRCT,0.6327,normal,29.7,intermediate
214730411,C,A,BARD1_X10,BARD1_X10B,splicing_variant,-0.186734,functionally_abnormal,L667L,214730411:A,-4.45467,low,L,L,667,BRCT,0.0,normal,75.7,exposed
214730411,C,G,BARD1_X10,BARD1_X10B,splicing_variant,-0.0810138,functionally_abnormal,L667L,214730411:G,-6.19127,low,L,L,667,BRCT,0.0,normal,75.7,exposed
214730411,C,T,BARD1_X10,BARD1_X10B,splicing_variant,-0.170491,functionally_abnormal,L667L,214730411:T,-2.80914,low,L,L,667,BRCT,0.0,normal,75.7,exposed
214730413,G,A,BARD1_X10,BARD1_X10B,splicing_variant,-0.101371,functionally_abnormal,L667L,214730413:A,-1.96144,low,L,L,667,BRCT,0.0,normal,75.7,exposed
214730412,A,C,BARD1_X10,BARD1_X10B,missense_variant,-0.0165794,functionally_normal,L667R,214730412:C,-0.454442,normal,L,R,667,BRCT,-0.1573,normal,75.7,exposed
214730412,A,G,BARD1_X10,BARD1_X10B,missense_variant,-0.181869,functionally_abnormal,L667P,214730412:G,0.0847224,normal,L,P,667,BRCT,1.3157,normal,75.7,exposed
214730412,A,T,BARD1_X10,BARD1_X10B,missense_variant,-0.00972709,functionally_normal,L667Q,214730412:T,-0.0305943,normal,L,Q,667,BRCT,-0.2847,normal,75.7,exposed
214730413,G,C,BARD1_X10,BARD1_X10B,missense_variant,-0.128756,functionally_abnormal,L667V,214730413:C,-6.8411,low,L,V,667,BRCT,0.8632,normal,75.7,exposed
214730413,G,T,BARD1_X10,BARD1_X10B,missense_variant,0.0273622,functionally_normal,L667M,214730413:T,-0.227343,normal,L,M,667,BRCT,-0.2155,normal,75.7,exposed
214730414,C,A,BARD1_X10,BARD1_X10B,missense_variant,0.0109246,functionally_normal,Q666H,214730414:A,-0.231845,normal,Q,H,666,BRCT,0.0535,normal,49.8,intermediate
214730414,C,G,BARD1_X10,BARD1_X10B,missense_variant,-0.00963805,functionally_normal,Q666H,214730414:G,-0.498676,low,Q,H,666,BRCT,0.0535,normal,49.8,intermediate
214730414,C,T,BARD1_X10,BARD1_X10B,synonymous_variant,-0.0115372,functionally_normal,Q666Q,214730414:T,-0.269313,normal,Q,Q,666,BRCT,0.0,normal,49.8,intermediate
214730415,T,A,BARD1_X10,BARD1_X10B,missense_variant,-0.00318126,functionally_normal,Q666L,214730415:A,-0.416596,normal,Q,L,666,BRCT,-0.4021,normal,49.8,intermediate
214730415,T,C,BARD1_X10,BARD1_X10B,missense_variant,-0.0728322,functionally_abnormal,Q666R,214730415:C,-0.813873,low,Q,R,666,BRCT,0.0977,normal,49.8,intermediate
214730415,T,G,BARD1_X10,BARD1_X10B,missense_variant,-0.0744797,functionally_abnormal,Q666P,214730415:G,-0.253421,normal,Q,P,666,BRCT,2.0026,destabilizing,49.8,intermediate
214730416,G,C,BARD1_X10,BARD1_X10B,missense_variant,-0.0263076,functionally_normal,Q666E,214730416:C,-0.3515,normal,Q,E,666,BRCT,0.5651,normal,49.8,intermediate
214730416,G,T,BARD1_X10,BARD1_X10B,missense_variant,0.00665372,functionally_normal,Q666K,214730416:T,-0.669338,low,Q,K,666,BRCT,0.0407,normal,49.8,intermediate
214730417,T,A,BARD1_X10,BARD1_X10B,missense_variant,-0.0104801,functionally_normal,E665D,214730417:A,-0.422497,normal,E,D,665,BRCT,0.3861,normal,50.2,exposed
214730417,T,G,BARD1_X10,BARD1_X10B,missense_variant,-0.0298402,functionally_normal,E665D,214730417:G,-0.191835,normal,E,D,665,BRCT,0.3861,normal,50.2,exposed
214730417,T,C,BARD1_X10,BARD1_X10B,synonymous_variant,0.0133665,functionally_normal,E665E,214730417:C,-0.0063454,normal,E,E,665,BRCT,0.0,normal,50.2,exposed
214730418,T,A,BARD1_X10,BARD1_X10B,missense_variant,0.0100541,functionally_normal,E665V,214730418:A,-0.352382,normal,E,V,665,BRCT,0.4912,normal,50.2,exposed
214730418,T,C,BARD1_X10,BARD1_X10B,missense_variant,-0.0169384,functionally_normal,E665G,214730418:C,-0.153594,normal,E,G,665,BRCT,0.841,normal,50.2,exposed
214730418,T,G,BARD1_X10,BARD1_X10B,missense_variant,0.0266537,functionally_normal,E665A,214730418:G,-0.309285,normal,E,A,665,BRCT,0.2042,normal,50.2,exposed
214730419,C,G,BARD1_X10,BARD1_X10B,missense_variant,0.0135374,functionally_normal,E665Q,214730419:G,-0.399751,normal,E,Q,665,BRCT,0.234,normal,50.2,exposed
214730419,C,T,BARD1_X10,BARD1_X10B,missense_variant,-0.0111255,functionally_normal,E665K,214730419:T,-0.286486,normal,E,K,665,BRCT,0.3381,normal,50.2,exposed
214730420,T,A,BARD1_X10,BARD1_X10B,missense_variant,0.0253324,functionally_normal,R664S,214730420:A,0.0293773,normal,R,S,664,BRCT,1.3472,normal,51.5,exposed
214730420,T,G,BARD1_X10,BARD1_X10B,missense_variant,-0.0101716,functionally_normal,R664S,214730420:G,-0.149972,normal,R,S,664,BRCT,1.3472,normal,51.5,exposed
214730420,T,C,BARD1_X10,BARD1_X10B,synonymous_variant,0.0295901,functionally_normal,R664R,214730420:C,-0.484604,normal,R,R,664,BRCT,0.0,normal,51.5,exposed
214730422,T,G,BARD1_X10,BARD1_X10B,synonymous_variant,0.0286831,functionally_normal,R664R,214730422:G,-0.0579867,normal,R,R,664,BRCT,0.0,normal,51.5,exposed
214730421,C,A,BARD1_X10,BARD1_X10B,missense_variant,-0.000576286,functionally_normal,R664I,214730421:A,0.406329,normal,R,I,664,BRCT,0.7587,normal,51.5,exposed
214730421,C,G,BARD1_X10,BARD1_X10B,missense_variant,0.0392722,functionally_normal,R664T,214730421:G,0.333317,normal,R,T,664,BRCT,1.3064,normal,51.5,exposed
214730421,C,T,BARD1_X10,BARD1_X10B,missense_variant,0.0354651,functionally_normal,R664K,214730421:T,-0.282623,normal,R,K,664,BRCT,0.3719,normal,51.5,exposed
214730422,T,C,BARD1_X10,BARD1_X10B,missense_variant,0.005248,functionally_normal,R664G,214730422:C,0.142966,normal,R,G,664,BRCT,1.8911,destabilizing,51.5,exposed
214730423,G,A,BARD1_X10,BARD1_X10B,synonymous_variant,-0.00170221,functionally_normal,N663N,214730423:A,-0.471986,normal,N,N,663,BRCT,0.0,normal,7.9,buried
214730423,G,C,BARD1_X10,BARD1_X10B,missense_variant,-0.0143352,functionally_normal,N663K,214730423:C,-0.332857,normal,N,K,663,BRCT,1.0674,normal,7.9,buried
214730423,G,T,BARD1_X10,BARD1_X10B,missense_variant,-0.00613648,functionally_normal,N663K,214730423:T,-0.269722,normal,N,K,663,BRCT,1.0674,normal,7.9,buried
214730424,T,A,BARD1_X10,BARD1_X10B,missense_variant,0.00583385,functionally_normal,N663I,214730424:A,-0.127418,normal,N,I,663,BRCT,1.4155,normal,7.9,buried
214730424,T,C,BARD1_X10,BARD1_X10B,missense_variant,-0.00898071,functionally_normal,N663S,214730424:C,-0.363904,normal,N,S,663,BRCT,0.531,normal,7.9,buried
214730424,T,G,BARD1_X10,BARD1_X10B,missense_variant,-0.0199688,functionally_normal,N663T,214730424:G,-0.342566,normal,N,T,663,BRCT,1.0382,normal,7.9,buried
214730425,T,A,BARD1_X10,BARD1_X10B,missense_variant,-0.0125206,functionally_normal,N663Y,214730425:A,-0.217481,normal,N,Y,663,BRCT,1.1793,normal,7.9,buried
214730425,T,C,BARD1_X10,BARD1_X10B,missense_variant,-0.0533309,indeterminate,N663D,214730425:C,-0.264066,normal,N,D,663,BRCT,0.9467,normal,7.9,buried
214730425,T,G,BARD1_X10,BARD1_X10B,missense_variant,-0.0365767,functionally_normal,N663H,214730425:G,-0.222102,normal,N,H,663,BRCT,0.6942,normal,7.9,buried
214730426,G,A,BARD1_X10,BARD1_X10B,synonymous_variant,0.0100718,functionally_normal,L662L,214730426:A,-0.0973612,normal,L,L,662,BRCT,0.0,normal,25.5,intermediate
214730426,G,C,BARD1_X10,BARD1_X10B,synonymous_variant,-0.0248946,functionally_normal,L662L,214730426:C,-0.263746,normal,L,L,662,BRCT,0.0,normal,25.5,intermediate
214730426,G,T,BARD1_X10,BARD1_X10B,synonymous_variant,-0.0170192,functionally_normal,L662L,214730426:T,-0.368931,normal,L,L,662,BRCT,0.0,normal,25.5,intermediate
214730427,A,C,BARD1_X10,BARD1_X10B,missense_variant,-0.0211019,functionally_normal,L662R,214730427:C,-0.570951,low,L,R,662,BRCT,-0.0822,normal,25.5,intermediate
214730427,A,G,BARD1_X10,BARD1_X10B,missense_variant,-0.18989,functionally_abnormal,L662P,214730427:G,0.511961,normal,L,P,662,BRCT,2.5208,destabilizing,25.5,intermediate
214730427,A,T,BARD1_X10,BARD1_X10B,missense_variant,-0.05058,indeterminate,L662H,214730427:T,-0.0295674,normal,L,H,662,BRCT,0.591,normal,25.5,intermediate
214730428,G,A,BARD1_X10,BARD1_X10A;BARD1_X10B,missense_variant,0.0215142,functionally_normal,L662F,214730428:A,0.032344,normal,L,F,662,BRCT,0.6106,normal,25.5,intermediate
214730428,G,C,BARD1_X10,BARD1_X10A;BARD1_X10B,missense_variant,-0.0205778,functionally_normal,L662V,214730428:C,0.0125983,normal,L,V,662,BRCT,0.4355,normal,25.5,intermediate
214730428,G,T,BARD1_X10,BARD1_X10A;BARD1_X10B,missense_variant,-0.0148526,functionally_normal,L662I,214730428:T,-0.100077,normal,L,I,662,BRCT,0.1012,normal,25.5,intermediate
214730432,G,A,BARD1_X10,BARD1_X10A;BARD1_X10B,synonymous_variant,0.0291106,functionally_normal,S660S,214730432:A,0.558451,normal,S,S,660,BRCT,0.0,normal,2.3,buried
214730432,G,C,BARD1_X10,BARD1_X10A;BARD1_X10B,missense_variant,-0.162206,functionally_abnormal,S660R,214730432:C,-0.192794,normal,S,R,660,BRCT,0.7578,normal,2.3,buried
214730432,G,T,BARD1_X10,BARD1_X10A;BARD1_X10B,missense_variant,-0.222153,functionally_abnormal,S660R,214730432:T,-0.334978,normal,S,R,660,BRCT,0.7578,normal,2.3,buried
214730434,T,G,BARD1_X10,BARD1_X10A;BARD1_X10B,missense_variant,-0.229873,functionally_abnormal,S660R,214730434:G,-0.41269,normal,S,R,660,BRCT,0.7578,normal,2.3,buried
214730433,C,A,BARD1_X10,BARD1_X10A;BARD1_X10B,missense_variant,-0.24359,functionally_abnormal,S660I,214730433:A,0.200231,normal,S,I,660,BRCT,1.1668,normal,2.3,buried
214730433,C,G,BARD1_X10,BARD1_X10A;BARD1_X10B,missense_variant,-0.127473,functionally_abnormal,S660T,214730433:G,0.0750515,normal,S,T,660,BRCT,1.003,normal,2.3,buried
214730433,C,T,BARD1_X10,BARD1_X10A;BARD1_X10B,missense_variant,-0.116186,functionally_abnormal,S660N,214730433:T,0.161862,normal,S,N,660,BRCT,1.319,normal,2.3,buried
214730434,T,A,BARD1_X10,BARD1_X10A;BARD1_X10B,missense_variant,0.000855706,functionally_normal,S660C,214730434:A,0.347807,normal,S,C,660,BRCT,0.0862,normal,2.3,buried
214730434,T,C,BARD1_X10,BARD1_X10A;BARD1_X10B,missense_variant,0.00511018,functionally_normal,S660G,214730434:C,0.285722,normal,S,G,660,BRCT,0.6044,normal,2.3,buried
214730435,T,A,BARD1_X10,BARD1_X10A;BARD1_X10B,missense_variant,-0.00887549,functionally_normal,R659S,214730435:A,0.099982,normal,R,S,659,BRCT,1.6121,destabilizing,41.3,intermediate
214730435,T,G,BARD1_X10,BARD1_X10A;BARD1_X10B,missense_variant,-0.0113483,functionally_normal,R659S,214730435:G,0.24196,normal,R,S,659,BRCT,1.6121,destabilizing,41.3,intermediate
214730435,T,C,BARD1_X10,BARD1_X10A;BARD1_X10B,synonymous_variant,0.0117645,functionally_normal,R659R,214730435:C,0.225173,normal,R,R,659,BRCT,0.0,normal,41.3,intermediate
214730437,T,G,BARD1_X10,BARD1_X10A;BARD1_X10B,synonymous_variant,0.0239796,functionally_normal,R659R,214730437:G,0.283833,normal,R,R,659,BRCT,0.0,normal,41.3,intermediate
214730436,C,A,BARD1_X10,BARD1_X10A;BARD1_X10B,missense_variant,-0.0182186,functionally_normal,R659I,214730436:A,0.259365,normal,R,I,659,BRCT,0.7091,normal,41.3,intermediate
214730436,C,G,BARD1_X10,BARD1_X10A;BARD1_X10B,missense_variant,0.00206778,functionally_normal,R659T,214730436:G,0.180527,normal,R,T,659,BRCT,1.4786,normal,41.3,intermediate
214730436,C,T,BARD1_X10,BARD1_X10A;BARD1_X10B,missense_variant,0.0107457,functionally_normal,R659K,214730436:T,0.387045,normal,R,K,659,BRCT,0.4078,normal,41.3,intermediate
214730437,T,C,BARD1_X10,BARD1_X10A;BARD1_X10B,missense_variant,-0.0102079,functionally_normal,R659G,214730437:C,0.228403,normal,R,G,659,BRCT,2.2955,destabilizing,41.3,intermediate
214730438,G,A,BARD1_X10,BARD1_X10A;BARD1_X10B,synonymous_variant,-0.0077067,functionally_normal,R658R,214730438:A,0.187861,normal,R,R,658,BRCT,0.0,normal,44.0,intermediate
214730438,G,C,BARD1_X10,BARD1_X10A;BARD1_X10B,synonymous_variant,-0.00722393,functionally_normal,R658R,214730438:C,0.181811,normal,R,R,658,BRCT,0.0,normal,44.0,intermediate
214730438,G,T,BARD1_X10,BARD1_X10A;BARD1_X10B,synonymous_variant,-0.000110532,functionally_normal,R658R,214730438:T,0.198276,normal,R,R,658,BRCT,0.0,normal,44.0,intermediate
214730439,C,A,BARD1_X10,BARD1_X10A;BARD1_X10B,missense_variant,-0.0185329,functionally_normal,R658L,214730439:A,0.479311,normal,R,L,658,BRCT,0.7879,normal,44.0,intermediate
214730439,C,G,BARD1_X10,BARD1_X10A;BARD1_X10B,missense_variant,0.0105328,functionally_normal,R658P,214730439:G,0.504499,normal,R,P,658,BRCT,2.4126,destabilizing,44.0,intermediate
214730439,C,T,BARD1_X10,BARD1_X10A;BARD1_X10B,missense_variant,0.0245966,functionally_normal,R658H,214730439:T,0.382111,normal,R,H,658,BRCT,1.2937,normal,44.0,intermediate
214730440,G,A,BARD1_X10,BARD1_X10A;BARD1_X10B,missense_variant,0.0181029,functionally_normal,R658C,214730440:A,0.243591,normal,R,C,658,BRCT,1.1465,normal,44.0,intermediate
214730440,G,C,BARD1_X10,BARD1_X10A;BARD1_X10B,missense_variant,0.00856251,functionally_normal,R658G,214730440:C,0.286483,normal,R,G,658,BRCT,2.0093,destabilizing,44.0,intermediate
214730440,G,T,BARD1_X10,BARD1_X10A;BARD1_X10B,missense_variant,-0.00618599,functionally_normal,R658S,214730440:T,0.149663,normal,R,S,658,BRCT,1.5287,normal,44.0,intermediate
214730441,T,A,BARD1_X10,BARD1_X10A;BARD1_X10B,synonymous_variant,0.0141992,functionally_normal,P657P,214730441:A,0.442712,normal,P,P,657,BRCT,0.0,normal,0.0,buried
214730441,T,C,BARD1_X10,BARD1_X10A;BARD1_X10B,synonymous_variant,0.00591317,functionally_normal,P657P,214730441:C,0.272329,normal,P,P,657,BRCT,0.0,normal,0.0,buried
214730441,T,G,BARD1_X10,BARD1_X10A;BARD1_X10B,synonymous_variant,0.0374215,functionally_normal,P657P,214730441:G,0.600031,normal,P,P,657,BRCT,0.0,normal,0.0,buried
214730442,G,A,BARD1_X10,BARD1_X10A;BARD1_X10B,missense_variant,-0.242977,functionally_abnormal,P657L,214730442:A,0.565421,normal,P,L,657,BRCT,1.0037,normal,0.0,buried
214730442,G,C,BARD1_X10,BARD1_X10A;BARD1_X10B,missense_variant,-0.260421,functionally_abnormal,P657R,214730442:C,0.176754,normal,P,R,657,BRCT,1.285,normal,0.0,buried
214730442,G,T,BARD1_X10,BARD1_X10A;BARD1_X10B,missense_variant,-0.0771369,functionally_abnormal,P657Q,214730442:T,0.155778,normal,P,Q,657,BRCT,1.3185,normal,0.0,buried
214730443,G,A,BARD1_X10,BARD1_X10A;BARD1_X10B,missense_variant,-0.0135509,functionally_normal,P657S,214730443:A,0.106741,normal,P,S,657,BRCT,0.9619,normal,0.0,buried
214730443,G,C,BARD1_X10,BARD1_X10A;BARD1_X10B,missense_variant,-0.0125362,functionally_normal,P657A,214730443:C,0.358605,normal,P,A,657,BRCT,0.3505,normal,0.0,buried
214730443,G,T,BARD1_X10,BARD1_X10A;BARD1_X10B,missense_variant,-0.0417147,indeterminate,P657T,214730443:T,0.168502,normal,P,T,657,BRCT,1.0145,normal,0.0,buried
214730444,A,C,BARD1_X10,BARD1_X10A;BARD1_X10B,synonymous_variant,-0.00948477,functionally_normal,G656G,214730444:C,0.304861,normal,G,G,656,BRCT,0.0,normal,0.0,buried
214730444,A,G,BARD1_X10,BARD1_X10A;BARD1_X10B,synonymous_variant,0.0241877,functionally_normal,G656G,214730444:G,0.452079,normal,G,G,656,BRCT,0.0,normal,0.0,buried
214730444,A,T,BARD1_X10,BARD1_X10A;BARD1_X10B,synonymous_variant,0.00371393,functionally_normal,G656G,214730444:T,0.202707,normal,G,G,656,BRCT,0.0,normal,0.0,buried
214730445,C,A,BARD1_X10,BARD1_X10A;BARD1_X10B,missense_variant,0.00568089,functionally_normal,G656V,214730445:A,0.378192,normal,G,V,656,BRCT,1.1297,normal,0.0,buried
214730445,C,G,BARD1_X10,BARD1_X10A;BARD1_X10B,missense_variant,-0.00727143,functionally_normal,G656A,214730445:G,0.18787,normal,G,A,656,BRCT,1.2716,normal,0.0,buried
214730445,C,T,BARD1_X10,BARD1_X10A;BARD1_X10B,missense_variant,-0.143427,functionally_abnormal,G656D,214730445:T,0.364762,normal,G,D,656,BRCT,1.7803,destabilizing,0.0,buried
214730446,C,A,BARD1_X10,BARD1_X10A;BARD1_X10B,missense_variant,-0.00819996,functionally_normal,G656C,214730446:A,0.117685,normal,G,C,656,BRCT,0.9917,normal,0.0,buried
214730446,C,G,BARD1_X10,BARD1_X10A;BARD1_X10B,missense_variant,-0.0317712,functionally_normal,G656R,214730446:G,0.440674,normal,G,R,656,BRCT,1.5707,normal,0.0,buried
214730446,C,T,BARD1_X10,BARD1_X10A;BARD1_X10B,missense_variant,0.0433597,functionally_normal,G656S,214730446:T,0.450608,normal,G,S,656,BRCT,1.3561,normal,0.0,buried
214730447,T,A,BARD1_X10,BARD1_X10A;BARD1_X10B,missense_variant,-0.000542235,functionally_normal,E655D,214730447:A,0.321218,normal,E,D,655,BRCT,-0.1029,normal,64.4,exposed
214730447,T,G,BARD1_X10,BARD1_X10A;BARD1_X10B,missense_variant,0.00476694,functionally_normal,E655D,214730447:G,0.227924,normal,E,D,655,BRCT,-0.1029,normal,64.4,exposed
214730447,T,C,BARD1_X10,BARD1_X10A;BARD1_X10B,synonymous_variant,-0.0027803,functionally_normal,E655E,214730447:C,0.00626913,normal,E,E,655,BRCT,0.0,normal,64.4,exposed
214730448,T,A,BARD1_X10,BARD1_X10A;BARD1_X10B,missense_variant,0.0193463,functionally_normal,E655V,214730448:A,0.0634062,normal,E,V,655,BRCT,0.5149,normal,64.4,exposed
214730448,T,C,BARD1_X10,BARD1_X10A;BARD1_X10B,missense_variant,0.00887407,functionally_normal,E655G,214730448:C,0.317305,normal,E,G,655,BRCT,-0.1486,normal,64.4,exposed
214730448,T,G,BARD1_X10,BARD1_X10A;BARD1_X10B,missense_variant,0.0242562,functionally_normal,E655A,214730448:G,0.283012,normal,E,A,655,BRCT,0.2535,normal,64.4,exposed
214730449,C,G,BARD1_X10,BARD1_X10A;BARD1_X10B,missense_variant,-0.00458039,functionally_normal,E655Q,214730449:G,0.188399,normal,E,Q,655,BRCT,0.2449,normal,64.4,exposed
214730449,C,T,BARD1_X10,BARD1_X10A;BARD1_X10B,missense_variant,0.0094887,functionally_normal,E655K,214730449:T,0.208926,normal,E,K,655,BRCT,0.297,normal,64.4,exposed
214730450,A,C,BARD1_X10,BARD1_X10A;BARD1_X10B,synonymous_variant,-0.00314359,functionally_normal,P654P,214730450:C,0.132584,normal,P,P,654,BRCT,0.0,normal,53.7,exposed
214730450,A,G,BARD1_X10,BARD1_X10A;BARD1_X10B,synonymous_variant,-0.00742941,functionally_normal,P654P,214730450:G,0.375906,normal,P,P,654,BRCT,0.0,normal,53.7,exposed
214730450,A,T,BARD1_X10,BARD1_X10A;BARD1_X10B,synonymous_variant,0.00812434,functionally_normal,P654P,214730450:T,0.226137,normal,P,P,654,BRCT,0.0,normal,53.7,exposed
214730451,G,A,BARD1_X10,BARD1_X10A;BARD1_X10B,missense_variant,0.0320459,functionally_normal,P654L,214730451:A,0.289827,normal,P,L,654,BRCT,0.6726,normal,53.7,exposed
214730451,G,C,BARD1_X10,BARD1_X10A;BARD1_X10B,missense_variant,0.0035587,functionally_normal,P654R,214730451:C,0.403978,normal,P,R,654,BRCT,0.8224,normal,53.7,exposed
214730451,G,T,BARD1_X10,BARD1_X10A;BARD1_X10B,missense_variant,0.0116929,functionally_normal,P654H,214730451:T,0.0139521,normal,P,H,654,BRCT,0.6924,normal,53.7,exposed
214730452,G,A,BARD1_X10,BARD1_X10A;BARD1_X10B,missense_variant,-0.00643409,functionally_normal,P654S,214730452:A,0.255025,normal,P,S,654,BRCT,0.6308,normal,53.7,exposed
214730452,G,C,BARD1_X10,BARD1_X10A;BARD1_X10B,missense_variant,0.0264283,functionally_normal,P654A,214730452:C,0.220519,normal,P,A,654,BRCT,0.5142,normal,53.7,exposed
214730452,G,T,BARD1_X10,BARD1_X10A;BARD1_X10B,missense_variant,-0.0157789,functionally_normal,P654T,214730452:T,-0.0903766,normal,P,T,654,BRCT,0.7526,normal,53.7,exposed
214730459,A,G,BARD1_X10,BARD1_X10A;BARD1_X10B,synonymous_variant,0.0281371,functionally_normal,Y651Y,214730459:G,0.500003,normal,Y,Y,651,BRCT,0.0,normal,11.7,buried
214730460,T,A,BARD1_X10,BARD1_X10A;BARD1_X10B,missense_variant,0.014112,functionally_normal,Y651F,214730460:A,0.0785456,normal,Y,F,651,BRCT,0.5887,normal,11.7,buried
214730460,T,C,BARD1_X10,BARD1_X10A;BARD1_X10B,missense_variant,-0.2464,functionally_abnormal,Y651C,214730460:C,0.417727,normal,Y,C,651,BRCT,2.1389,destabilizing,11.7,buried
214730460,T,G,BARD1_X10,BARD1_X10A;BARD1_X10B,missense_variant,-0.276654,functionally_abnormal,Y651S,214730460:G,-0.169312,normal,Y,S,651,BRCT,2.9057,destabilizing,11.7,buried
214730461,A,C,BARD1_X10,BARD1_X10A;BARD1_X10B,missense_variant,-0.290758,functionally_abnormal,Y651D,214730461:C,-0.196276,normal,Y,D,651,BRCT,2.7616,destabilizing,11.7,buried
214730461,A,G,BARD1_X10,BARD1_X10A;BARD1_X10B,missense_variant,-0.0152311,functionally_normal,Y651H,214730461:G,0.372422,normal,Y,H,651,BRCT,1.5054,normal,11.7,buried
214730461,A,T,BARD1_X10,BARD1_X10A;BARD1_X10B,missense_variant,-0.193709,functionally_abnormal,Y651N,214730461:T,-0.433751,normal,Y,N,651,BRCT,2.4411,destabilizing,11.7,buried
214730462,C,A,BARD1_X10,BARD1_X10A;BARD1_X10B,missense_variant,0.0131884,functionally_normal,K650N,214730462:A,0.325399,normal,K,N,650,BRCT,-0.1064,normal,64.4,exposed
214730462,C,G,BARD1_X10,BARD1_X10A;BARD1_X10B,missense_variant,-0.00289292,functionally_normal,K650N,214730462:G,0.107262,normal,K,N,650,BRCT,-0.1064,normal,64.4,exposed
214730462,C,T,BARD1_X10,BARD1_X10A;BARD1_X10B,synonymous_variant,0.0269889,functionally_normal,K650K,214730462:T,0.252863,normal,K,K,650,BRCT,0.0,normal,64.4,exposed
214730463,T,A,BARD1_X10,BARD1_X10A;BARD1_X10B,missense_variant,0.013852,functionally_normal,K650M,214730463:A,0.00748516,normal,K,M,650,BRCT,0.1847,normal,64.4,exposed
214730463,T,C,BARD1_X10,BARD1_X10A;BARD1_X10B,missense_variant,0.0217743,functionally_normal,K650R,214730463:C,0.239339,normal,K,R,650,BRCT,0.0753,normal,64.4,exposed
214730463,T,G,BARD1_X10,BARD1_X10A;BARD1_X10B,missense_variant,-0.010702,functionally_normal,K650T,214730463:G,0.050368,normal,K,T,650,BRCT,0.4037,normal,64.4,exposed
214730464,T,C,BARD1_X10,BARD1_X10A;BARD1_X10B,missense_variant,-0.0066013,functionally_normal,K650E,214730464:C,0.175354,normal,K,E,650,BRCT,-0.0762,normal,64.4,exposed
214730464,T,G,BARD1_X10,BARD1_X10A;BARD1_X10B,missense_variant,0.00899172,functionally_normal,K650Q,214730464:G,0.313923,normal,K,Q,650,BRCT,0.026,normal,64.4,exposed
214730465,T,A,BARD1_X10,BARD1_X10A;BARD1_X10B,missense_variant,0.0192256,functionally_normal,E649D,214730465:A,0.494802,normal,E,D,649,BRCT,0.6708,normal,39.3,intermediate
214730465,T,G,BARD1_X10,BARD1_X10A;BARD1_X10B,missense_variant,0.0240438,functionally_normal,E649D,214730465:G,0.161415,normal,E,D,649,BRCT,0.6708,normal,39.3,intermediate
214730465,T,C,BARD1_X10,BARD1_X10A;BARD1_X10B,synonymous_variant,-0.0151331,functionally_normal,E649E,214730465:C,0.371996,normal,E,E,649,BRCT,0.0,normal,39.3,intermediate
214730466,T,A,BARD1_X10,BARD1_X10A;BARD1_X10B,missense_variant,-0.00170831,functionally_normal,E649V,214730466:A,-0.102964,normal,E,V,649,BRCT,0.6027,normal,39.3,intermediate
214730466,T,C,BARD1_X10,BARD1_X10A;BARD1_X10B,missense_variant,0.0116477,functionally_normal,E649G,214730466:C,0.524288,normal,E,G,649,BRCT,0.7723,normal,39.3,intermediate
214730466,T,G,BARD1_X10,BARD1_X10A;BARD1_X10B,missense_variant,0.0143764,functionally_normal,E649A,214730466:G,0.257372,normal,E,A,649,BRCT,0.3403,normal,39.3,intermediate
214730467,C,G,BARD1_X10,BARD1_X10A;BARD1_X10B,missense_variant,-0.00402457,functionally_normal,E649Q,214730467:G,0.173952,normal,E,Q,649,BRCT,0.2812,normal,39.3,intermediate
214730467,C,T,BARD1_X10,BARD1_X10A;BARD1_X10B,missense_variant,-0.0208466,functionally_normal,E649K,214730467:T,0.128115,normal,E,K,649,BRCT,0.4957,normal,39.3,intermediate
214730468,T,A,BARD1_X10,BARD1_X10A;BARD1_X10B,missense_variant,-0.265958,functionally_abnormal,E648D,214730468:A,-0.0978096,normal,E,D,648,BRCT,1.0023,normal,13.6,buried
214730468,T,G,BARD1_X10,BARD1_X10A;BARD1_X10B,missense_variant,-0.331771,functionally_abnormal,E648D,214730468:G,-0.3276,normal,E,D,648,BRCT,1.0023,normal,13.6,buried
214730468,T,C,BARD1_X10,BARD1_X10A;BARD1_X10B,synonymous_variant,0.0213668,functionally_normal,E648E,214730468:C,0.109698,normal,E,E,648,BRCT,0.0,normal,13.6,buried
214730469,T,A,BARD1_X10,BARD1_X10A;BARD1_X10B,missense_variant,-0.043085,indeterminate,E648V,214730469:A,0.291238,normal,E,V,648,BRCT,0.681,normal,13.6,buried
214730469,T,C,BARD1_X10,BARD1_X10A;BARD1_X10B,missense_variant,-0.156879,functionally_abnormal,E648G,214730469:C,0.308704,normal,E,G,648,BRCT,0.8024,normal,13.6,buried
214730469,T,G,BARD1_X10,BARD1_X10A;BARD1_X10B,missense_variant,-0.0410244,indeterminate,E648A,214730469:G,-0.00718225,normal,E,A,648,BRCT,0.5014,normal,13.6,buried
214730470,C,G,BARD1_X10,BARD1_X10A,missense_variant,-0.141747,functionally_abnormal,E648Q,214730470:G,-0.107595,normal,E,Q,648,BRCT,0.4321,normal,13.6,buried
214730470,C,T,BARD1_X10,BARD1_X10A,missense_variant,-0.272798,functionally_abnormal,E648K,214730470:T,-0.254702,normal,E,K,648,BRCT,0.7501,normal,13.6,buried
214730471,C,A,BARD1_X10,BARD1_X10A,missense_variant,0.0206936,functionally_normal,Q647H,214730471:A,-0.0809741,normal,Q,H,647,BRCT,-0.1225,normal,57.4,exposed
214730471,C,G,BARD1_X10,BARD1_X10A,missense_variant,0.0207164,functionally_normal,Q647H,214730471:G,-0.22397,normal,Q,H,647,BRCT,-0.1225,normal,57.4,exposed
214730471,C,T,BARD1_X10,BARD1_X10A,synonymous_variant,0.0346005,functionally_normal,Q647Q,214730471:T,-0.0531554,normal,Q,Q,647,BRCT,0.0,normal,57.4,exposed
214730472,T,A,BARD1_X10,BARD1_X10A,missense_variant,0.0233708,functionally_normal,Q647L,214730472:A,0.0141536,normal,Q,L,647,BRCT,-0.0058,normal,57.4,exposed
214730472,T,C,BARD1_X10,BARD1_X10A,missense_variant,0.019592,functionally_normal,Q647R,214730472:C,-0.155148,normal,Q,R,647,BRCT,0.429,normal,57.4,exposed
214730472,T,G,BARD1_X10,BARD1_X10A,missense_variant,0.0325503,functionally_normal,Q647P,214730472:G,-0.0338128,normal,Q,P,647,BRCT,-0.643,normal,57.4,exposed
214730473,G,C,BARD1_X10,BARD1_X10A,missense_variant,0.020096,functionally_normal,Q647E,214730473:C,0.0112641,normal,Q,E,647,BRCT,-0.4051,normal,57.4,exposed
214730473,G,T,BARD1_X10,BARD1_X10A,missense_variant,-0.00529424,functionally_normal,Q647K,214730473:T,-0.0720934,normal,Q,K,647,BRCT,0.2789,normal,57.4,exposed
214730474,T,A,BARD1_X10,BARD1_X10A,missense_variant,0.0153434,functionally_normal,E646D,214730474:A,-0.0694522,normal,E,D,646,BRCT,1.4838,normal,21.5,intermediate
214730474,T,G,BARD1_X10,BARD1_X10A,missense_variant,0.0179964,functionally_normal,E646D,214730474:G,-0.0779266,normal,E,D,646,BRCT,1.4838,normal,21.5,intermediate
214730474,T,C,BARD1_X10,BARD1_X10A,synonymous_variant,0.0079792,functionally_normal,E646E,214730474:C,-0.108504,normal,E,E,646,BRCT,0.0,normal,21.5,intermediate
214730475,T,A,BARD1_X10,BARD1_X10A,missense_variant,0.0104913,functionally_normal,E646V,214730475:A,-0.11693,normal,E,V,646,BRCT,0.6794,normal,21.5,intermediate
214730475,T,C,BARD1_X10,BARD1_X10A,missense_variant,0.00916492,functionally_normal,E646G,214730475:C,-0.0246393,normal,E,G,646,BRCT,1.2112,normal,21.5,intermediate
214730475,T,G,BARD1_X10,BARD1_X10A,missense_variant,0.00986507,functionally_normal,E646A,214730475:G,-0.0751208,normal,E,A,646,BRCT,0.9066,normal,21.5,intermediate
214730476,C,G,BARD1_X10,BARD1_X10A,missense_variant,0.010164,functionally_normal,E646Q,214730476:G,-0.0487088,normal,E,Q,646,BRCT,0.6701,normal,21.5,intermediate
214730476,C,T,BARD1_X10,BARD1_X10A,missense_variant,-0.0100558,functionally_normal,E646K,214730476:T,-0.151486,normal,E,K,646,BRCT,1.4953,normal,21.5,intermediate
214730477,A,C,BARD1_X10,BARD1_X10A,missense_variant,0.0315453,functionally_normal,C645W,214730477:C,-0.0703276,normal,C,W,645,BRCT,-0.4309,normal,40.8,intermediate
214730477,A,G,BARD1_X10,BARD1_X10A,synonymous_variant,0.0222568,functionally_normal,C645C,214730477:G,0.0741842,normal,C,C,645,BRCT,0.0,normal,40.8,intermediate
214730478,C,A,BARD1_X10,BARD1_X10A,missense_variant,0.0118287,functionally_normal,C645F,214730478:A,-0.0416525,normal,C,F,645,BRCT,-0.0928,normal,40.8,intermediate
214730478,C,G,BARD1_X10,BARD1_X10A,missense_variant,-0.00224231,functionally_normal,C645S,214730478:G,-0.0691129,normal,C,S,645,BRCT,0.8515,normal,40.8,intermediate
214730479,A,T,BARD1_X10,BARD1_X10A,missense_variant,0.0050169,functionally_normal,C645S,214730479:T,-0.157471,normal,C,S,645,BRCT,0.8515,normal,40.8,intermediate
214730478,C,T,BARD1_X10,BARD1_X10A,missense_variant,0.011745,functionally_normal,C645Y,214730478:T,-0.179563,normal,C,Y,645,BRCT,-0.2973,normal,40.8,intermediate
214730479,A,C,BARD1_X10,BARD1_X10A,missense_variant,-0.00153605,functionally_normal,C645G,214730479:C,-0.053052,normal,C,G,645,BRCT,0.8865,normal,40.8,intermediate
214730479,A,G,BARD1_X10,BARD1_X10A,missense_variant,0.0206758,functionally_normal,C645R,214730479:G,-0.134076,normal,C,R,645,BRCT,-0.0202,normal,40.8,intermediate
214730480,T,A,BARD1_X10,BARD1_X10A,synonymous_variant,0.0163796,functionally_normal,V644V,214730480:A,-0.105725,normal,V,V,644,BRCT,0.0,normal,35.4,intermediate
214730480,T,C,BARD1_X10,BARD1_X10A,synonymous_variant,0.0177092,functionally_normal,V644V,214730480:C,-0.128068,normal,V,V,644,BRCT,0.0,normal,35.4,intermediate
214730480,T,G,BARD1_X10,BARD1_X10A,synonymous_variant,0.0246521,functionally_normal,V644V,214730480:G,0.0552542,normal,V,V,644,BRCT,0.0,normal,35.4,intermediate
214730481,A,C,BARD1_X10,BARD1_X10A,missense_variant,0.0250679,functionally_normal,V644G,214730481:C,-0.0204677,normal,V,G,644,BRCT,0.8764,normal,35.4,intermediate
214730481,A,G,BARD1_X10,BARD1_X10A,missense_variant,0.0189344,functionally_normal,V644A,214730481:G,-0.148116,normal,V,A,644,BRCT,0.3715,normal,35.4,intermediate
214730481,A,T,BARD1_X10,BARD1_X10A,missense_variant,0.0248311,functionally_normal,V644E,214730481:T,0.0688498,normal,V,E,644,BRCT,0.5315,normal,35.4,intermediate
214730482,C,A,BARD1_X10,BARD1_X10A,missense_variant,0.00806135,functionally_normal,V644L,214730482:A,-0.0416515,normal,V,L,644,BRCT,0.3179,normal,35.4,intermediate
214730482,C,G,BARD1_X10,BARD1_X10A,missense_variant,0.0131913,functionally_normal,V644L,214730482:G,-0.145995,normal,V,L,644,BRCT,0.3179,normal,35.4,intermediate
214730482,C,T,BARD1_X10,BARD1_X10A,missense_variant,0.015257,functionally_normal,V644I,214730482:T,-0.177182,normal,V,I,644,BRCT,0.1022,normal,35.4,intermediate
214730483,T,A,BARD1_X10,BARD1_X10A,missense_variant,0.0164064,functionally_normal,K643N,214730483:A,-0.121496,normal,K,N,643,BRCT,-0.2128,normal,63.3,exposed
214730483,T,G,BARD1_X10,BARD1_X10A,missense_variant,0.0195404,functionally_normal,K643N,214730483:G,-0.115146,normal,K,N,643,BRCT,-0.2128,normal,63.3,exposed
214730483,T,C,BARD1_X10,BARD1_X10A,synonymous_variant,0.0175098,functionally_normal,K643K,214730483:C,-0.114523,normal,K,K,643,BRCT,0.0,normal,63.3,exposed
214730484,T,A,BARD1_X10,BARD1_X10A,missense_variant,-0.0614554,indeterminate,K643I,214730484:A,-0.256938,normal,K,I,643,BRCT,1.2254,normal,63.3,exposed
214730484,T,C,BARD1_X10,BARD1_X10A,missense_variant,0.0292109,functionally_normal,K643R,214730484:C,0.0036501,normal,K,R,643,BRCT,0.1311,normal,63.3,exposed
214730484,T,G,BARD1_X10,BARD1_X10A,missense_variant,0.0106006,functionally_normal,K643T,214730484:G,0.0795563,normal,K,T,643,BRCT,1.1875,normal,63.3,exposed
214730485,T,C,BARD1_X10,BARD1_X10A,missense_variant,0.0107852,functionally_normal,K643E,214730485:C,-0.157351,normal,K,E,643,BRCT,0.9443,normal,63.3,exposed
214730485,T,G,BARD1_X10,BARD1_X10A,missense_variant,0.0228038,functionally_normal,K643Q,214730485:G,-0.117911,normal,K,Q,643,BRCT,0.201,normal,63.3,exposed
214730486,T,A,BARD1_X10,BARD1_X10A,missense_variant,0.031112,functionally_normal,R642S,214730486:A,-0.00785993,normal,R,S,642,BRCT,0.2842,normal,55.7,exposed
214730486,T,G,BARD1_X10,BARD1_X10A,missense_variant,0.0171912,functionally_normal,R642S,214730486:G,0.0480943,normal,R,S,642,BRCT,0.2842,normal,55.7,exposed
214730486,T,C,BARD1_X10,BARD1_X10A,synonymous_variant,0.0113439,functionally_normal,R642R,214730486:C,-0.0975969,normal,R,R,642,BRCT,0.0,normal,55.7,exposed
214730488,T,G,BARD1_X10,BARD1_X10A,synonymous_variant,0.0267347,functionally_normal,R642R,214730488:G,-0.0934032,normal,R,R,642,BRCT,0.0,normal,55.7,exposed
214730487,C,A,BARD1_X10,BARD1_X10A,missense_variant,-0.0184691,functionally_normal,R642I,214730487:A,-0.152881,normal,R,I,642,BRCT,0.2829,normal,55.7,exposed
214730487,C,G,BARD1_X10,BARD1_X10A,missense_variant,0.0202708,functionally_normal,R642T,214730487:G,-0.133452,normal,R,T,642,BRCT,0.1295,normal,55.7,exposed
214730487,C,T,BARD1_X10,BARD1_X10A,missense_variant,0.00998678,functionally_normal,R642K,214730487:T,-0.0958376,normal,R,K,642,BRCT,0.1434,normal,55.7,exposed
214730488,T,C,BARD1_X10,BARD1_X10A,missense_variant,0.0243282,functionally_normal,R642G,214730488:C,-0.141368,normal,R,G,642,BRCT,0.693,normal,55.7,exposed
214730489,T,A,BARD1_X10,BARD1_X10A,synonymous_variant,0.0119303,functionally_normal,R641R,214730489:A,-0.123888,normal,R,R,641,BRCT,0.0,normal,76.3,exposed
214730489,T,C,BARD1_X10,BARD1_X10A,synonymous_variant,0.0238944,functionally_normal,R641R,214730489:C,-0.203744,normal,R,R,641,BRCT,0.0,normal,76.3,exposed
214730489,T,G,BARD1_X10,BARD1_X10A,synonymous_variant,0.0148715,functionally_normal,R641R,214730489:G,-0.114105,normal,R,R,641,BRCT,0.0,normal,76.3,exposed
214730491,G,T,BARD1_X10,BARD1_X10A,synonymous_variant,0.0115542,functionally_normal,R641R,214730491:T,-0.332686,normal,R,R,641,BRCT,0.0,normal,76.3,exposed
214730490,C,A,BARD1_X10,BARD1_X10A,missense_variant,0.0113073,functionally_normal,R641L,214730490:A,-0.0782914,normal,R,L,641,BRCT,-0.0514,normal,76.3,exposed
214730490,C,G,BARD1_X10,BARD1_X10A,missense_variant,-0.330089,functionally_abnormal,R641P,214730490:G,-0.231978,normal,R,P,641,BRCT,1.9585,destabilizing,76.3,exposed
214730490,C,T,BARD1_X10,BARD1_X10A,missense_variant,0.00860443,functionally_normal,R641Q,214730490:T,-0.169521,normal,R,Q,641,BRCT,0.0651,normal,76.3,exposed
214730491,G,C,BARD1_X10,BARD1_X10A,missense_variant,0.00887773,functionally_normal,R641G,214730491:C,-0.0848995,normal,R,G,641,BRCT,0.6259,normal,76.3,exposed
214730492,T,A,BARD1_X10,BARD1_X10A,synonymous_variant,0.0295998,functionally_normal,L640L,214730492:A,-0.175627,normal,L,L,640,BRCT,0.0,normal,16.9,buried
214730492,T,C,BARD1_X10,BARD1_X10A,synonymous_variant,0.0158366,functionally_normal,L640L,214730492:C,-0.24041,normal,L,L,640,BRCT,0.0,normal,16.9,buried
214730492,T,G,BARD1_X10,BARD1_X10A,synonymous_variant,0.0212868,functionally_normal,L640L,214730492:G,-0.206585,normal,L,L,640,BRCT,0.0,normal,16.9,buried
214730494,G,A,BARD1_X10,BARD1_X10A,synonymous_variant,0.0252743,functionally_normal,L640L,214730494:A,-0.271895,normal,L,L,640,BRCT,0.0,normal,16.9,buried
214730493,A,C,BARD1_X10,BARD1_X10A,missense_variant,-0.107792,functionally_abnormal,L640R,214730493:C,-0.192689,normal,L,R,640,BRCT,1.9008,destabilizing,16.9,buried
214730493,A,G,BARD1_X10,BARD1_X10A,missense_variant,-0.217236,functionally_abnormal,L640P,214730493:G,-0.543313,low,L,P,640,BRCT,2.3741,destabilizing,16.9,buried
214730493,A,T,BARD1_X10,BARD1_X10A,missense_variant,-0.219007,functionally_abnormal,L640Q,214730493:T,-0.262822,normal,L,Q,640,BRCT,2.0511,destabilizing,16.9,buried
214730494,G,C,BARD1_X10,BARD1_X10A,missense_variant,0.00829642,functionally_normal,L640V,214730494:C,-0.246888,normal,L,V,640,BRCT,0.9671,normal,16.9,buried
214730494,G,T,BARD1_X10,BARD1_X10A,missense_variant,0.000247894,functionally_normal,L640I,214730494:T,-0.29459,normal,L,I,640,BRCT,0.6452,normal,16.9,buried
214730495,A,C,BARD1_X10,BARD1_X10A,missense_variant,-0.281348,functionally_abnormal,C639W,214730495:C,-0.612763,low,C,W,639,BRCT,0.2253,normal,1.4,buried
214730495,A,G,BARD1_X10,BARD1_X10A,synonymous_variant,0.0220273,functionally_normal,C639C,214730495:G,-0.225832,normal,C,C,639,BRCT,0.0,normal,1.4,buried
214730496,C,A,BARD1_X10,BARD1_X10A,missense_variant,-0.245889,functionally_abnormal,C639F,214730496:A,-0.294061,normal,C,F,639,BRCT,0.0683,normal,1.4,buried
214730496,C,G,BARD1_X10,BARD1_X10A,missense_variant,0.0248665,functionally_normal,C639S,214730496:G,-0.0971254,normal,C,S,639,BRCT,-0.1444,normal,1.4,buried
214730497,A,T,BARD1_X10,BARD1_X10A,missense_variant,0.0260437,functionally_normal,C639S,214730497:T,-0.117056,normal,C,S,639,BRCT,-0.1444,normal,1.4,buried
214730496,C,T,BARD1_X10,BARD1_X10A,missense_variant,-0.335502,functionally_abnormal,C639Y,214730496:T,-0.419377,normal,C,Y,639,BRCT,0.1945,normal,1.4,buried
214730497,A,C,BARD1_X10,BARD1_X10A,missense_variant,0.00654605,functionally_normal,C639G,214730497:C,-0.190954,normal,C,G,639,BRCT,0.7904,normal,1.4,buried
214730497,A,G,BARD1_X10,BARD1_X10A,missense_variant,-0.329093,functionally_abnormal,C639R,214730497:G,-0.59161,low,C,R,639,BRCT,0.6833,normal,1.4,buried
214730498,T,A,BARD1_X10,BARD1_X10A,synonymous_variant,0.00440216,functionally_normal,A638A,214730498:A,-0.245324,normal,A,A,638,BRCT,0.0,normal,10.0,buried
214730498,T,C,BARD1_X10,BARD1_X10A,synonymous_variant,0.0266412,functionally_normal,A638A,214730498:C,-0.267407,normal,A,A,638,BRCT,0.0,normal,10.0,buried
214730498,T,G,BARD1_X10,BARD1_X10A,synonymous_variant,0.00629311,functionally_normal,A638A,214730498:G,-0.28709,normal,A,A,638,BRCT,0.0,normal,10.0,buried
214730499,G,A,BARD1_X10,BARD1_X10A,missense_variant,0.0177161,functionally_normal,A638V,214730499:A,-0.254569,normal,A,V,638,BRCT,0.3308,normal,10.0,buried
214730499,G,C,BARD1_X10,BARD1_X10A,missense_variant,-0.0271179,functionally_normal,A638G,214730499:C,-0.262185,normal,A,G,638,BRCT,1.3012,normal,10.0,buried
214730499,G,T,BARD1_X10,BARD1_X10A,missense_variant,0.00568531,functionally_normal,A638E,214730499:T,-0.322572,normal,A,E,638,BRCT,0.1789,normal,10.0,buried
214730500,C,A,BARD1_X10,BARD1_X10A,missense_variant,-0.00165692,functionally_normal,A638S,214730500:A,-0.381044,normal,A,S,638,BRCT,0.6168,normal,10.0,buried
214730500,C,G,BARD1_X10,BARD1_X10A,missense_variant,-0.238261,functionally_abnormal,A638P,214730500:G,-0.893418,low,A,P,638,BRCT,2.7236,destabilizing,10.0,buried
214730500,C,T,BARD1_X10,BARD1_X10A,missense_variant,0.00652771,functionally_normal,A638T,214730500:T,-0.398226,normal,A,T,638,BRCT,0.7166,normal,10.0,buried
214730501,T,A,BARD1_X10,BARD1_X10A,missense_variant,0.014955,functionally_normal,K637N,214730501:A,-0.378306,normal,K,N,637,BRCT,0.8467,normal,42.4,intermediate
214730501,T,G,BARD1_X10,BARD1_X10A,missense_variant,0.00525509,functionally_normal,K637N,214730501:G,-0.298915,normal,K,N,637,BRCT,0.8467,normal,42.4,intermediate
214730501,T,C,BARD1_X10,BARD1_X10A,synonymous_variant,0.0221067,functionally_normal,K637K,214730501:C,-0.330952,normal,K,K,637,BRCT,0.0,normal,42.4,intermediate
214730502,T,A,BARD1_X10,BARD1_X10A,missense_variant,0.0151336,functionally_normal,K637I,214730502:A,-0.231629,normal,K,I,637,BRCT,-0.4081,normal,42.4,intermediate
214730502,T,C,BARD1_X10,BARD1_X10A,missense_variant,0.0107474,functionally_normal,K637R,214730502:C,-0.183344,normal,K,R,637,BRCT,0.0345,normal,42.4,intermediate
214730502,T,G,BARD1_X10,BARD1_X10A,missense_variant,0.00846808,functionally_normal,K637T,214730502:G,-0.256207,normal,K,T,637,BRCT,-0.005,normal,42.4,intermediate
214730503,T,C,BARD1_X10,BARD1_X10A,missense_variant,0.014975,functionally_normal,K637E,214730503:C,-0.187294,normal,K,E,637,BRCT,0.2288,normal,42.4,intermediate
214730503,T,G,BARD1_X10,BARD1_X10A,missense_variant,0.0221171,functionally_normal,K637Q,214730503:G,-0.304877,normal,K,Q,637,BRCT,-0.0122,normal,42.4,intermediate
214730504,T,A,BARD1_X10,BARD1_X10A,synonymous_variant,0.0208901,functionally_normal,V636V,214730504:A,-0.19136,normal,V,V,636,BRCT,0.0,normal,0.0,buried
214730504,T,C,BARD1_X10,BARD1_X10A,synonymous_variant,0.0127838,functionally_normal,V636V,214730504:C,-0.180555,normal,V,V,636,BRCT,0.0,normal,0.0,buried
214730504,T,G,BARD1_X10,BARD1_X10A,synonymous_variant,0.00125159,functionally_normal,V636V,214730504:G,-0.285374,normal,V,V,636,BRCT,0.0,normal,0.0,buried
214730505,A,C,BARD1_X10,BARD1_X10A,missense_variant,-0.284385,functionally_abnormal,V636G,214730505:C,-0.554708,low,V,G,636,BRCT,2.3548,destabilizing,0.0,buried
214730505,A,G,BARD1_X10,BARD1_X10A,missense_variant,-0.04212,indeterminate,V636A,214730505:G,-0.277544,normal,V,A,636,BRCT,1.7135,destabilizing,0.0,buried
214730505,A,T,BARD1_X10,BARD1_X10A,missense_variant,-0.180504,functionally_abnormal,V636E,214730505:T,-0.774351,low,V,E,636,BRCT,2.9846,destabilizing,0.0,buried
214730506,C,A,BARD1_X10,BARD1_X10A,missense_variant,-0.17895,functionally_abnormal,V636L,214730506:A,-0.527537,low,V,L,636,BRCT,0.6183,normal,0.0,buried
214730506,C,G,BARD1_X10,BARD1_X10A,missense_variant,-0.13717,functionally_abnormal,V636L,214730506:G,-0.500894,low,V,L,636,BRCT,0.6183,normal,0.0,buried
214730506,C,T,BARD1_X10,BARD1_X10A,missense_variant,-0.0303424,functionally_normal,V636I,214730506:T,-0.354963,normal,V,I,636,BRCT,0.1694,normal,0.0,buried
214730507,C,A,BARD1_X10,BARD1_X10A,missense_variant,-0.205224,functionally_abnormal,W635C,214730507:A,-0.488581,low,W,C,635,BRCT,2.2575,destabilizing,0.0,buried
214730507,C,G,BARD1_X10,BARD1_X10A,missense_variant,-0.260865,functionally_abnormal,W635C,214730507:G,-0.675008,low,W,C,635,BRCT,2.2575,destabilizing,0.0,buried
214730508,C,A,BARD1_X10,BARD1_X10A,missense_variant,-0.149648,functionally_abnormal,W635L,214730508:A,-0.478967,normal,W,L,635,BRCT,2.4442,destabilizing,0.0,buried
214730508,C,G,BARD1_X10,BARD1_X10A,missense_variant,-0.225523,functionally_abnormal,W635S,214730508:G,-0.899055,low,W,S,635,BRCT,2.9522,destabilizing,0.0,buried
214745067,A,C,BARD1_X9,BARD1_X9B,missense_variant,-0.304551,functionally_abnormal,W635G,214745067:C,-1.06998,low,W,G,635,BRCT,2.8238,destabilizing,0.0,buried
214745067,A,G,BARD1_X9,BARD1_X9B,missense_variant,-0.320057,functionally_abnormal,W635R,214745067:G,-1.04014,low,W,R,635,BRCT,2.6299,destabilizing,0.0,buried
214745067,A,T,BARD1_X9,BARD1_X9B,missense_variant,-0.362763,functionally_abnormal,W635R,214745067:T,-1.35344,low,W,R,635,BRCT,2.6299,destabilizing,0.0,buried
214745068,T,A,BARD1_X9,BARD1_X9B,missense_variant,0.000161857,functionally_normal,E634D,214745068:A,-0.56672,low,E,D,634,BRCT,0.2907,normal,42.0,intermediate
214745068,T,G,BARD1_X9,BARD1_X9B,missense_variant,0.0152685,functionally_normal,E634D,214745068:G,-0.522084,low,E,D,634,BRCT,0.2907,normal,42.0,intermediate
214745068,T,C,BARD1_X9,BARD1_X9B,splicing_variant,0.0145283,functionally_normal,E634E,214745068:C,-0.578092,low,E,E,634,BRCT,0.0,normal,42.0,intermediate
214745069,T,A,BARD1_X9,BARD1_X9B,missense_variant,-0.172561,functionally_abnormal,E634V,214745069:A,-0.753372,low,E,V,634,BRCT,0.9859,normal,42.0,intermediate
214745069,T,C,BARD1_X9,BARD1_X9B,missense_variant,0.0118761,functionally_normal,E634G,214745069:C,-0.419747,normal,E,G,634,BRCT,1.1047,normal,42.0,intermediate
214745069,T,G,BARD1_X9,BARD1_X9B,missense_variant,0.013765,functionally_normal,E634A,214745069:G,-0.438063,normal,E,A,634,BRCT,0.2165,normal,42.0,intermediate
214745070,C,G,BARD1_X9,BARD1_X9B,missense_variant,0.0131495,functionally_normal,E634Q,214745070:G,-0.408395,normal,E,Q,634,BRCT,0.5709,normal,42.0,intermediate
214745070,C,T,BARD1_X9,BARD1_X9B,missense_variant,-0.000119065,functionally_normal,E634K,214745070:T,-0.282373,normal,E,K,634,BRCT,0.9091,normal,42.0,intermediate
214745071,A,C,BARD1_X9,BARD1_X9B,missense_variant,-0.407118,functionally_abnormal,F633L,214745071:C,-0.923549,low,F,L,633,BRCT,1.0998,normal,5.5,buried
214745071,A,T,BARD1_X9,BARD1_X9B,missense_variant,-0.351532,functionally_abnormal,F633L,214745071:T,-0.573711,low,F,L,633,BRCT,1.0998,normal,5.5,buried
214745073,A,G,BARD1_X9,BARD1_X9B,missense_variant,-0.289709,functionally_abnormal,F633L,214745073:G,-0.374735,normal,F,L,633,BRCT,1.0998,normal,5.5,buried
214745071,A,G,BARD1_X9,BARD1_X9B,synonymous_variant,0.0386239,functionally_normal,F633F,214745071:G,-0.372374,normal,F,F,633,BRCT,0.0,normal,5.5,buried
214745072,A,C,BARD1_X9,BARD1_X9B,missense_variant,-0.368818,functionally_abnormal,F633C,214745072:C,-0.559434,low,F,C,633,BRCT,1.0787,normal,5.5,buried
214745072,A,G,BARD1_X9,BARD1_X9B,missense_variant,-0.302193,functionally_abnormal,F633S,214745072:G,-0.74092,low,F,S,633,BRCT,2.1833,destabilizing,5.5,buried
214745072,A,T,BARD1_X9,BARD1_X9B,missense_variant,0.0188967,functionally_normal,F633Y,214745072:T,-0.410299,normal,F,Y,633,BRCT,0.5398,normal,5.5,buried
214745073,A,C,BARD1_X9,BARD1_X9B,missense_variant,-0.316129,functionally_abnormal,F633V,214745073:C,-0.512538,low,F,V,633,BRCT,1.5051,normal,5.5,buried
214745073,A,T,BARD1_X9,BARD1_X9B,missense_variant,-0.101026,functionally_abnormal,F633I,214745073:T,-0.0965194,normal,F,I,633,BRCT,1.4292,normal,5.5,buried
214745074,T,A,BARD1_X9,BARD1_X9B,missense_variant,0.0131816,functionally_normal,K632N,214745074:A,-0.212825,normal,K,N,632,BRCT,0.1964,normal,22.6,intermediate
214745074,T,G,BARD1_X9,BARD1_X9B,missense_variant,0.0307747,functionally_normal,K632N,214745074:G,-0.543114,low,K,N,632,BRCT,0.1964,normal,22.6,intermediate
214745074,T,C,BARD1_X9,BARD1_X9B,synonymous_variant,0.0521417,functionally_normal,K632K,214745074:C,-0.164789,normal,K,K,632,BRCT,0.0,normal,22.6,intermediate
214745075,T,A,BARD1_X9,BARD1_X9B,missense_variant,-0.240094,functionally_abnormal,K632I,214745075:A,0.547329,normal,K,I,632,BRCT,0.7845,normal,22.6,intermediate
214745075,T,C,BARD1_X9,BARD1_X9B,missense_variant,0.0318545,functionally_normal,K632R,214745075:C,-0.233456,normal,K,R,632,BRCT,-0.0702,normal,22.6,intermediate
214745075,T,G,BARD1_X9,BARD1_X9B,missense_variant,0.0224035,functionally_normal,K632T,214745075:G,-0.272824,normal,K,T,632,BRCT,0.4188,normal,22.6,intermediate
214745076,T,C,BARD1_X9,BARD1_X9B,missense_variant,0.020269,functionally_normal,K632E,214745076:C,-0.333816,normal,K,E,632,BRCT,1.4416,normal,22.6,intermediate
214745076,T,G,BARD1_X9,BARD1_X9B,missense_variant,0.0271733,functionally_normal,K632Q,214745076:G,-0.173666,normal,K,Q,632,BRCT,0.6167,normal,22.6,intermediate
214745077,T,A,BARD1_X9,BARD1_X9B,synonymous_variant,-0.01522,functionally_normal,L631L,214745077:A,-0.473593,normal,L,L,631,BRCT,0.0,normal,0.0,buried
214745077,T,C,BARD1_X9,BARD1_X9B,synonymous_variant,0.0540421,functionally_normal,L631L,214745077:C,-0.207486,normal,L,L,631,BRCT,0.0,normal,0.0,buried
214745077,T,G,BARD1_X9,BARD1_X9B,synonymous_variant,0.0371964,functionally_normal,L631L,214745077:G,-0.346729,normal,L,L,631,BRCT,0.0,normal,0.0,buried
214745079,G,A,BARD1_X9,BARD1_X9B,synonymous_variant,0.0140349,functionally_normal,L631L,214745079:A,-0.436688,normal,L,L,631,BRCT,0.0,normal,0.0,buried
214745078,A,C,BARD1_X9,BARD1_X9B,missense_variant,-0.427198,functionally_abnormal,L631R,214745078:C,-0.805854,low,L,R,631,BRCT,2.4914,destabilizing,0.0,buried
214745078,A,G,BARD1_X9,BARD1_X9B,missense_variant,-0.288856,functionally_abnormal,L631P,214745078:G,-0.650165,low,L,P,631,BRCT,3.4349,destabilizing,0.0,buried
214745078,A,T,BARD1_X9,BARD1_X9B,missense_variant,-0.22631,functionally_abnormal,L631Q,214745078:T,-0.452617,normal,L,Q,631,BRCT,2.9707,destabilizing,0.0,buried
214745079,G,C,BARD1_X9,BARD1_X9B,missense_variant,-0.00244391,functionally_normal,L631V,214745079:C,-0.551337,low,L,V,631,BRCT,0.6725,normal,0.0,buried
214745079,G,T,BARD1_X9,BARD1_X9B,missense_variant,0.00380101,functionally_normal,L631I,214745079:T,-0.312756,normal,L,I,631,BRCT,0.6802,normal,0.0,buried
214745080,A,C,BARD1_X9,BARD1_X9B,missense_variant,0.0484646,functionally_normal,I630M,214745080:C,-0.0829144,normal,I,M,630,BRCT,1.2764,normal,0.0,buried
214745080,A,G,BARD1_X9,BARD1_X9B,synonymous_variant,0.00413979,functionally_normal,I630I,214745080:G,-0.240052,normal,I,I,630,BRCT,0.0,normal,0.0,buried
214745080,A,T,BARD1_X9,BARD1_X9B,synonymous_variant,0.0385668,functionally_normal,I630I,214745080:T,-0.245569,normal,I,I,630,BRCT,0.0,normal,0.0,buried
214745081,A,C,BARD1_X9,BARD1_X9B,missense_variant,-0.334437,functionally_abnormal,I630S,214745081:C,-0.556499,low,I,S,630,BRCT,2.4798,destabilizing,0.0,buried
214745081,A,G,BARD1_X9,BARD1_X9B,missense_variant,-0.0909219,functionally_abnormal,I630T,214745081:G,-0.634074,low,I,T,630,BRCT,2.0454,destabilizing,0.0,buried
214745081,A,T,BARD1_X9,BARD1_X9B,missense_variant,-0.244352,functionally_abnormal,I630N,214745081:T,-1.05014,low,I,N,630,BRCT,2.8109,destabilizing,0.0,buried
214745082,T,A,BARD1_X9,BARD1_X9B,missense_variant,-0.0147393,functionally_normal,I630F,214745082:A,-0.416706,normal,I,F,630,BRCT,1.5853,normal,0.0,buried
214745082,T,C,BARD1_X9,BARD1_X9B,missense_variant,0.0189859,functionally_normal,I630V,214745082:C,-0.533101,low,I,V,630,BRCT,0.6227,normal,0.0,buried
214745082,T,G,BARD1_X9,BARD1_X9B,missense_variant,0.0279756,functionally_normal,I630L,214745082:G,-0.113775,normal,I,L,630,BRCT,0.8051,normal,0.0,buried
214745083,C,A,BARD1_X9,BARD1_X9B,missense_variant,-0.136736,functionally_abnormal,W629C,214745083:A,-0.714428,low,W,C,629,BRCT,0.506,normal,15.5,buried
214745083,C,G,BARD1_X9,BARD1_X9B,missense_variant,-0.166124,functionally_abnormal,W629C,214745083:G,-0.996438,low,W,C,629,BRCT,0.506,normal,15.5,buried
214745084,C,A,BARD1_X9,BARD1_X9B,missense_variant,-0.145552,functionally_abnormal,W629L,214745084:A,-0.749318,low,W,L,629,BRCT,1.1253,normal,15.5,buried
214745084,C,G,BARD1_X9,BARD1_X9B,missense_variant,-0.330501,functionally_abnormal,W629S,214745084:G,-0.586914,low,W,S,629,BRCT,0.8296,normal,15.5,buried
214745085,A,C,BARD1_X9,BARD1_X9B,missense_variant,-0.442572,functionally_abnormal,W629G,214745085:C,-1.18927,low,W,G,629,BRCT,1.5998,destabilizing,15.5,buried
214745085,A,G,BARD1_X9,BARD1_X9B,missense_variant,-0.00409961,functionally_normal,W629R,214745085:G,-0.20597,normal,W,R,629,BRCT,0.6684,normal,15.5,buried
214745085,A,T,BARD1_X9,BARD1_X9B,missense_variant,-0.0544943,indeterminate,W629R,214745085:T,-0.325618,normal,W,R,629,BRCT,0.6684,normal,15.5,buried
214745086,G,A,BARD1_X9,BARD1_X9B,synonymous_variant,0.0462416,functionally_normal,C628C,214745086:A,-0.171234,normal,C,C,628,BRCT,0.0,normal,2.4,buried
214745086,G,C,BARD1_X9,BARD1_X9B,missense_variant,-0.345195,functionally_abnormal,C628W,214745086:C,-0.784166,low,C,W,628,BRCT,1.4005,normal,2.4,buried
214745087,C,A,BARD1_X9,BARD1_X9B,missense_variant,-0.247744,functionally_abnormal,C628F,214745087:A,-0.418831,normal,C,F,628,BRCT,0.6531,normal,2.4,buried
214745087,C,G,BARD1_X9,BARD1_X9B,missense_variant,0.0324996,functionally_normal,C628S,214745087:G,-0.228426,normal,C,S,628,BRCT,0.295,normal,2.4,buried
214745088,A,T,BARD1_X9,BARD1_X9B,missense_variant,0.0368908,functionally_normal,C628S,214745088:T,-0.314265,normal,C,S,628,BRCT,0.295,normal,2.4,buried
214745087,C,T,BARD1_X9,BARD1_X9B,missense_variant,-0.205649,functionally_abnormal,C628Y,214745087:T,-0.163667,normal,C,Y,628,BRCT,0.9932,normal,2.4,buried
214745088,A,C,BARD1_X9,BARD1_X9B,missense_variant,-0.236647,functionally_abnormal,C628G,214745088:C,-0.652182,low,C,G,628,BRCT,0.3489,normal,2.4,buried
214745088,A,G,BARD1_X9,BARD1_X9B,missense_variant,-0.0430339,indeterminate,C628R,214745088:G,-0.44447,normal,C,R,628,BRCT,0.6089,normal,2.4,buried
214745089,T,A,BARD1_X9,BARD1_X9B,synonymous_variant,0.00813071,functionally_normal,G627G,214745089:A,-0.284763,normal,G,G,627,BRCT,0.0,normal,12.5,buried
214745089,T,C,BARD1_X9,BARD1_X9B,synonymous_variant,0.0400911,functionally_normal,G627G,214745089:C,-0.322346,normal,G,G,627,BRCT,0.0,normal,12.5,buried
214745089,T,G,BARD1_X9,BARD1_X9B,synonymous_variant,0.0361559,functionally_normal,G627G,214745089:G,0.12595,normal,G,G,627,BRCT,0.0,normal,12.5,buried
214745090,C,A,BARD1_X9,BARD1_X9B,missense_variant,-0.218507,functionally_abnormal,G627V,214745090:A,-0.741289,low,G,V,627,BRCT,2.7239,destabilizing,12.5,buried
214745090,C,G,BARD1_X9,BARD1_X9B,missense_variant,-0.0242716,functionally_normal,G627A,214745090:G,-0.166385,normal,G,A,627,BRCT,2.3125,destabilizing,12.5,buried
214745090,C,T,BARD1_X9,BARD1_X9B,missense_variant,-0.332375,functionally_abnormal,G627E,214745090:T,-0.0687841,normal,G,E,627,BRCT,3.0017,destabilizing,12.5,buried
214745091,C,G,BARD1_X9,BARD1_X9B,missense_variant,-0.491148,functionally_abnormal,G627R,214745091:G,-0.865017,low,G,R,627,BRCT,2.7021,destabilizing,12.5,buried
214745091,C,T,BARD1_X9,BARD1_X9B,missense_variant,-0.327748,functionally_abnormal,G627R,214745091:T,-0.439044,normal,G,R,627,BRCT,2.7021,destabilizing,12.5,buried
214745092,A,C,BARD1_X9,BARD1_X9B,missense_variant,0.025361,functionally_normal,N626K,214745092:C,-0.223041,normal,N,K,626,BRCT,1.12,normal,17.1,buried
214745092,A,T,BARD1_X9,BARD1_X9B,missense_variant,0.0339601,functionally_normal,N626K,214745092:T,-0.00588907,normal,N,K,626,BRCT,1.12,normal,17.1,buried
214745092,A,G,BARD1_X9,BARD1_X9B,synonymous_variant,-0.00028648,functionally_normal,N626N,214745092:G,0.567391,normal,N,N,626,BRCT,0.0,normal,17.1,buried
214745093,T,A,BARD1_X9,BARD1_X9B,missense_variant,-0.306002,functionally_abnormal,N626I,214745093:A,-0.083406,normal,N,I,626,BRCT,1.3185,normal,17.1,buried
214745093,T,C,BARD1_X9,BARD1_X9B,missense_variant,0.00824085,functionally_normal,N626S,214745093:C,0.00998522,normal,N,S,626,BRCT,0.4096,normal,17.1,buried
214745093,T,G,BARD1_X9,BARD1_X9B,missense_variant,0.00289972,functionally_normal,N626T,214745093:G,-0.189715,normal,N,T,626,BRCT,1.1408,normal,17.1,buried
214745094,T,A,BARD1_X9,BARD1_X9B,missense_variant,-0.00585518,functionally_normal,N626Y,214745094:A,-0.0686803,normal,N,Y,626,BRCT,0.585,normal,17.1,buried
214745094,T,C,BARD1_X9,BARD1_X9B,missense_variant,0.0278363,functionally_normal,N626D,214745094:C,-0.0251005,normal,N,D,626,BRCT,0.5214,normal,17.1,buried
214745094,T,G,BARD1_X9,BARD1_X9B,missense_variant,0.0212861,functionally_normal,N626H,214745094:G,-0.0533598,normal,N,H,626,BRCT,0.2339,normal,17.1,buried
214745095,G,A,BARD1_X9,BARD1_X9B,synonymous_variant,0.0380282,functionally_normal,L625L,214745095:A,0.0021069,normal,L,L,625,BRCT,0.0,normal,8.3,buried
214745095,G,C,BARD1_X9,BARD1_X9B,synonymous_variant,0.0235707,functionally_normal,L625L,214745095:C,-0.485426,low,L,L,625,BRCT,0.0,normal,8.3,buried
214745095,G,T,BARD1_X9,BARD1_X9B,synonymous_variant,0.00368665,functionally_normal,L625L,214745095:T,0.0115197,normal,L,L,625,BRCT,0.0,normal,8.3,buried
214745096,A,C,BARD1_X9,BARD1_X9B,missense_variant,-0.42865,functionally_abnormal,L625R,214745096:C,-0.577352,low,L,R,625,BRCT,2.8152,destabilizing,8.3,buried
214745096,A,G,BARD1_X9,BARD1_X9B,missense_variant,-0.22704,functionally_abnormal,L625P,214745096:G,-0.237099,normal,L,P,625,BRCT,3.1099,destabilizing,8.3,buried
214745096,A,T,BARD1_X9,BARD1_X9B,missense_variant,-0.11011,functionally_abnormal,L625H,214745096:T,-0.369138,normal,L,H,625,BRCT,2.8513,destabilizing,8.3,buried
214745097,G,A,BARD1_X9,BARD1_X9B,missense_variant,-0.0266956,functionally_normal,L625F,214745097:A,0.17859,normal,L,F,625,BRCT,1.7274,destabilizing,8.3,buried
214745097,G,C,BARD1_X9,BARD1_X9B,missense_variant,-0.00309695,functionally_normal,L625V,214745097:C,-0.0572607,normal,L,V,625,BRCT,1.5777,normal,8.3,buried
214745097,G,T,BARD1_X9,BARD1_X9B,missense_variant,-0.00275896,functionally_normal,L625I,214745097:T,-0.0134263,normal,L,I,625,BRCT,1.2068,normal,8.3,buried
214745098,A,C,BARD1_X9,BARD1_X9B,missense_variant,0.0328155,functionally_normal,I624M,214745098:C,-0.1613,normal,I,M,624,BRCT,0.7552,normal,0.0,buried
214745098,A,G,BARD1_X9,BARD1_X9B,synonymous_variant,0.0311245,functionally_normal,I624I,214745098:G,0.168857,normal,I,I,624,BRCT,0.0,normal,0.0,buried
214745098,A,T,BARD1_X9,BARD1_X9B,synonymous_variant,0.00800198,functionally_normal,I624I,214745098:T,-0.0759379,normal,I,I,624,BRCT,0.0,normal,0.0,buried
214745099,A,C,BARD1_X9,BARD1_X9B,missense_variant,-0.118974,functionally_abnormal,I624S,214745099:C,0.192675,normal,I,S,624,BRCT,1.9275,destabilizing,0.0,buried
214745099,A,G,BARD1_X9,BARD1_X9B,missense_variant,0.00504246,functionally_normal,I624T,214745099:G,0.0633613,normal,I,T,624,BRCT,1.6375,destabilizing,0.0,buried
214745099,A,T,BARD1_X9,BARD1_X9B,missense_variant,-0.33302,functionally_abnormal,I624N,214745099:T,0.15248,normal,I,N,624,BRCT,1.802,destabilizing,0.0,buried
214745100,T,A,BARD1_X9,BARD1_X9B,missense_variant,-0.329604,functionally_abnormal,I624F,214745100:A,-0.350901,normal,I,F,624,BRCT,1.3496,normal,0.0,buried
214745100,T,C,BARD1_X9,BARD1_X9B,missense_variant,0.0356244,functionally_normal,I624V,214745100:C,0.30842,normal,I,V,624,BRCT,0.6415,normal,0.0,buried
214745100,T,G,BARD1_X9,BARD1_X9B,missense_variant,0.0324324,functionally_normal,I624L,214745100:G,0.131589,normal,I,L,624,BRCT,0.4014,normal,0.0,buried
214745101,C,A,BARD1_X9,BARD1_X9B,synonymous_variant,0.0200575,functionally_normal,G623G,214745101:A,-0.0414566,normal,G,G,623,BRCT,0.0,normal,0.0,buried
214745101,C,G,BARD1_X9,BARD1_X9B,synonymous_variant,-0.00734411,functionally_normal,G623G,214745101:G,-0.972222,low,G,G,623,BRCT,0.0,normal,0.0,buried
214745101,C,T,BARD1_X9,BARD1_X9B,synonymous_variant,0.0208323,functionally_normal,G623G,214745101:T,0.0590077,normal,G,G,623,BRCT,0.0,normal,0.0,buried
214745102,C,A,BARD1_X9,BARD1_X9B,missense_variant,-0.272844,functionally_abnormal,G623V,214745102:A,-0.801253,low,G,V,623,BRCT,1.0905,normal,0.0,buried
214745102,C,G,BARD1_X9,BARD1_X9B,missense_variant,-0.00839584,functionally_normal,G623A,214745102:G,0.451311,normal,G,A,623,BRCT,0.8989,normal,0.0,buried
214745102,C,T,BARD1_X9,BARD1_X9B,missense_variant,-0.418066,functionally_abnormal,G623E,214745102:T,0.220224,normal,G,E,623,BRCT,2.1548,destabilizing,0.0,buried
214745103,C,A,BARD1_X9,BARD1_X9A;BARD1_X9B,missense_variant,-0.195029,functionally_abnormal,G623W,214745103:A,-0.0166671,normal,G,W,623,BRCT,1.0629,normal,0.0,buried
214745103,C,G,BARD1_X9,BARD1_X9A;BARD1_X9B,missense_variant,-0.2892,functionally_abnormal,G623R,214745103:G,-0.580259,low,G,R,623,BRCT,1.7843,destabilizing,0.0,buried
214745103,C,T,BARD1_X9,BARD1_X9A;BARD1_X9B,missense_variant,-0.27668,functionally_abnormal,G623R,214745103:T,-0.460237,normal,G,R,623,BRCT,1.7843,destabilizing,0.0,buried
214745104,A,C,BARD1_X9,BARD1_X9A;BARD1_X9B,synonymous_variant,0.0186604,functionally_normal,L622L,214745104:C,0.186417,normal,L,L,622,BRCT,0.0,normal,12.9,buried
214745104,A,G,BARD1_X9,BARD1_X9A;BARD1_X9B,synonymous_variant,0.0156299,functionally_normal,L622L,214745104:G,0.481934,normal,L,L,622,BRCT,0.0,normal,12.9,buried
214745104,A,T,BARD1_X9,BARD1_X9A;BARD1_X9B,synonymous_variant,-0.010335,functionally_normal,L622L,214745104:T,-0.0202355,normal,L,L,622,BRCT,0.0,normal,12.9,buried
214745105,A,C,BARD1_X9,BARD1_X9A;BARD1_X9B,missense_variant,0.00407164,functionally_normal,L622R,214745105:C,0.170126,normal,L,R,622,BRCT,2.719,destabilizing,12.9,buried
214745105,A,G,BARD1_X9,BARD1_X9A;BARD1_X9B,missense_variant,-0.229914,functionally_abnormal,L622P,214745105:G,-0.116079,normal,L,P,622,BRCT,3.2454,destabilizing,12.9,buried
214745105,A,T,BARD1_X9,BARD1_X9A;BARD1_X9B,missense_variant,0.0162695,functionally_normal,L622H,214745105:T,0.510593,normal,L,H,622,BRCT,2.5861,destabilizing,12.9,buried
214745106,G,A,BARD1_X9,BARD1_X9A;BARD1_X9B,missense_variant,0.0171976,functionally_normal,L622F,214745106:A,0.49665,normal,L,F,622,BRCT,1.552,normal,12.9,buried
214745106,G,C,BARD1_X9,BARD1_X9A;BARD1_X9B,missense_variant,-0.0259453,functionally_normal,L622V,214745106:C,0.291768,normal,L,V,622,BRCT,1.7678,destabilizing,12.9,buried
214745106,G,T,BARD1_X9,BARD1_X9A;BARD1_X9B,missense_variant,0.0258893,functionally_normal,L622I,214745106:T,0.163938,normal,L,I,622,BRCT,1.4258,normal,12.9,buried
214745107,C,A,BARD1_X9,BARD1_X9A;BARD1_X9B,missense_variant,-0.0440581,indeterminate,M621I,214745107:A,0.412999,normal,M,I,621,BRCT,0.9513,normal,0.6,buried
214745107,C,G,BARD1_X9,BARD1_X9A;BARD1_X9B,missense_variant,-0.0195943,functionally_normal,M621I,214745107:G,0.219603,normal,M,I,621,BRCT,0.9513,normal,0.6,buried
214745107,C,T,BARD1_X9,BARD1_X9A;BARD1_X9B,missense_variant,-0.0174003,functionally_normal,M621I,214745107:T,0.43248,normal,M,I,621,BRCT,0.9513,normal,0.6,buried
214745108,A,C,BARD1_X9,BARD1_X9A;BARD1_X9B,missense_variant,-0.068524,functionally_abnormal,M621R,214745108:C,0.27092,normal,M,R,621,BRCT,2.0268,destabilizing,0.6,buried
214745108,A,G,BARD1_X9,BARD1_X9A;BARD1_X9B,missense_variant,-0.0122294,functionally_normal,M621T,214745108:G,0.585532,normal,M,T,621,BRCT,2.0961,destabilizing,0.6,buried
214745108,A,T,BARD1_X9,BARD1_X9A;BARD1_X9B,missense_variant,-0.00813817,functionally_normal,M621K,214745108:T,0.542704,normal,M,K,621,BRCT,2.0721,destabilizing,0.6,buried
214745109,T,A,BARD1_X9,BARD1_X9A;BARD1_X9B,missense_variant,-0.00836207,functionally_normal,M621L,214745109:A,0.16359,normal,M,L,621,BRCT,-0.0727,normal,0.6,buried
214745109,T,G,BARD1_X9,BARD1_X9A;BARD1_X9B,missense_variant,0.00934044,functionally_normal,M621L,214745109:G,0.557343,normal,M,L,621,BRCT,-0.0727,normal,0.6,buried
214745109,T,C,BARD1_X9,BARD1_X9A;BARD1_X9B,missense_variant,-0.0466118,indeterminate,M621V,214745109:C,0.321323,normal,M,V,621,BRCT,1.6839,destabilizing,0.6,buried
214745110,A,C,BARD1_X9,BARD1_X9A;BARD1_X9B,missense_variant,-0.00635878,functionally_normal,C620W,214745110:C,0.375457,normal,C,W,620,BRCT,0.6688,normal,0.0,buried
214745110,A,G,BARD1_X9,BARD1_X9A;BARD1_X9B,synonymous_variant,0.0245661,functionally_normal,C620C,214745110:G,0.466641,normal,C,C,620,BRCT,0.0,normal,0.0,buried
214745111,C,A,BARD1_X9,BARD1_X9A;BARD1_X9B,missense_variant,0.00233302,functionally_normal,C620F,214745111:A,0.29027,normal,C,F,620,BRCT,0.512,normal,0.0,buried
214745111,C,G,BARD1_X9,BARD1_X9A;BARD1_X9B,missense_variant,0.0151008,functionally_normal,C620S,214745111:G,0.258485,normal,C,S,620,BRCT,0.1531,normal,0.0,buried
214745112,A,T,BARD1_X9,BARD1_X9A;BARD1_X9B,missense_variant,0.0127476,functionally_normal,C620S,214745112:T,0.524188,normal,C,S,620,BRCT,0.1531,normal,0.0,buried
214745111,C,T,BARD1_X9,BARD1_X9A;BARD1_X9B,missense_variant,0.0216418,functionally_normal,C620Y,214745111:T,0.615452,normal,C,Y,620,BRCT,0.6936,normal,0.0,buried
214745112,A,C,BARD1_X9,BARD1_X9A;BARD1_X9B,missense_variant,0.0104837,functionally_normal,C620G,214745112:C,0.324355,normal,C,G,620,BRCT,1.2673,normal,0.0,buried
214745112,A,G,BARD1_X9,BARD1_X9A;BARD1_X9B,missense_variant,-0.0342251,functionally_normal,C620R,214745112:G,0.616197,normal,C,R,620,BRCT,1.1885,normal,0.0,buried
214745113,C,A,BARD1_X9,BARD1_X9A;BARD1_X9B,missense_variant,0.000368282,functionally_normal,K619N,214745113:A,0.501578,normal,K,N,619,BRCT,1.0167,normal,28.3,intermediate
214745113,C,G,BARD1_X9,BARD1_X9A;BARD1_X9B,missense_variant,-0.0114186,functionally_normal,K619N,214745113:G,-0.376793,normal,K,N,619,BRCT,1.0167,normal,28.3,intermediate
214745113,C,T,BARD1_X9,BARD1_X9A;BARD1_X9B,synonymous_variant,0.0215382,functionally_normal,K619K,214745113:T,0.736109,normal,K,K,619,BRCT,0.0,normal,28.3,intermediate
214745114,T,A,BARD1_X9,BARD1_X9A;BARD1_X9B,missense_variant,-3.85075e-05,functionally_normal,K619M,214745114:A,0.455493,normal,K,M,619,BRCT,0.1887,normal,28.3,intermediate
214745114,T,C,BARD1_X9,BARD1_X9A;BARD1_X9B,missense_variant,-0.00409721,functionally_normal,K619R,214745114:C,0.624877,normal,K,R,619,BRCT,0.1063,normal,28.3,intermediate
214745114,T,G,BARD1_X9,BARD1_X9A;BARD1_X9B,missense_variant,-0.0024014,functionally_normal,K619T,214745114:G,0.444455,normal,K,T,619,BRCT,0.4667,normal,28.3,intermediate
214745115,T,C,BARD1_X9,BARD1_X9A;BARD1_X9B,missense_variant,0.0258399,functionally_normal,K619E,214745115:C,0.69502,normal,K,E,619,BRCT,1.1389,normal,28.3,intermediate
214745115,T,G,BARD1_X9,BARD1_X9A;BARD1_X9B,missense_variant,0.00290174,functionally_normal,K619Q,214745115:G,0.541917,normal,K,Q,619,BRCT,0.478,normal,28.3,intermediate
214745116,C,A,BARD1_X9,BARD1_X9A;BARD1_X9B,missense_variant,-0.00742209,functionally_normal,L618F,214745116:A,0.138181,normal,L,F,618,BRCT,0.6455,normal,23.7,intermediate
214745116,C,G,BARD1_X9,BARD1_X9A;BARD1_X9B,missense_variant,-0.0119709,functionally_normal,L618F,214745116:G,0.524242,normal,L,F,618,BRCT,0.6455,normal,23.7,intermediate
214745116,C,T,BARD1_X9,BARD1_X9A;BARD1_X9B,synonymous_variant,0.000699727,functionally_normal,L618L,214745116:T,0.816828,normal,L,L,618,BRCT,0.0,normal,23.7,intermediate
214745118,A,G,BARD1_X9,BARD1_X9A;BARD1_X9B,synonymous_variant,0.0290892,functionally_normal,L618L,214745118:G,0.606538,normal,L,L,618,BRCT,0.0,normal,23.7,intermediate
214745117,A,C,BARD1_X9,BARD1_X9A;BARD1_X9B,missense_variant,0.0111975,functionally_normal,L618W,214745117:C,0.564747,normal,L,W,618,BRCT,0.6155,normal,23.7,intermediate
214745117,A,G,BARD1_X9,BARD1_X9A;BARD1_X9B,missense_variant,0.0108164,functionally_normal,L618S,214745117:G,0.584349,normal,L,S,618,BRCT,1.6962,destabilizing,23.7,intermediate
214745118,A,C,BARD1_X9,BARD1_X9A;BARD1_X9B,missense_variant,0.0407445,functionally_normal,L618V,214745118:C,0.26038,normal,L,V,618,BRCT,0.5668,normal,23.7,intermediate
214745118,A,T,BARD1_X9,BARD1_X9A;BARD1_X9B,missense_variant,0.0461019,functionally_normal,L618M,214745118:T,0.218854,normal,L,M,618,BRCT,0.4173,normal,23.7,intermediate
214745122,A,C,BARD1_X9,BARD1_X9A;BARD1_X9B,missense_variant,0.00962508,functionally_normal,S616R,214745122:C,0.508809,normal,S,R,616,BRCT,-0.19,normal,32.4,intermediate
214745122,A,T,BARD1_X9,BARD1_X9A;BARD1_X9B,missense_variant,0.0103859,functionally_normal,S616R,214745122:T,0.244354,normal,S,R,616,BRCT,-0.19,normal,32.4,intermediate
214745124,T,G,BARD1_X9,BARD1_X9A,missense_variant,-0.000596685,functionally_normal,S616R,214745124:G,0.156118,normal,S,R,616,BRCT,-0.19,normal,32.4,intermediate
214745122,A,G,BARD1_X9,BARD1_X9A;BARD1_X9B,synonymous_variant,0.0206975,functionally_normal,S616S,214745122:G,0.505956,normal,S,S,616,BRCT,0.0,normal,32.4,intermediate
214745123,C,A,BARD1_X9,BARD1_X9A;BARD1_X9B,missense_variant,-0.0120199,functionally_normal,S616I,214745123:A,0.45532,normal,S,I,616,BRCT,0.0014,normal,32.4,intermediate
214745123,C,G,BARD1_X9,BARD1_X9A;BARD1_X9B,missense_variant,0.0118495,functionally_normal,S616T,214745123:G,0.488673,normal,S,T,616,BRCT,0.0472,normal,32.4,intermediate
214745123,C,T,BARD1_X9,BARD1_X9A;BARD1_X9B,missense_variant,-0.0210055,functionally_normal,S616N,214745123:T,0.45066,normal,S,N,616,BRCT,0.161,normal,32.4,intermediate
214745124,T,A,BARD1_X9,BARD1_X9A,missense_variant,0.0010584,functionally_normal,S616C,214745124:A,0.321122,normal,S,C,616,BRCT,-0.1558,normal,32.4,intermediate
214745124,T,C,BARD1_X9,BARD1_X9A,missense_variant,0.0106815,functionally_normal,S616G,214745124:C,0.347686,normal,S,G,616,BRCT,0.2352,normal,32.4,intermediate
214745125,T,A,BARD1_X9,BARD1_X9A,missense_variant,0.0170504,functionally_normal,Q615H,214745125:A,0.149753,normal,Q,H,615,BRCT,0.1894,normal,35.1,intermediate
214745125,T,G,BARD1_X9,BARD1_X9A,missense_variant,0.02071,functionally_normal,Q615H,214745125:G,0.346288,normal,Q,H,615,BRCT,0.1894,normal,35.1,intermediate
214745125,T,C,BARD1_X9,BARD1_X9A,synonymous_variant,0.0187896,functionally_normal,Q615Q,214745125:C,0.533607,normal,Q,Q,615,BRCT,0.0,normal,35.1,intermediate
214745126,T,A,BARD1_X9,BARD1_X9A,missense_variant,0.00955296,functionally_normal,Q615L,214745126:A,0.474001,normal,Q,L,615,BRCT,0.1108,normal,35.1,intermediate
214745126,T,C,BARD1_X9,BARD1_X9A,missense_variant,0.00684405,functionally_normal,Q615R,214745126:C,0.435208,normal,Q,R,615,BRCT,0.4943,normal,35.1,intermediate
214745126,T,G,BARD1_X9,BARD1_X9A,missense_variant,0.0114265,functionally_normal,Q615P,214745126:G,0.526308,normal,Q,P,615,BRCT,0.2647,normal,35.1,intermediate
214745127,G,C,BARD1_X9,BARD1_X9A,missense_variant,0.0189838,functionally_normal,Q615E,214745127:C,0.494371,normal,Q,E,615,BRCT,-0.1684,normal,35.1,intermediate
214745127,G,T,BARD1_X9,BARD1_X9A,missense_variant,-0.0484965,indeterminate,Q615K,214745127:T,0.208076,normal,Q,K,615,BRCT,0.4502,normal,35.1,intermediate
214745128,A,C,BARD1_X9,BARD1_X9A,synonymous_variant,-0.0169522,functionally_normal,V614V,214745128:C,0.303128,normal,V,V,614,BRCT,0.0,normal,26.2,intermediate
214745128,A,G,BARD1_X9,BARD1_X9A,synonymous_variant,0.0080008,functionally_normal,V614V,214745128:G,0.382962,normal,V,V,614,BRCT,0.0,normal,26.2,intermediate
214745128,A,T,BARD1_X9,BARD1_X9A,synonymous_variant,0.0304051,functionally_normal,V614V,214745128:T,0.442577,normal,V,V,614,BRCT,0.0,normal,26.2,intermediate
214745129,A,C,BARD1_X9,BARD1_X9A,missense_variant,0.0235804,functionally_normal,V614G,214745129:C,-0.201292,normal,V,G,614,BRCT,0.7556,normal,26.2,intermediate
214745129,A,G,BARD1_X9,BARD1_X9A,missense_variant,0.0106684,functionally_normal,V614A,214745129:G,0.406553,normal,V,A,614,BRCT,0.0155,normal,26.2,intermediate
214745129,A,T,BARD1_X9,BARD1_X9A,missense_variant,-0.0174997,functionally_normal,V614D,214745129:T,0.121949,normal,V,D,614,BRCT,1.5022,normal,26.2,intermediate
214745130,C,A,BARD1_X9,BARD1_X9A,missense_variant,0.00460044,functionally_normal,V614F,214745130:A,0.381262,normal,V,F,614,BRCT,0.6666,normal,26.2,intermediate
214745130,C,G,BARD1_X9,BARD1_X9A,missense_variant,0.00684477,functionally_normal,V614L,214745130:G,0.0722941,normal,V,L,614,BRCT,0.5633,normal,26.2,intermediate
214745130,C,T,BARD1_X9,BARD1_X9A,missense_variant,0.00430474,functionally_normal,V614I,214745130:T,0.221917,normal,V,I,614,BRCT,0.2096,normal,26.2,intermediate
214745131,T,A,BARD1_X9,BARD1_X9A,synonymous_variant,-0.000410149,functionally_normal,A613A,214745131:A,0.472333,normal,A,A,613,BRCT,0.0,normal,55.0,exposed
214745131,T,C,BARD1_X9,BARD1_X9A,synonymous_variant,0.00677298,functionally_normal,A613A,214745131:C,0.166689,normal,A,A,613,BRCT,0.0,normal,55.0,exposed
214745131,T,G,BARD1_X9,BARD1_X9A,synonymous_variant,0.0122436,functionally_normal,A613A,214745131:G,0.269117,normal,A,A,613,BRCT,0.0,normal,55.0,exposed
214745132,G,A,BARD1_X9,BARD1_X9A,missense_variant,0.00362097,functionally_normal,A613V,214745132:A,0.103704,normal,A,V,613,BRCT,-0.1967,normal,55.0,exposed
214745132,G,C,BARD1_X9,BARD1_X9A,missense_variant,0.0284883,functionally_normal,A613G,214745132:C,0.0651102,normal,A,G,613,BRCT,0.4153,normal,55.0,exposed
214745132,G,T,BARD1_X9,BARD1_X9A,missense_variant,0.00345771,functionally_normal,A613E,214745132:T,0.413486,normal,A,E,613,BRCT,-0.0972,normal,55.0,exposed
214745133,C,A,BARD1_X9,BARD1_X9A,missense_variant,-0.000825945,functionally_normal,A613S,214745133:A,0.37576,normal,A,S,613,BRCT,-0.1561,normal,55.0,exposed
214745133,C,G,BARD1_X9,BARD1_X9A,missense_variant,-0.00716802,functionally_normal,A613P,214745133:G,0.101139,normal,A,P,613,BRCT,1.9595,destabilizing,55.0,exposed
214745133,C,T,BARD1_X9,BARD1_X9A,missense_variant,0.00913817,functionally_normal,A613T,214745133:T,0.156533,normal,A,T,613,BRCT,-0.3504,normal,55.0,exposed
214745140,A,C,BARD1_X9,BARD1_X9A,synonymous_variant,0.0315806,functionally_normal,P610P,214745140:C,0.0734631,normal,P,P,610,BRCT,0.0,normal,33.5,intermediate
214745140,A,G,BARD1_X9,BARD1_X9A,synonymous_variant,0.0113083,functionally_normal,P610P,214745140:G,0.222541,normal,P,P,610,BRCT,0.0,normal,33.5,intermediate
214745140,A,T,BARD1_X9,BARD1_X9A,synonymous_variant,-0.262962,functionally_abnormal,P610P,214745140:T,-3.68369,low,P,P,610,BRCT,0.0,normal,33.5,intermediate
214745141,G,A,BARD1_X9,BARD1_X9A,missense_variant,-0.0995831,functionally_abnormal,P610L,214745141:A,-0.257226,normal,P,L,610,BRCT,0.8658,normal,33.5,intermediate
214745141,G,C,BARD1_X9,BARD1_X9A,missense_variant,0.0100373,functionally_normal,P610R,214745141:C,0.0763503,normal,P,R,610,BRCT,0.8342,normal,33.5,intermediate
214745141,G,T,BARD1_X9,BARD1_X9A,missense_variant,0.0205931,functionally_normal,P610H,214745141:T,0.132054,normal,P,H,610,BRCT,1.1207,normal,33.5,intermediate
214745142,G,A,BARD1_X9,BARD1_X9A,missense_variant,0.0156494,functionally_normal,P610S,214745142:A,0.0558981,normal,P,S,610,BRCT,0.5719,normal,33.5,intermediate
214745142,G,C,BARD1_X9,BARD1_X9A,missense_variant,0.0265705,functionally_normal,P610A,214745142:C,-0.179834,normal,P,A,610,BRCT,0.2371,normal,33.5,intermediate
214745142,G,T,BARD1_X9,BARD1_X9A,missense_variant,-0.00611047,functionally_normal,P610T,214745142:T,-0.0488226,normal,P,T,610,BRCT,0.7883,normal,33.5,intermediate
214745143,A,C,BARD1_X9,BARD1_X9A,synonymous_variant,0.0110139,functionally_normal,V609V,214745143:C,-0.09159,normal,V,V,609,BRCT,0.0,normal,0.0,buried
214745143,A,G,BARD1_X9,BARD1_X9A,synonymous_variant,0.026355,functionally_normal,V609V,214745143:G,0.121805,normal,V,V,609,BRCT,0.0,normal,0.0,buried
214745143,A,T,BARD1_X9,BARD1_X9A,synonymous_variant,0.0214671,functionally_normal,V609V,214745143:T,-0.067397,normal,V,V,609,BRCT,0.0,normal,0.0,buried
214745144,A,C,BARD1_X9,BARD1_X9A,missense_variant,-0.192924,functionally_abnormal,V609G,214745144:C,-0.104417,normal,V,G,609,BRCT,2.9285,destabilizing,0.0,buried
214745144,A,G,BARD1_X9,BARD1_X9A,missense_variant,-0.0514363,indeterminate,V609A,214745144:G,-0.157589,normal,V,A,609,BRCT,2.1022,destabilizing,0.0,buried
214745144,A,T,BARD1_X9,BARD1_X9A,missense_variant,-0.240416,functionally_abnormal,V609D,214745144:T,-0.657015,low,V,D,609,BRCT,3.2242,destabilizing,0.0,buried
214745145,C,A,BARD1_X9,BARD1_X9A,missense_variant,-0.0928136,functionally_abnormal,V609F,214745145:A,-0.116099,normal,V,F,609,BRCT,2.0652,destabilizing,0.0,buried
214745145,C,G,BARD1_X9,BARD1_X9A,missense_variant,0.00368984,functionally_normal,V609L,214745145:G,-0.485424,low,V,L,609,BRCT,1.3703,normal,0.0,buried
214745145,C,T,BARD1_X9,BARD1_X9A,missense_variant,0.0104663,functionally_normal,V609I,214745145:T,-0.17353,normal,V,I,609,BRCT,1.0934,normal,0.0,buried
214745146,A,C,BARD1_X9,BARD1_X9A,synonymous_variant,0.0173637,functionally_normal,V608V,214745146:C,-0.111811,normal,V,V,608,BRCT,0.0,normal,0.0,buried
214745146,A,G,BARD1_X9,BARD1_X9A,synonymous_variant,0.00284656,functionally_normal,V608V,214745146:G,-0.205314,normal,V,V,608,BRCT,0.0,normal,0.0,buried
214745146,A,T,BARD1_X9,BARD1_X9A,synonymous_variant,0.020391,functionally_normal,V608V,214745146:T,-0.121939,normal,V,V,608,BRCT,0.0,normal,0.0,buried
214745147,A,C,BARD1_X9,BARD1_X9A,missense_variant,-0.258195,functionally_abnormal,V608G,214745147:C,-0.116768,normal,V,G,608,BRCT,3.2861,destabilizing,0.0,buried
214745147,A,G,BARD1_X9,BARD1_X9A,missense_variant,-0.235968,functionally_abnormal,V608A,214745147:G,-0.399925,normal,V,A,608,BRCT,2.61,destabilizing,0.0,buried
214745147,A,T,BARD1_X9,BARD1_X9A,missense_variant,-0.276793,functionally_abnormal,V608D,214745147:T,-0.653391,low,V,D,608,BRCT,3.4019,destabilizing,0.0,buried
214745148,C,A,BARD1_X9,BARD1_X9A,missense_variant,-0.238525,functionally_abnormal,V608F,214745148:A,-0.541117,low,V,F,608,BRCT,1.2961,normal,0.0,buried
214745148,C,G,BARD1_X9,BARD1_X9A,missense_variant,-0.0259429,functionally_normal,V608L,214745148:G,-0.432428,normal,V,L,608,BRCT,1.0274,normal,0.0,buried
214745148,C,T,BARD1_X9,BARD1_X9A,missense_variant,0.0175259,functionally_normal,V608I,214745148:T,-0.0045431,normal,V,I,608,BRCT,-0.1365,normal,0.0,buried
214745149,A,C,BARD1_X9,BARD1_X9A,synonymous_variant,-0.00356798,functionally_normal,V607V,214745149:C,-0.238844,normal,V,V,607,BRCT,0.0,normal,0.0,buried
214745149,A,G,BARD1_X9,BARD1_X9A,synonymous_variant,0.0153575,functionally_normal,V607V,214745149:G,-0.217974,normal,V,V,607,BRCT,0.0,normal,0.0,buried
214745149,A,T,BARD1_X9,BARD1_X9A,synonymous_variant,0.00457812,functionally_normal,V607V,214745149:T,-0.315939,normal,V,V,607,BRCT,0.0,normal,0.0,buried
214745150,A,C,BARD1_X9,BARD1_X9A,missense_variant,-0.273426,functionally_abnormal,V607G,214745150:C,-1.00161,low,V,G,607,BRCT,2.8593,destabilizing,0.0,buried
214745150,A,G,BARD1_X9,BARD1_X9A,missense_variant,-0.215182,functionally_abnormal,V607A,214745150:G,-0.44226,normal,V,A,607,BRCT,2.2459,destabilizing,0.0,buried
214745150,A,T,BARD1_X9,BARD1_X9A,missense_variant,-0.273363,functionally_abnormal,V607D,214745150:T,-0.834652,low,V,D,607,BRCT,3.1663,destabilizing,0.0,buried
214745151,C,A,BARD1_X9,BARD1_X9A,missense_variant,-0.053639,indeterminate,V607F,214745151:A,-0.330572,normal,V,F,607,BRCT,1.6891,destabilizing,0.0,buried
214745151,C,G,BARD1_X9,BARD1_X9A,missense_variant,0.0144435,functionally_normal,V607L,214745151:G,-0.205252,normal,V,L,607,BRCT,0.5507,normal,0.0,buried
214745151,C,T,BARD1_X9,BARD1_X9A,missense_variant,3.11146e-05,functionally_normal,V607I,214745151:T,-0.136132,normal,V,I,607,BRCT,-0.0493,normal,0.0,buried
214745152,A,C,BARD1_X9,BARD1_X9A,missense_variant,-0.206437,functionally_abnormal,H606Q,214745152:C,-0.777653,low,H,Q,606,BRCT,1.2496,normal,2.3,buried
214745152,A,T,BARD1_X9,BARD1_X9A,missense_variant,-0.270999,functionally_abnormal,H606Q,214745152:T,-0.700229,low,H,Q,606,BRCT,1.2496,normal,2.3,buried
214745152,A,G,BARD1_X9,BARD1_X9A,synonymous_variant,0.0116184,functionally_normal,H606H,214745152:G,-0.293475,normal,H,H,606,BRCT,0.0,normal,2.3,buried
214745153,T,A,BARD1_X9,BARD1_X9A,missense_variant,-0.225433,functionally_abnormal,H606L,214745153:A,-0.399332,normal,H,L,606,BRCT,-0.1013,normal,2.3,buried
214745153,T,C,BARD1_X9,BARD1_X9A,missense_variant,-0.262422,functionally_abnormal,H606R,214745153:C,-0.507615,low,H,R,606,BRCT,0.6506,normal,2.3,buried
214745153,T,G,BARD1_X9,BARD1_X9A,missense_variant,-0.265614,functionally_abnormal,H606P,214745153:G,-0.571715,low,H,P,606,BRCT,1.4181,normal,2.3,buried
214745154,G,A,BARD1_X9,BARD1_X9A,missense_variant,-0.275343,functionally_abnormal,H606Y,214745154:A,-0.981267,low,H,Y,606,BRCT,-0.3968,normal,2.3,buried
214745154,G,C,BARD1_X9,BARD1_X9A,missense_variant,-0.312176,functionally_abnormal,H606D,214745154:C,-0.485662,low,H,D,606,BRCT,2.6152,destabilizing,2.3,buried
214745154,G,T,BARD1_X9,BARD1_X9A,missense_variant,-0.222325,functionally_abnormal,H606N,214745154:T,-0.17471,normal,H,N,606,BRCT,1.2557,normal,2.3,buried
214745155,A,C,BARD1_X9,BARD1_X9A,synonymous_variant,0.021924,functionally_normal,T605T,214745155:C,-0.418245,normal,T,T,605,BRCT,0.0,normal,27.0,intermediate
214745155,A,G,BARD1_X9,BARD1_X9A,synonymous_variant,0.0302943,functionally_normal,T605T,214745155:G,-0.354068,normal,T,T,605,BRCT,0.0,normal,27.0,intermediate
214745155,A,T,BARD1_X9,BARD1_X9A,synonymous_variant,0.0234447,functionally_normal,T605T,214745155:T,-0.411443,normal,T,T,605,BRCT,0.0,normal,27.0,intermediate
214745156,G,A,BARD1_X9,BARD1_X9A,missense_variant,-0.317898,functionally_abnormal,T605I,214745156:A,-0.56359,low,T,I,605,BRCT,2.9866,destabilizing,27.0,intermediate
214745156,G,C,BARD1_X9,BARD1_X9A,missense_variant,0.0033028,functionally_normal,T605S,214745156:C,-0.435868,normal,T,S,605,BRCT,0.7027,normal,27.0,intermediate
214745157,T,A,BARD1_X9,BARD1_X9A,missense_variant,0.0119471,functionally_normal,T605S,214745157:A,-0.542464,low,T,S,605,BRCT,0.7027,normal,27.0,intermediate
214745156,G,T,BARD1_X9,BARD1_X9A,missense_variant,-0.276512,functionally_abnormal,T605N,214745156:T,-0.396606,normal,T,N,605,BRCT,1.5992,destabilizing,27.0,intermediate
214745157,T,C,BARD1_X9,BARD1_X9A,missense_variant,-0.294069,functionally_abnormal,T605A,214745157:C,-1.12437,low,T,A,605,BRCT,2.7263,destabilizing,27.0,intermediate
214745157,T,G,BARD1_X9,BARD1_X9A,missense_variant,-0.296149,functionally_abnormal,T605P,214745157:G,-0.827604,low,T,P,605,BRCT,3.0473,destabilizing,27.0,intermediate
214745158,T,A,BARD1_X9,BARD1_X9A,splicing_variant,0.0164776,functionally_normal,V604V,214745158:A,-0.228617,normal,V,V,604,BRCT,0.0,normal,3.3,buried
214745158,T,C,BARD1_X9,BARD1_X9A,splicing_variant,0.0150565,functionally_normal,V604V,214745158:C,-0.253232,normal,V,V,604,BRCT,0.0,normal,3.3,buried
214745158,T,G,BARD1_X9,BARD1_X9A,splicing_variant,0.0197749,functionally_normal,V604V,214745158:G,-0.44999,normal,V,V,604,BRCT,0.0,normal,3.3,buried
214745159,A,C,BARD1_X9,BARD1_X9A,missense_variant,-0.169672,functionally_abnormal,V604G,214745159:C,-0.467329,normal,V,G,604,BRCT,2.2253,destabilizing,3.3,buried
214745159,A,G,BARD1_X9,BARD1_X9A,missense_variant,-0.00205462,functionally_normal,V604A,214745159:G,-0.498592,low,V,A,604,BRCT,1.2119,normal,3.3,buried
214745159,A,T,BARD1_X9,BARD1_X9A,missense_variant,-0.21008,functionally_abnormal,V604E,214745159:T,-0.422675,normal,V,E,604,BRCT,2.6751,destabilizing,3.3,buried
214745722,C,A,BARD1_X8,BARD1_X8B,missense_variant,-0.270911,functionally_abnormal,V604L,214745722:A,-1.69741,low,V,L,604,BRCT,1.3637,normal,3.3,buried
214745722,C,G,BARD1_X8,BARD1_X8B,missense_variant,-0.256255,functionally_abnormal,V604L,214745722:G,-1.70612,low,V,L,604,BRCT,1.3637,normal,3.3,buried
214745722,C,T,BARD1_X8,BARD1_X8B,missense_variant,-0.201828,functionally_abnormal,V604I,214745722:T,-2.92712,low,V,I,604,BRCT,0.6862,normal,3.3,buried
214745723,T,A,BARD1_X8,BARD1_X8B,splicing_variant,0.0214375,functionally_normal,T603T,214745723:A,-0.436108,normal,T,T,603,BRCT,0.0,normal,48.9,intermediate
214745723,T,C,BARD1_X8,BARD1_X8B,splicing_variant,0.00340938,functionally_normal,T603T,214745723:C,-0.566075,low,T,T,603,BRCT,0.0,normal,48.9,intermediate
214745723,T,G,BARD1_X8,BARD1_X8B,splicing_variant,0.0126271,functionally_normal,T603T,214745723:G,-0.306797,normal,T,T,603,BRCT,0.0,normal,48.9,intermediate
214745724,G,A,BARD1_X8,BARD1_X8B,missense_variant,-0.00725262,functionally_normal,T603I,214745724:A,-0.567623,low,T,I,603,BRCT,0.2683,normal,48.9,intermediate
214745724,G,C,BARD1_X8,BARD1_X8B,missense_variant,0.0169834,functionally_normal,T603R,214745724:C,-0.501352,low,T,R,603,BRCT,0.0133,normal,48.9,intermediate
214745724,G,T,BARD1_X8,BARD1_X8B,missense_variant,0.0150318,functionally_normal,T603K,214745724:T,-0.239974,normal,T,K,603,BRCT,-0.0427,normal,48.9,intermediate
214745725,T,A,BARD1_X8,BARD1_X8B,missense_variant,0.0158966,functionally_normal,T603S,214745725:A,-0.275649,normal,T,S,603,BRCT,-0.1952,normal,48.9,intermediate
214745725,T,C,BARD1_X8,BARD1_X8B,missense_variant,0.0227195,functionally_normal,T603A,214745725:C,-0.375783,normal,T,A,603,BRCT,-0.1905,normal,48.9,intermediate
214745725,T,G,BARD1_X8,BARD1_X8B,missense_variant,-0.0039357,functionally_normal,T603P,214745725:G,-0.513012,low,T,P,603,BRCT,1.5309,normal,48.9,intermediate
214745726,A,C,BARD1_X8,BARD1_X8B,missense_variant,0.00290664,functionally_normal,S602R,214745726:C,-0.466868,normal,S,R,602,BRCT,0.3357,normal,57.7,exposed
214745726,A,T,BARD1_X8,BARD1_X8B,missense_variant,0.0110338,functionally_normal,S602R,214745726:T,-0.405022,normal,S,R,602,BRCT,0.3357,normal,57.7,exposed
214745728,T,G,BARD1_X8,BARD1_X8B,missense_variant,0.0239865,functionally_normal,S602R,214745728:G,-0.382614,normal,S,R,602,BRCT,0.3357,normal,57.7,exposed
214745726,A,G,BARD1_X8,BARD1_X8B,synonymous_variant,0.00655603,functionally_normal,S602S,214745726:G,-0.372932,normal,S,S,602,BRCT,0.0,normal,57.7,exposed
214745727,C,A,BARD1_X8,BARD1_X8B,missense_variant,-0.00190891,functionally_normal,S602I,214745727:A,-0.464149,normal,S,I,602,BRCT,0.4368,normal,57.7,exposed
214745727,C,G,BARD1_X8,BARD1_X8B,missense_variant,0.00130171,functionally_normal,S602T,214745727:G,-0.399714,normal,S,T,602,BRCT,0.254,normal,57.7,exposed
214745727,C,T,BARD1_X8,BARD1_X8B,missense_variant,0.0219534,functionally_normal,S602N,214745727:T,-0.420462,normal,S,N,602,BRCT,0.2104,normal,57.7,exposed
214745728,T,A,BARD1_X8,BARD1_X8B,missense_variant,0.00441322,functionally_normal,S602C,214745728:A,-0.428975,normal,S,C,602,BRCT,0.0574,normal,57.7,exposed
214745728,T,C,BARD1_X8,BARD1_X8B,missense_variant,0.0107111,functionally_normal,S602G,214745728:C,-0.333128,normal,S,G,602,BRCT,0.3959,normal,57.7,exposed
214745729,G,A,BARD1_X8,BARD1_X8B,synonymous_variant,0.00165991,functionally_normal,D601D,214745729:A,-0.432662,normal,D,D,601,BRCT,0.0,normal,34.6,intermediate
214745729,G,C,BARD1_X8,BARD1_X8B,missense_variant,0.000992226,functionally_normal,D601E,214745729:C,-0.375151,normal,D,E,601,BRCT,0.3211,normal,34.6,intermediate
214745729,G,T,BARD1_X8,BARD1_X8B,missense_variant,0.00971245,functionally_normal,D601E,214745729:T,-0.285951,normal,D,E,601,BRCT,0.3211,normal,34.6,intermediate
214745730,T,A,BARD1_X8,BARD1_X8B,missense_variant,0.0189104,functionally_normal,D601V,214745730:A,-0.218054,normal,D,V,601,BRCT,0.5382,normal,34.6,intermediate
214745730,T,C,BARD1_X8,BARD1_X8B,missense_variant,0.0147335,functionally_normal,D601G,214745730:C,-0.280892,normal,D,G,601,BRCT,0.412,normal,34.6,intermediate
214745730,T,G,BARD1_X8,BARD1_X8B,missense_variant,0.00401997,functionally_normal,D601A,214745730:G,-0.670111,low,D,A,601,BRCT,0.4137,normal,34.6,intermediate
214745731,C,A,BARD1_X8,BARD1_X8B,missense_variant,-0.0282189,functionally_normal,D601Y,214745731:A,-0.310097,normal,D,Y,601,BRCT,0.3615,normal,34.6,intermediate
214745731,C,G,BARD1_X8,BARD1_X8B,missense_variant,0.00623918,functionally_normal,D601H,214745731:G,-0.13363,normal,D,H,601,BRCT,0.1281,normal,34.6,intermediate
214745731,C,T,BARD1_X8,BARD1_X8B,missense_variant,0.00989001,functionally_normal,D601N,214745731:T,-0.239255,normal,D,N,601,BRCT,0.1022,normal,34.6,intermediate
214745732,A,C,BARD1_X8,BARD1_X8B,missense_variant,-0.0445461,indeterminate,F600L,214745732:C,-0.71859,low,F,L,600,BRCT,1.0426,normal,20.7,intermediate
214745732,A,T,BARD1_X8,BARD1_X8B,missense_variant,-0.0219649,functionally_normal,F600L,214745732:T,0.522168,normal,F,L,600,BRCT,1.0426,normal,20.7,intermediate
214745734,A,G,BARD1_X8,BARD1_X8B,missense_variant,-0.0104664,functionally_normal,F600L,214745734:G,-0.398619,normal,F,L,600,BRCT,1.0426,normal,20.7,intermediate
214745732,A,G,BARD1_X8,BARD1_X8B,synonymous_variant,0.0176822,functionally_normal,F600F,214745732:G,-0.32803,normal,F,F,600,BRCT,0.0,normal,20.7,intermediate
214745733,A,C,BARD1_X8,BARD1_X8B,missense_variant,-0.0616402,functionally_abnormal,F600C,214745733:C,0.0539341,normal,F,C,600,BRCT,1.2347,normal,20.7,intermediate
214745733,A,G,BARD1_X8,BARD1_X8B,missense_variant,-0.0802412,functionally_abnormal,F600S,214745733:G,-0.17516,normal,F,S,600,BRCT,2.0479,destabilizing,20.7,intermediate
214745733,A,T,BARD1_X8,BARD1_X8B,missense_variant,0.00348226,functionally_normal,F600Y,214745733:T,-0.643974,low,F,Y,600,BRCT,0.2833,normal,20.7,intermediate
214745734,A,C,BARD1_X8,BARD1_X8B,missense_variant,-0.0518505,indeterminate,F600V,214745734:C,0.127426,normal,F,V,600,BRCT,1.514,normal,20.7,intermediate
214745734,A,T,BARD1_X8,BARD1_X8B,missense_variant,-0.0226812,functionally_normal,F600I,214745734:T,-0.526316,low,F,I,600,BRCT,1.1473,normal,20.7,intermediate
214745735,C,A,BARD1_X8,BARD1_X8B,missense_variant,0.017343,functionally_normal,E599D,214745735:A,-0.344033,normal,E,D,599,BRCT,0.4831,normal,58.9,exposed
214745735,C,G,BARD1_X8,BARD1_X8B,missense_variant,-0.00408684,functionally_normal,E599D,214745735:G,-0.514958,low,E,D,599,BRCT,0.4831,normal,58.9,exposed
214745735,C,T,BARD1_X8,BARD1_X8B,synonymous_variant,0.0160926,functionally_normal,E599E,214745735:T,-0.355334,normal,E,E,599,BRCT,0.0,normal,58.9,exposed
214745736,T,A,BARD1_X8,BARD1_X8B,missense_variant,0.0159071,functionally_normal,E599V,214745736:A,-0.35165,normal,E,V,599,BRCT,0.0679,normal,58.9,exposed
214745736,T,C,BARD1_X8,BARD1_X8B,missense_variant,0.00605096,functionally_normal,E599G,214745736:C,-0.340031,normal,E,G,599,BRCT,0.9814,normal,58.9,exposed
214745736,T,G,BARD1_X8,BARD1_X8B,missense_variant,0.020572,functionally_normal,E599A,214745736:G,-0.315275,normal,E,A,599,BRCT,0.3861,normal,58.9,exposed
214745737,C,G,BARD1_X8,BARD1_X8B,missense_variant,-0.00146061,functionally_normal,E599Q,214745737:G,-0.391854,normal,E,Q,599,BRCT,0.2007,normal,58.9,exposed
214745737,C,T,BARD1_X8,BARD1_X8B,missense_variant,0.0110295,functionally_normal,E599K,214745737:T,-0.426572,normal,E,K,599,BRCT,0.3246,normal,58.9,exposed
214745738,A,C,BARD1_X8,BARD1_X8B,synonymous_variant,0.00942272,functionally_normal,T598T,214745738:C,-0.416089,normal,T,T,598,BRCT,0.0,normal,53.7,exposed
214745738,A,G,BARD1_X8,BARD1_X8B,synonymous_variant,0.00946329,functionally_normal,T598T,214745738:G,-0.260219,normal,T,T,598,BRCT,0.0,normal,53.7,exposed
214745738,A,T,BARD1_X8,BARD1_X8B,synonymous_variant,-4.93997e-05,functionally_normal,T598T,214745738:T,-0.500659,low,T,T,598,BRCT,0.0,normal,53.7,exposed
214745739,G,A,BARD1_X8,BARD1_X8B,missense_variant,0.000847753,functionally_normal,T598I,214745739:A,-0.284119,normal,T,I,598,BRCT,0.5155,normal,53.7,exposed
214745739,G,C,BARD1_X8,BARD1_X8B,missense_variant,0.0108977,functionally_normal,T598S,214745739:C,-0.356342,normal,T,S,598,BRCT,0.1898,normal,53.7,exposed
214745740,T,A,BARD1_X8,BARD1_X8B,missense_variant,0.00325833,functionally_normal,T598S,214745740:A,-0.473436,normal,T,S,598,BRCT,0.1898,normal,53.7,exposed
214745739,G,T,BARD1_X8,BARD1_X8B,missense_variant,0.00980519,functionally_normal,T598N,214745739:T,-0.348557,normal,T,N,598,BRCT,0.3157,normal,53.7,exposed
214745740,T,C,BARD1_X8,BARD1_X8B,missense_variant,0.0125335,functionally_normal,T598A,214745740:C,-0.280061,normal,T,A,598,BRCT,0.3755,normal,53.7,exposed
214745740,T,G,BARD1_X8,BARD1_X8B,missense_variant,0.0114579,functionally_normal,T598P,214745740:G,0.0658958,normal,T,P,598,BRCT,1.2235,normal,53.7,exposed
214745741,A,G,BARD1_X8,BARD1_X8B,synonymous_variant,0.00311871,functionally_normal,Y597Y,214745741:G,-0.292571,normal,Y,Y,597,BRCT,0.0,normal,22.1,intermediate
214745742,T,A,BARD1_X8,BARD1_X8B,missense_variant,0.00138733,functionally_normal,Y597F,214745742:A,-0.415696,normal,Y,F,597,BRCT,0.0439,normal,22.1,intermediate
214745742,T,C,BARD1_X8,BARD1_X8B,missense_variant,0.00686775,functionally_normal,Y597C,214745742:C,-0.233968,normal,Y,C,597,BRCT,0.3994,normal,22.1,intermediate
214745742,T,G,BARD1_X8,BARD1_X8B,missense_variant,0.00818371,functionally_normal,Y597S,214745742:G,-0.189396,normal,Y,S,597,BRCT,1.3751,normal,22.1,intermediate
214745743,A,C,BARD1_X8,BARD1_X8B,missense_variant,-0.0318386,functionally_normal,Y597D,214745743:C,-0.14016,normal,Y,D,597,BRCT,2.3235,destabilizing,22.1,intermediate
214745743,A,G,BARD1_X8,BARD1_X8B,missense_variant,0.0123036,functionally_normal,Y597H,214745743:G,-0.0406622,normal,Y,H,597,BRCT,0.8728,normal,22.1,intermediate
214745743,A,T,BARD1_X8,BARD1_X8B,missense_variant,0.00504666,functionally_normal,Y597N,214745743:T,-0.223466,normal,Y,N,597,BRCT,1.7713,destabilizing,22.1,intermediate
214745744,T,A,BARD1_X8,BARD1_X8B,missense_variant,0.0170326,functionally_normal,K596N,214745744:A,0.0131146,normal,K,N,596,BRCT,0.6807,normal,28.2,intermediate
214745744,T,G,BARD1_X8,BARD1_X8B,missense_variant,0.00956834,functionally_normal,K596N,214745744:G,0.0960195,normal,K,N,596,BRCT,0.6807,normal,28.2,intermediate
214745744,T,C,BARD1_X8,BARD1_X8B,synonymous_variant,0.00760471,functionally_normal,K596K,214745744:C,-0.166663,normal,K,K,596,BRCT,0.0,normal,28.2,intermediate
214745745,T,A,BARD1_X8,BARD1_X8B,missense_variant,-0.00386611,functionally_normal,K596I,214745745:A,-0.243768,normal,K,I,596,BRCT,-1.1876,normal,28.2,intermediate
214745745,T,C,BARD1_X8,BARD1_X8B,missense_variant,-0.0118412,functionally_normal,K596R,214745745:C,-0.0533352,normal,K,R,596,BRCT,-0.0471,normal,28.2,intermediate
214745745,T,G,BARD1_X8,BARD1_X8B,missense_variant,0.0119471,functionally_normal,K596T,214745745:G,-0.103757,normal,K,T,596,BRCT,-0.0797,normal,28.2,intermediate
214745746,T,C,BARD1_X8,BARD1_X8B,missense_variant,-0.0125863,functionally_normal,K596E,214745746:C,-0.261246,normal,K,E,596,BRCT,0.5194,normal,28.2,intermediate
214745746,T,G,BARD1_X8,BARD1_X8B,missense_variant,-0.012393,functionally_normal,K596Q,214745746:G,-0.151887,normal,K,Q,596,BRCT,0.0586,normal,28.2,intermediate
214745747,T,A,BARD1_X8,BARD1_X8B,missense_variant,-0.0128203,functionally_normal,K595N,214745747:A,-0.232884,normal,K,N,595,BRCT,0.7226,normal,51.6,exposed
214745747,T,G,BARD1_X8,BARD1_X8B,missense_variant,0.0045362,functionally_normal,K595N,214745747:G,0.0543919,normal,K,N,595,BRCT,0.7226,normal,51.6,exposed
214745747,T,C,BARD1_X8,BARD1_X8B,synonymous_variant,0.0164523,functionally_normal,K595K,214745747:C,-0.236372,normal,K,K,595,BRCT,0.0,normal,51.6,exposed
214745748,T,A,BARD1_X8,BARD1_X8B,missense_variant,-0.00321981,functionally_normal,K595I,214745748:A,-0.0691671,normal,K,I,595,BRCT,0.1194,normal,51.6,exposed
214745748,T,C,BARD1_X8,BARD1_X8B,missense_variant,0.00325435,functionally_normal,K595R,214745748:C,-0.246001,normal,K,R,595,BRCT,-0.0938,normal,51.6,exposed
214745748,T,G,BARD1_X8,BARD1_X8B,missense_variant,0.00507016,functionally_normal,K595T,214745748:G,-0.026601,normal,K,T,595,BRCT,0.7417,normal,51.6,exposed
214745749,T,C,BARD1_X8,BARD1_X8B,missense_variant,-0.00819237,functionally_normal,K595E,214745749:C,-0.15854,normal,K,E,595,BRCT,0.9335,normal,51.6,exposed
214745749,T,G,BARD1_X8,BARD1_X8B,missense_variant,0.00599832,functionally_normal,K595Q,214745749:G,0.0931823,normal,K,Q,595,BRCT,0.4766,normal,51.6,exposed
214745750,A,C,BARD1_X8,BARD1_X8B,synonymous_variant,0.00211342,functionally_normal,A594A,214745750:C,0.0303856,normal,A,A,594,BRCT,0.0,normal,20.7,intermediate
214745750,A,G,BARD1_X8,BARD1_X8B,synonymous_variant,0.000934379,functionally_normal,A594A,214745750:G,0.00384432,normal,A,A,594,BRCT,0.0,normal,20.7,intermediate
214745750,A,T,BARD1_X8,BARD1_X8B,synonymous_variant,0.0142548,functionally_normal,A594A,214745750:T,-0.254261,normal,A,A,594,BRCT,0.0,normal,20.7,intermediate
214745751,G,A,BARD1_X8,BARD1_X8B,missense_variant,-0.00493384,functionally_normal,A594V,214745751:A,-0.299668,normal,A,V,594,BRCT,0.2276,normal,20.7,intermediate
214745751,G,C,BARD1_X8,BARD1_X8B,missense_variant,0.0154078,functionally_normal,A594G,214745751:C,-0.0311566,normal,A,G,594,BRCT,1.6086,destabilizing,20.7,intermediate
214745751,G,T,BARD1_X8,BARD1_X8B,missense_variant,-0.262042,functionally_abnormal,A594D,214745751:T,-0.0263664,normal,A,D,594,BRCT,1.697,destabilizing,20.7,intermediate
214745752,C,A,BARD1_X8,BARD1_X8B,missense_variant,-0.00787528,functionally_normal,A594S,214745752:A,0.285584,normal,A,S,594,BRCT,0.614,normal,20.7,intermediate
214745752,C,G,BARD1_X8,BARD1_X8B,missense_variant,-0.288527,functionally_abnormal,A594P,214745752:G,0.1997,normal,A,P,594,BRCT,1.8311,destabilizing,20.7,intermediate
214745752,C,T,BARD1_X8,BARD1_X8B,missense_variant,-0.0386693,functionally_normal,A594T,214745752:T,0.0132689,normal,A,T,594,BRCT,0.6936,normal,20.7,intermediate
214745753,C,A,BARD1_X8,BARD1_X8B,missense_variant,0.00567694,functionally_normal,K593N,214745753:A,0.351139,normal,K,N,593,BRCT,-0.0821,normal,71.0,exposed
214745753,C,G,BARD1_X8,BARD1_X8B,missense_variant,-0.00379316,functionally_normal,K593N,214745753:G,0.0529911,normal,K,N,593,BRCT,-0.0821,normal,71.0,exposed
214745753,C,T,BARD1_X8,BARD1_X8B,synonymous_variant,-0.00073128,functionally_normal,K593K,214745753:T,-0.123808,normal,K,K,593,BRCT,0.0,normal,71.0,exposed
214745754,T,A,BARD1_X8,BARD1_X8B,missense_variant,0.00432655,functionally_normal,K593M,214745754:A,0.178292,normal,K,M,593,BRCT,0.1505,normal,71.0,exposed
214745754,T,C,BARD1_X8,BARD1_X8B,missense_variant,0.00716266,functionally_normal,K593R,214745754:C,0.140369,normal,K,R,593,BRCT,0.1961,normal,71.0,exposed
214745754,T,G,BARD1_X8,BARD1_X8B,missense_variant,-0.00601992,functionally_normal,K593T,214745754:G,0.282779,normal,K,T,593,BRCT,0.9697,normal,71.0,exposed
214745755,T,C,BARD1_X8,BARD1_X8B,missense_variant,0.00704918,functionally_normal,K593E,214745755:C,0.237866,normal,K,E,593,BRCT,0.587,normal,71.0,exposed
214745755,T,G,BARD1_X8,BARD1_X8B,missense_variant,0.00523947,functionally_normal,K593Q,214745755:G,0.0568183,normal,K,Q,593,BRCT,0.0208,normal,71.0,exposed
214745762,T,A,BARD1_X8,BARD1_X8B,synonymous_variant,0.0186081,functionally_normal,V590V,214745762:A,0.180471,normal,V,V,590,BRCT,0.0,normal,62.2,exposed
214745762,T,C,BARD1_X8,BARD1_X8B,synonymous_variant,0.0063168,functionally_normal,V590V,214745762:C,0.2169,normal,V,V,590,BRCT,0.0,normal,62.2,exposed
214745762,T,G,BARD1_X8,BARD1_X8B,synonymous_variant,0.0227736,functionally_normal,V590V,214745762:G,0.0768429,normal,V,V,590,BRCT,0.0,normal,62.2,exposed
214745763,A,C,BARD1_X8,BARD1_X8B,missense_variant,0.0125129,functionally_normal,V590G,214745763:C,0.331499,normal,V,G,590,BRCT,0.2919,normal,62.2,exposed
214745763,A,G,BARD1_X8,BARD1_X8B,missense_variant,0.014796,functionally_normal,V590A,214745763:G,0.343614,normal,V,A,590,BRCT,-0.177,normal,62.2,exposed
214745763,A,T,BARD1_X8,BARD1_X8B,missense_variant,0.0136408,functionally_normal,V590E,214745763:T,0.448642,normal,V,E,590,BRCT,-0.1532,normal,62.2,exposed
214745764,C,A,BARD1_X8,BARD1_X8B,missense_variant,-0.0056668,functionally_normal,V590L,214745764:A,0.347642,normal,V,L,590,BRCT,-0.2238,normal,62.2,exposed
214745764,C,G,BARD1_X8,BARD1_X8B,missense_variant,0.000444656,functionally_normal,V590L,214745764:G,0.164698,normal,V,L,590,BRCT,-0.2238,normal,62.2,exposed
214745764,C,T,BARD1_X8,BARD1_X8B,missense_variant,0.0132772,functionally_normal,V590I,214745764:T,0.471385,normal,V,I,590,BRCT,-0.159,normal,62.2,exposed
214745765,T,A,BARD1_X8,BARD1_X8B,synonymous_variant,0.00809518,functionally_normal,A589A,214745765:A,0.269743,normal,A,A,589,BRCT,0.0,normal,4.1,buried
214745765,T,C,BARD1_X8,BARD1_X8B,synonymous_variant,-0.000182383,functionally_normal,A589A,214745765:C,0.168054,normal,A,A,589,BRCT,0.0,normal,4.1,buried
214745765,T,G,BARD1_X8,BARD1_X8B,synonymous_variant,0.00729865,functionally_normal,A589A,214745765:G,0.234792,normal,A,A,589,BRCT,0.0,normal,4.1,buried
214745766,G,A,BARD1_X8,BARD1_X8B,missense_variant,0.00482976,functionally_normal,A589V,214745766:A,0.543416,normal,A,V,589,BRCT,1.145,normal,4.1,buried
214745766,G,C,BARD1_X8,BARD1_X8B,missense_variant,-0.0386371,functionally_normal,A589G,214745766:C,0.313027,normal,A,G,589,BRCT,1.3545,normal,4.1,buried
214745766,G,T,BARD1_X8,BARD1_X8B,missense_variant,-0.024028,functionally_normal,A589E,214745766:T,-0.088499,normal,A,E,589,BRCT,2.0294,destabilizing,4.1,buried
214745767,C,A,BARD1_X8,BARD1_X8B,missense_variant,-0.00472163,functionally_normal,A589S,214745767:A,0.287043,normal,A,S,589,BRCT,0.7345,normal,4.1,buried
214745767,C,G,BARD1_X8,BARD1_X8B,missense_variant,-0.28734,functionally_abnormal,A589P,214745767:G,0.465916,normal,A,P,589,BRCT,2.3874,destabilizing,4.1,buried
214745767,C,T,BARD1_X8,BARD1_X8B,missense_variant,0.00426211,functionally_normal,A589T,214745767:T,0.511245,normal,A,T,589,BRCT,1.2038,normal,4.1,buried
214745768,A,C,BARD1_X8,BARD1_X8B,synonymous_variant,0.00196891,functionally_normal,L588L,214745768:C,0.508338,normal,L,L,588,BRCT,0.0,normal,0.7,buried
214745768,A,G,BARD1_X8,BARD1_X8B,synonymous_variant,0.010354,functionally_normal,L588L,214745768:G,0.428982,normal,L,L,588,BRCT,0.0,normal,0.7,buried
214745768,A,T,BARD1_X8,BARD1_X8B,synonymous_variant,0.0047214,functionally_normal,L588L,214745768:T,0.292588,normal,L,L,588,BRCT,0.0,normal,0.7,buried
214745769,A,C,BARD1_X8,BARD1_X8B,missense_variant,-0.205262,functionally_abnormal,L588R,214745769:C,-0.141262,normal,L,R,588,BRCT,2.5826,destabilizing,0.7,buried
214745769,A,G,BARD1_X8,BARD1_X8B,missense_variant,-0.248008,functionally_abnormal,L588P,214745769:G,-0.0499734,normal,L,P,588,BRCT,2.8164,destabilizing,0.7,buried
214745769,A,T,BARD1_X8,BARD1_X8B,missense_variant,-0.243137,functionally_abnormal,L588H,214745769:T,0.207931,normal,L,H,588,BRCT,2.2994,destabilizing,0.7,buried
214745770,G,A,BARD1_X8,BARD1_X8B,missense_variant,-0.0654018,functionally_abnormal,L588F,214745770:A,0.510516,normal,L,F,588,BRCT,0.8169,normal,0.7,buried
214745770,G,C,BARD1_X8,BARD1_X8B,missense_variant,-0.00652132,functionally_normal,L588V,214745770:C,0.303944,normal,L,V,588,BRCT,0.9212,normal,0.7,buried
214745770,G,T,BARD1_X8,BARD1_X8B,missense_variant,-0.0191314,functionally_normal,L588I,214745770:T,0.64651,normal,L,I,588,BRCT,0.6637,normal,0.7,buried
214745771,C,A,BARD1_X8,BARD1_X8B,missense_variant,-0.0174493,functionally_normal,E587D,214745771:A,0.801557,normal,E,D,587,BRCT,0.3672,normal,45.8,intermediate
214745771,C,G,BARD1_X8,BARD1_X8B,missense_variant,0.0104859,functionally_normal,E587D,214745771:G,0.539629,normal,E,D,587,BRCT,0.3672,normal,45.8,intermediate
214745771,C,T,BARD1_X8,BARD1_X8B,synonymous_variant,0.0169575,functionally_normal,E587E,214745771:T,0.709815,normal,E,E,587,BRCT,0.0,normal,45.8,intermediate
214745772,T,A,BARD1_X8,BARD1_X8B,missense_variant,-0.0089736,functionally_normal,E587V,214745772:A,0.606746,normal,E,V,587,BRCT,0.0914,normal,45.8,intermediate
214745772,T,C,BARD1_X8,BARD1_X8B,missense_variant,-0.0072634,functionally_normal,E587G,214745772:C,0.625216,normal,E,G,587,BRCT,0.8244,normal,45.8,intermediate
214745772,T,G,BARD1_X8,BARD1_X8B,missense_variant,0.0129261,functionally_normal,E587A,214745772:G,0.248367,normal,E,A,587,BRCT,-0.0281,normal,45.8,intermediate
214745773,C,G,BARD1_X8,BARD1_X8B,missense_variant,-0.00440068,functionally_normal,E587Q,214745773:G,0.394751,normal,E,Q,587,BRCT,-0.0515,normal,45.8,intermediate
214745773,C,T,BARD1_X8,BARD1_X8B,missense_variant,-0.00827038,functionally_normal,E587K,214745773:T,0.347241,normal,E,K,587,BRCT,-0.0382,normal,45.8,intermediate
214745774,A,C,BARD1_X8,BARD1_X8B,missense_variant,-0.0144472,functionally_normal,S586R,214745774:C,0.493863,normal,S,R,586,BRCT,-0.1339,normal,28.7,intermediate
214745774,A,T,BARD1_X8,BARD1_X8B,missense_variant,0.0127766,functionally_normal,S586R,214745774:T,0.534417,normal,S,R,586,BRCT,-0.1339,normal,28.7,intermediate
214745776,T,G,BARD1_X8,BARD1_X8B,missense_variant,-0.0115947,functionally_normal,S586R,214745776:G,0.398935,normal,S,R,586,BRCT,-0.1339,normal,28.7,intermediate
214745774,A,G,BARD1_X8,BARD1_X8B,synonymous_variant,0.00765439,functionally_normal,S586S,214745774:G,0.57492,normal,S,S,586,BRCT,0.0,normal,28.7,intermediate
214745775,C,A,BARD1_X8,BARD1_X8B,missense_variant,-0.0180241,functionally_normal,S586I,214745775:A,0.492546,normal,S,I,586,BRCT,0.0024,normal,28.7,intermediate
214745775,C,G,BARD1_X8,BARD1_X8B,missense_variant,-0.000859574,functionally_normal,S586T,214745775:G,0.840409,normal,S,T,586,BRCT,0.1111,normal,28.7,intermediate
214745775,C,T,BARD1_X8,BARD1_X8B,missense_variant,0.00286395,functionally_normal,S586N,214745775:T,0.593174,normal,S,N,586,BRCT,0.1232,normal,28.7,intermediate
214745776,T,A,BARD1_X8,BARD1_X8B,missense_variant,0.00962775,functionally_normal,S586C,214745776:A,0.640436,normal,S,C,586,BRCT,-0.2104,normal,28.7,intermediate
214745776,T,C,BARD1_X8,BARD1_X8B,missense_variant,0.0185382,functionally_normal,S586G,214745776:C,0.29096,normal,S,G,586,BRCT,0.4856,normal,28.7,intermediate
214745777,G,A,BARD1_X8,BARD1_X8B,synonymous_variant,-0.0154868,functionally_normal,L585L,214745777:A,0.177242,normal,L,L,585,BRCT,0.0,normal,0.0,buried
214745777,G,C,BARD1_X8,BARD1_X8B,synonymous_variant,0.00296792,functionally_normal,L585L,214745777:C,0.544982,normal,L,L,585,BRCT,0.0,normal,0.0,buried
214745777,G,T,BARD1_X8,BARD1_X8B,synonymous_variant,-0.0142118,functionally_normal,L585L,214745777:T,0.472411,normal,L,L,585,BRCT,0.0,normal,0.0,buried
214745778,A,C,BARD1_X8,BARD1_X8A;BARD1_X8B,missense_variant,-0.22367,functionally_abnormal,L585R,214745778:C,0.254289,normal,L,R,585,BRCT,3.325,destabilizing,0.0,buried
214745778,A,G,BARD1_X8,BARD1_X8A;BARD1_X8B,missense_variant,-0.233559,functionally_abnormal,L585P,214745778:G,0.0530781,normal,L,P,585,BRCT,3.2822,destabilizing,0.0,buried
214745778,A,T,BARD1_X8,BARD1_X8A;BARD1_X8B,missense_variant,-0.314357,functionally_abnormal,L585H,214745778:T,-0.151554,normal,L,H,585,BRCT,3.448,destabilizing,0.0,buried
214745779,G,A,BARD1_X8,BARD1_X8A;BARD1_X8B,missense_variant,-0.0164926,functionally_normal,L585F,214745779:A,0.213604,normal,L,F,585,BRCT,1.9353,destabilizing,0.0,buried
214745779,G,C,BARD1_X8,BARD1_X8A;BARD1_X8B,missense_variant,-0.0341611,functionally_normal,L585V,214745779:C,0.479814,normal,L,V,585,BRCT,1.5969,destabilizing,0.0,buried
214745779,G,T,BARD1_X8,BARD1_X8A;BARD1_X8B,missense_variant,-0.01314,functionally_normal,L585I,214745779:T,0.231503,normal,L,I,585,BRCT,1.1003,normal,0.0,buried
214745780,C,A,BARD1_X8,BARD1_X8A;BARD1_X8B,missense_variant,-0.0223329,functionally_normal,M584I,214745780:A,0.530348,normal,M,I,584,BRCT,0.9706,normal,24.6,intermediate
214745780,C,G,BARD1_X8,BARD1_X8A;BARD1_X8B,missense_variant,-0.0188051,functionally_normal,M584I,214745780:G,0.402164,normal,M,I,584,BRCT,0.9706,normal,24.6,intermediate
214745780,C,T,BARD1_X8,BARD1_X8A;BARD1_X8B,missense_variant,0.00509864,functionally_normal,M584I,214745780:T,0.532691,normal,M,I,584,BRCT,0.9706,normal,24.6,intermediate
214745781,A,C,BARD1_X8,BARD1_X8A;BARD1_X8B,missense_variant,0.00343066,functionally_normal,M584R,214745781:C,0.279173,normal,M,R,584,BRCT,1.7687,destabilizing,24.6,intermediate
214745781,A,G,BARD1_X8,BARD1_X8A;BARD1_X8B,missense_variant,-0.00140557,functionally_normal,M584T,214745781:G,0.205103,normal,M,T,584,BRCT,1.9295,destabilizing,24.6,intermediate
214745781,A,T,BARD1_X8,BARD1_X8A;BARD1_X8B,missense_variant,0.00277301,functionally_normal,M584K,214745781:T,0.0482106,normal,M,K,584,BRCT,1.7175,destabilizing,24.6,intermediate
214745782,T,A,BARD1_X8,BARD1_X8A;BARD1_X8B,missense_variant,0.00857373,functionally_normal,M584L,214745782:A,0.176947,normal,M,L,584,BRCT,-0.0432,normal,24.6,intermediate
214745782,T,G,BARD1_X8,BARD1_X8A;BARD1_X8B,missense_variant,1.038e-05,functionally_normal,M584L,214745782:G,0.69945,normal,M,L,584,BRCT,-0.0432,normal,24.6,intermediate
214745782,T,C,BARD1_X8,BARD1_X8A;BARD1_X8B,missense_variant,-0.0174786,functionally_normal,M584V,214745782:C,0.413867,normal,M,V,584,BRCT,1.5538,normal,24.6,intermediate
214745783,T,A,BARD1_X8,BARD1_X8A;BARD1_X8B,missense_variant,-0.0167144,functionally_normal,K583N,214745783:A,0.404062,normal,K,N,583,BRCT,0.499,normal,58.0,exposed
214745783,T,G,BARD1_X8,BARD1_X8A;BARD1_X8B,missense_variant,0.000904228,functionally_normal,K583N,214745783:G,0.401969,normal,K,N,583,BRCT,0.499,normal,58.0,exposed
214745783,T,C,BARD1_X8,BARD1_X8A;BARD1_X8B,synonymous_variant,-0.0186697,functionally_normal,K583K,214745783:C,0.364725,normal,K,K,583,BRCT,0.0,normal,58.0,exposed
214745784,T,A,BARD1_X8,BARD1_X8A;BARD1_X8B,missense_variant,0.0195971,functionally_normal,K583I,214745784:A,0.383805,normal,K,I,583,BRCT,0.3215,normal,58.0,exposed
214745784,T,C,BARD1_X8,BARD1_X8A;BARD1_X8B,missense_variant,-0.0365642,functionally_normal,K583R,214745784:C,0.613021,normal,K,R,583,BRCT,-0.0436,normal,58.0,exposed
214745784,T,G,BARD1_X8,BARD1_X8A;BARD1_X8B,missense_variant,-0.0129448,functionally_normal,K583T,214745784:G,0.711706,normal,K,T,583,BRCT,0.5249,normal,58.0,exposed
214745785,T,C,BARD1_X8,BARD1_X8A;BARD1_X8B,missense_variant,-0.0120741,functionally_normal,K583E,214745785:C,0.482662,normal,K,E,583,BRCT,0.3885,normal,58.0,exposed
214745785,T,G,BARD1_X8,BARD1_X8A;BARD1_X8B,missense_variant,0.0213138,functionally_normal,K583Q,214745785:G,0.550942,normal,K,Q,583,BRCT,0.1978,normal,58.0,exposed
214745786,C,A,BARD1_X8,BARD1_X8A;BARD1_X8B,missense_variant,-0.00437092,functionally_normal,Q582H,214745786:A,-0.0724633,normal,Q,H,582,BRCT,0.4109,normal,26.3,intermediate
214745786,C,G,BARD1_X8,BARD1_X8A;BARD1_X8B,missense_variant,-0.00187143,functionally_normal,Q582H,214745786:G,0.649519,normal,Q,H,582,BRCT,0.4109,normal,26.3,intermediate
214745786,C,T,BARD1_X8,BARD1_X8A;BARD1_X8B,synonymous_variant,-0.00742457,functionally_normal,Q582Q,214745786:T,0.371894,normal,Q,Q,582,BRCT,0.0,normal,26.3,intermediate
214745787,T,A,BARD1_X8,BARD1_X8A;BARD1_X8B,missense_variant,0.000698718,functionally_normal,Q582L,214745787:A,0.381388,normal,Q,L,582,BRCT,0.1193,normal,26.3,intermediate
214745787,T,C,BARD1_X8,BARD1_X8A;BARD1_X8B,missense_variant,0.0026467,functionally_normal,Q582R,214745787:C,0.42656,normal,Q,R,582,BRCT,0.4556,normal,26.3,intermediate
214745787,T,G,BARD1_X8,BARD1_X8A;BARD1_X8B,missense_variant,-0.430693,functionally_abnormal,Q582P,214745787:G,0.741385,normal,Q,P,582,BRCT,2.0185,destabilizing,26.3,intermediate
214745788,G,C,BARD1_X8,BARD1_X8A;BARD1_X8B,missense_variant,0.00543592,functionally_normal,Q582E,214745788:C,0.416248,normal,Q,E,582,BRCT,-0.0561,normal,26.3,intermediate
214745788,G,T,BARD1_X8,BARD1_X8A;BARD1_X8B,missense_variant,0.00463542,functionally_normal,Q582K,214745788:T,0.635918,normal,Q,K,582,BRCT,0.4035,normal,26.3,intermediate
214745789,T,A,BARD1_X8,BARD1_X8A;BARD1_X8B,missense_variant,-0.0595914,indeterminate,Q581H,214745789:A,0.346893,normal,Q,H,581,BRCT,1.0446,normal,16.8,buried
214745789,T,G,BARD1_X8,BARD1_X8A;BARD1_X8B,missense_variant,-0.0461058,indeterminate,Q581H,214745789:G,0.247565,normal,Q,H,581,BRCT,1.0446,normal,16.8,buried
214745789,T,C,BARD1_X8,BARD1_X8A;BARD1_X8B,synonymous_variant,0.0225398,functionally_normal,Q581Q,214745789:C,0.637187,normal,Q,Q,581,BRCT,0.0,normal,16.8,buried
214745790,T,A,BARD1_X8,BARD1_X8A;BARD1_X8B,missense_variant,-0.188163,functionally_abnormal,Q581L,214745790:A,0.0182227,normal,Q,L,581,BRCT,0.5986,normal,16.8,buried
214745790,T,C,BARD1_X8,BARD1_X8A;BARD1_X8B,missense_variant,-0.158839,functionally_abnormal,Q581R,214745790:C,0.581701,normal,Q,R,581,BRCT,1.8383,destabilizing,16.8,buried
214745790,T,G,BARD1_X8,BARD1_X8A;BARD1_X8B,missense_variant,-0.515357,functionally_abnormal,Q581P,214745790:G,0.0784171,normal,Q,P,581,BRCT,2.7486,destabilizing,16.8,buried
214745791,G,C,BARD1_X8,BARD1_X8A;BARD1_X8B,missense_variant,0.0192774,functionally_normal,Q581E,214745791:C,0.434326,normal,Q,E,581,BRCT,0.3561,normal,16.8,buried
214745791,G,T,BARD1_X8,BARD1_X8A;BARD1_X8B,missense_variant,-0.0219854,functionally_normal,Q581K,214745791:T,0.469085,normal,Q,K,581,BRCT,1.7507,destabilizing,16.8,buried
214745792,T,A,BARD1_X8,BARD1_X8A,missense_variant,0.0409663,functionally_normal,E580D,214745792:A,0.353431,normal,E,D,580,BRCT,0.2042,normal,55.0,exposed
214745792,T,G,BARD1_X8,BARD1_X8A,missense_variant,0.0104232,functionally_normal,E580D,214745792:G,0.532426,normal,E,D,580,BRCT,0.2042,normal,55.0,exposed
214745792,T,C,BARD1_X8,BARD1_X8A,synonymous_variant,0.0162839,functionally_normal,E580E,214745792:C,0.731089,normal,E,E,580,BRCT,0.0,normal,55.0,exposed
214745793,T,A,BARD1_X8,BARD1_X8A,missense_variant,0.0210708,functionally_normal,E580V,214745793:A,0.792582,normal,E,V,580,BRCT,0.2766,normal,55.0,exposed
214745793,T,C,BARD1_X8,BARD1_X8A,missense_variant,0.0147635,functionally_normal,E580G,214745793:C,0.157522,normal,E,G,580,BRCT,0.5597,normal,55.0,exposed
214745793,T,G,BARD1_X8,BARD1_X8A,missense_variant,-0.00506593,functionally_normal,E580A,214745793:G,0.548527,normal,E,A,580,BRCT,0.1635,normal,55.0,exposed
214745794,C,G,BARD1_X8,BARD1_X8A,missense_variant,-0.0628212,functionally_abnormal,E580Q,214745794:G,0.660967,normal,E,Q,580,BRCT,0.3175,normal,55.0,exposed
214745794,C,T,BARD1_X8,BARD1_X8A,missense_variant,-0.0275219,functionally_normal,E580K,214745794:T,0.322909,normal,E,K,580,BRCT,0.4056,normal,55.0,exposed
214745795,T,A,BARD1_X8,BARD1_X8A,synonymous_variant,-0.0185458,functionally_normal,S579S,214745795:A,0.842283,normal,S,S,579,BRCT,0.0,normal,61.8,exposed
214745795,T,C,BARD1_X8,BARD1_X8A,synonymous_variant,-0.0159465,functionally_normal,S579S,214745795:C,0.70817,normal,S,S,579,BRCT,0.0,normal,61.8,exposed
214745795,T,G,BARD1_X8,BARD1_X8A,synonymous_variant,0.0458772,functionally_normal,S579S,214745795:G,0.225068,normal,S,S,579,BRCT,0.0,normal,61.8,exposed
214745796,G,A,BARD1_X8,BARD1_X8A,missense_variant,-0.00721342,functionally_normal,S579L,214745796:A,0.27096,normal,S,L,579,BRCT,0.1011,normal,61.8,exposed
214745797,A,C,BARD1_X8,BARD1_X8A,missense_variant,-0.026177,functionally_normal,S579A,214745797:C,0.965789,normal,S,A,579,BRCT,-0.0835,normal,61.8,exposed
214745797,A,G,BARD1_X8,BARD1_X8A,missense_variant,0.017464,functionally_normal,S579P,214745797:G,0.50336,normal,S,P,579,BRCT,-0.0788,normal,61.8,exposed
214745797,A,T,BARD1_X8,BARD1_X8A,missense_variant,-0.0260064,functionally_normal,S579T,214745797:T,0.188788,normal,S,T,579,BRCT,0.1676,normal,61.8,exposed
214745798,A,C,BARD1_X8,BARD1_X8A,synonymous_variant,0.0152138,functionally_normal,S578S,214745798:C,0.361473,normal,S,S,578,BRCT,0.0,normal,35.2,intermediate
214745798,A,G,BARD1_X8,BARD1_X8A,synonymous_variant,-0.0220956,functionally_normal,S578S,214745798:G,0.661397,normal,S,S,578,BRCT,0.0,normal,35.2,intermediate
214745798,A,T,BARD1_X8,BARD1_X8A,synonymous_variant,0.0281024,functionally_normal,S578S,214745798:T,0.363863,normal,S,S,578,BRCT,0.0,normal,35.2,intermediate
214745799,G,A,BARD1_X8,BARD1_X8A,missense_variant,-0.0872193,functionally_abnormal,S578F,214745799:A,0.00656334,normal,S,F,578,BRCT,1.2537,normal,35.2,intermediate
214745799,G,C,BARD1_X8,BARD1_X8A,missense_variant,-0.0179172,functionally_normal,S578C,214745799:C,0.531316,normal,S,C,578,BRCT,0.5489,normal,35.2,intermediate
214745799,G,T,BARD1_X8,BARD1_X8A,missense_variant,-0.0965279,functionally_abnormal,S578Y,214745799:T,0.0964218,normal,S,Y,578,BRCT,1.3137,normal,35.2,intermediate
214745800,A,C,BARD1_X8,BARD1_X8A,missense_variant,-0.0155227,functionally_normal,S578A,214745800:C,0.404045,normal,S,A,578,BRCT,0.8062,normal,35.2,intermediate
214745800,A,G,BARD1_X8,BARD1_X8A,missense_variant,-0.16886,functionally_abnormal,S578P,214745800:G,0.760123,normal,S,P,578,BRCT,1.3898,normal,35.2,intermediate
214745800,A,T,BARD1_X8,BARD1_X8A,missense_variant,0.04151,functionally_normal,S578T,214745800:T,0.561344,normal,S,T,578,BRCT,-0.13,normal,35.2,intermediate
214745801,C,A,BARD1_X8,BARD1_X8A,synonymous_variant,-0.00801057,functionally_normal,L577L,214745801:A,0.40333,normal,L,L,577,BRCT,0.0,normal,16.8,buried
214745801,C,G,BARD1_X8,BARD1_X8A,synonymous_variant,0.00652981,functionally_normal,L577L,214745801:G,0.444461,normal,L,L,577,BRCT,0.0,normal,16.8,buried
214745801,C,T,BARD1_X8,BARD1_X8A,synonymous_variant,0.0293936,functionally_normal,L577L,214745801:T,0.420627,normal,L,L,577,BRCT,0.0,normal,16.8,buried
214745803,G,A,BARD1_X8,BARD1_X8A,synonymous_variant,-0.0118189,functionally_normal,L577L,214745803:A,0.532626,normal,L,L,577,BRCT,0.0,normal,16.8,buried
214745802,A,C,BARD1_X8,BARD1_X8A,missense_variant,-0.232577,functionally_abnormal,L577R,214745802:C,-0.77423,low,L,R,577,BRCT,2.4368,destabilizing,16.8,buried
214745802,A,G,BARD1_X8,BARD1_X8A,missense_variant,-0.143855,functionally_abnormal,L577P,214745802:G,-0.454196,normal,L,P,577,BRCT,2.2487,destabilizing,16.8,buried
214745802,A,T,BARD1_X8,BARD1_X8A,missense_variant,-0.243314,functionally_abnormal,L577Q,214745802:T,0.186505,normal,L,Q,577,BRCT,2.3076,destabilizing,16.8,buried
214745803,G,C,BARD1_X8,BARD1_X8A,missense_variant,-0.139656,functionally_abnormal,L577V,214745803:C,0.438874,normal,L,V,577,BRCT,1.3611,normal,16.8,buried
214745803,G,T,BARD1_X8,BARD1_X8A,missense_variant,-0.0701209,functionally_abnormal,L577M,214745803:T,0.136027,normal,L,M,577,BRCT,1.0851,normal,16.8,buried
214745807,A,C,BARD1_X8,BARD1_X8A,missense_variant,-0.25032,functionally_abnormal,S575R,214745807:C,0.446874,normal,S,R,575,BRCT,1.9442,destabilizing,3.0,buried
214745807,A,T,BARD1_X8,BARD1_X8A,missense_variant,-0.220719,functionally_abnormal,S575R,214745807:T,-0.175713,normal,S,R,575,BRCT,1.9442,destabilizing,3.0,buried
214745809,T,G,BARD1_X8,BARD1_X8A,missense_variant,-0.220478,functionally_abnormal,S575R,214745809:G,0.0490287,normal,S,R,575,BRCT,1.9442,destabilizing,3.0,buried
214745807,A,G,BARD1_X8,BARD1_X8A,synonymous_variant,0.0253575,functionally_normal,S575S,214745807:G,0.3946,normal,S,S,575,BRCT,0.0,normal,3.0,buried
214745808,C,A,BARD1_X8,BARD1_X8A,missense_variant,0.0076502,functionally_normal,S575I,214745808:A,0.910712,normal,S,I,575,BRCT,1.6336,destabilizing,3.0,buried
214745808,C,G,BARD1_X8,BARD1_X8A,missense_variant,0.0150144,functionally_normal,S575T,214745808:G,0.199033,normal,S,T,575,BRCT,0.7109,normal,3.0,buried
214745808,C,T,BARD1_X8,BARD1_X8A,missense_variant,0.0190918,functionally_normal,S575N,214745808:T,0.528737,normal,S,N,575,BRCT,1.2492,normal,3.0,buried
214745809,T,A,BARD1_X8,BARD1_X8A,missense_variant,0.0177577,functionally_normal,S575C,214745809:A,0.429259,normal,S,C,575,BRCT,1.0909,normal,3.0,buried
214745809,T,C,BARD1_X8,BARD1_X8A,missense_variant,-0.0209623,functionally_normal,S575G,214745809:C,0.211804,normal,S,G,575,BRCT,1.6159,destabilizing,3.0,buried
214745810,G,A,BARD1_X8,BARD1_X8A,synonymous_variant,0.0184062,functionally_normal,G574G,214745810:A,0.549911,normal,G,G,574,BRCT,0.0,normal,5.6,buried
214745810,G,C,BARD1_X8,BARD1_X8A,synonymous_variant,0.0105112,functionally_normal,G574G,214745810:C,0.425733,normal,G,G,574,BRCT,0.0,normal,5.6,buried
214745810,G,T,BARD1_X8,BARD1_X8A,synonymous_variant,0.00115696,functionally_normal,G574G,214745810:T,0.20045,normal,G,G,574,BRCT,0.0,normal,5.6,buried
214745811,C,A,BARD1_X8,BARD1_X8A,missense_variant,-0.172936,functionally_abnormal,G574V,214745811:A,-0.448461,normal,G,V,574,BRCT,0.8496,normal,5.6,buried
214745811,C,G,BARD1_X8,BARD1_X8A,missense_variant,-0.0604452,indeterminate,G574A,214745811:G,0.269202,normal,G,A,574,BRCT,0.8383,normal,5.6,buried
214745811,C,T,BARD1_X8,BARD1_X8A,missense_variant,-0.00798104,functionally_normal,G574D,214745811:T,0.14081,normal,G,D,574,BRCT,1.4978,normal,5.6,buried
214745812,C,A,BARD1_X8,BARD1_X8A,missense_variant,-0.200139,functionally_abnormal,G574C,214745812:A,-0.144525,normal,G,C,574,BRCT,0.48,normal,5.6,buried
214745812,C,G,BARD1_X8,BARD1_X8A,missense_variant,-0.260216,functionally_abnormal,G574R,214745812:G,-0.167192,normal,G,R,574,BRCT,1.8241,destabilizing,5.6,buried
214745812,C,T,BARD1_X8,BARD1_X8A,missense_variant,-0.0176663,functionally_normal,G574S,214745812:T,0.0243808,normal,G,S,574,BRCT,0.501,normal,5.6,buried
214745813,T,A,BARD1_X8,BARD1_X8A,synonymous_variant,0.00311881,functionally_normal,I573I,214745813:A,0.253479,normal,I,I,573,BRCT,0.0,normal,0.0,buried
214745813,T,G,BARD1_X8,BARD1_X8A,synonymous_variant,-0.0108572,functionally_normal,I573I,214745813:G,0.0948313,normal,I,I,573,BRCT,0.0,normal,0.0,buried
214745813,T,C,BARD1_X8,BARD1_X8A,missense_variant,-0.00828384,functionally_normal,I573M,214745813:C,0.346481,normal,I,M,573,BRCT,0.571,normal,0.0,buried
214745814,A,C,BARD1_X8,BARD1_X8A,missense_variant,-0.22147,functionally_abnormal,I573R,214745814:C,0.327483,normal,I,R,573,BRCT,2.328,destabilizing,0.0,buried
214745814,A,G,BARD1_X8,BARD1_X8A,missense_variant,-0.0181495,functionally_normal,I573T,214745814:G,0.422933,normal,I,T,573,BRCT,2.0581,destabilizing,0.0,buried
214745814,A,T,BARD1_X8,BARD1_X8A,missense_variant,-0.339665,functionally_abnormal,I573K,214745814:T,0.21221,normal,I,K,573,BRCT,2.4558,destabilizing,0.0,buried
214745815,T,A,BARD1_X8,BARD1_X8A,missense_variant,-0.0447467,indeterminate,I573L,214745815:A,0.28641,normal,I,L,573,BRCT,0.2551,normal,0.0,buried
214745815,T,G,BARD1_X8,BARD1_X8A,missense_variant,-0.00944425,functionally_normal,I573L,214745815:G,0.291064,normal,I,L,573,BRCT,0.2551,normal,0.0,buried
214745815,T,C,BARD1_X8,BARD1_X8A,missense_variant,0.0299067,functionally_normal,I573V,214745815:C,0.169362,normal,I,V,573,BRCT,0.8248,normal,0.0,buried
214745816,A,C,BARD1_X8,BARD1_X8A,synonymous_variant,0.0145179,functionally_normal,L572L,214745816:C,0.243591,normal,L,L,572,BRCT,0.0,normal,1.3,buried
214745816,A,G,BARD1_X8,BARD1_X8A,synonymous_variant,0.0333083,functionally_normal,L572L,214745816:G,0.0702703,normal,L,L,572,BRCT,0.0,normal,1.3,buried
214745816,A,T,BARD1_X8,BARD1_X8A,synonymous_variant,0.0043152,functionally_normal,L572L,214745816:T,0.127288,normal,L,L,572,BRCT,0.0,normal,1.3,buried
214745817,A,C,BARD1_X8,BARD1_X8A,missense_variant,-0.416062,functionally_abnormal,L572R,214745817:C,-0.717191,low,L,R,572,BRCT,2.5947,destabilizing,1.3,buried
214745817,A,G,BARD1_X8,BARD1_X8A,missense_variant,-0.188505,functionally_abnormal,L572P,214745817:G,0.109253,normal,L,P,572,BRCT,2.5225,destabilizing,1.3,buried
214745817,A,T,BARD1_X8,BARD1_X8A,missense_variant,-0.167596,functionally_abnormal,L572H,214745817:T,0.486476,normal,L,H,572,BRCT,2.3225,destabilizing,1.3,buried
214745818,G,A,BARD1_X8,BARD1_X8A,missense_variant,0.015535,functionally_normal,L572F,214745818:A,-0.0866895,normal,L,F,572,BRCT,0.2007,normal,1.3,buried
214745818,G,C,BARD1_X8,BARD1_X8A,missense_variant,0.00875186,functionally_normal,L572V,214745818:C,0.0962112,normal,L,V,572,BRCT,1.1418,normal,1.3,buried
214745818,G,T,BARD1_X8,BARD1_X8A,missense_variant,0.0196513,functionally_normal,L572I,214745818:T,-0.0931845,normal,L,I,572,BRCT,0.474,normal,1.3,buried
214745819,T,A,BARD1_X8,BARD1_X8A,synonymous_variant,-0.0142914,functionally_normal,V571V,214745819:A,0.295315,normal,V,V,571,BRCT,0.0,normal,7.5,buried
214745819,T,C,BARD1_X8,BARD1_X8A,synonymous_variant,0.0108252,functionally_normal,V571V,214745819:C,0.343807,normal,V,V,571,BRCT,0.0,normal,7.5,buried
214745819,T,G,BARD1_X8,BARD1_X8A,synonymous_variant,0.0148865,functionally_normal,V571V,214745819:G,-0.0402533,normal,V,V,571,BRCT,0.0,normal,7.5,buried
214745820,A,C,BARD1_X8,BARD1_X8A,missense_variant,0.0283704,functionally_normal,V571G,214745820:C,0.124277,normal,V,G,571,BRCT,1.5526,normal,7.5,buried
214745820,A,G,BARD1_X8,BARD1_X8A,missense_variant,0.0197627,functionally_normal,V571A,214745820:G,0.173897,normal,V,A,571,BRCT,0.8475,normal,7.5,buried
214745820,A,T,BARD1_X8,BARD1_X8A,missense_variant,-0.319829,functionally_abnormal,V571E,214745820:T,0.411254,normal,V,E,571,BRCT,1.3772,normal,7.5,buried
214745821,C,A,BARD1_X8,BARD1_X8A,missense_variant,-0.183855,functionally_abnormal,V571L,214745821:A,0.222039,normal,V,L,571,BRCT,0.4172,normal,7.5,buried
214745821,C,G,BARD1_X8,BARD1_X8A,missense_variant,-0.14122,functionally_abnormal,V571L,214745821:G,0.269239,normal,V,L,571,BRCT,0.4172,normal,7.5,buried
214745821,C,T,BARD1_X8,BARD1_X8A,missense_variant,0.0436729,functionally_normal,V571I,214745821:T,-0.093198,normal,V,I,571,BRCT,-0.0386,normal,7.5,buried
214745822,A,C,BARD1_X8,BARD1_X8A,synonymous_variant,-0.0117715,functionally_normal,L570L,214745822:C,0.46035,normal,L,L,570,BRCT,0.0,normal,33.1,intermediate
214745822,A,G,BARD1_X8,BARD1_X8A,synonymous_variant,0.00106435,functionally_normal,L570L,214745822:G,-0.469134,normal,L,L,570,BRCT,0.0,normal,33.1,intermediate
214745822,A,T,BARD1_X8,BARD1_X8A,synonymous_variant,-0.00276583,functionally_normal,L570L,214745822:T,-0.0108271,normal,L,L,570,BRCT,0.0,normal,33.1,intermediate
214745823,A,C,BARD1_X8,BARD1_X8A,missense_variant,0.0300124,functionally_normal,L570R,214745823:C,-0.201573,normal,L,R,570,BRCT,0.7583,normal,33.1,intermediate
214745823,A,G,BARD1_X8,BARD1_X8A,missense_variant,0.0192281,functionally_normal,L570P,214745823:G,0.0467197,normal,L,P,570,BRCT,1.0655,normal,33.1,intermediate
214745823,A,T,BARD1_X8,BARD1_X8A,missense_variant,0.0204287,functionally_normal,L570H,214745823:T,-0.122689,normal,L,H,570,BRCT,0.7232,normal,33.1,intermediate
214745824,G,A,BARD1_X8,BARD1_X8A,missense_variant,0.00375387,functionally_normal,L570F,214745824:A,-0.0302912,normal,L,F,570,BRCT,0.2109,normal,33.1,intermediate
214745824,G,C,BARD1_X8,BARD1_X8A,missense_variant,0.0338667,functionally_normal,L570V,214745824:C,0.168629,normal,L,V,570,BRCT,0.5049,normal,33.1,intermediate
214745824,G,T,BARD1_X8,BARD1_X8A,missense_variant,-0.0142273,functionally_normal,L570I,214745824:T,-0.161868,normal,L,I,570,BRCT,0.117,normal,33.1,intermediate
214745825,A,C,BARD1_X8,BARD1_X8A,synonymous_variant,-0.0146673,functionally_normal,P569P,214745825:C,0.298131,normal,P,P,569,BRCT,0.0,normal,60.2,exposed
214745825,A,G,BARD1_X8,BARD1_X8A,synonymous_variant,0.0081467,functionally_normal,P569P,214745825:G,-0.165531,normal,P,P,569,BRCT,0.0,normal,60.2,exposed
214745825,A,T,BARD1_X8,BARD1_X8A,synonymous_variant,0.0103894,functionally_normal,P569P,214745825:T,-0.186196,normal,P,P,569,BRCT,0.0,normal,60.2,exposed
214745826,G,A,BARD1_X8,BARD1_X8A,missense_variant,-0.00704493,functionally_normal,P569L,214745826:A,-0.0847024,normal,P,L,569,BRCT,0.6306,normal,60.2,exposed
214745826,G,C,BARD1_X8,BARD1_X8A,missense_variant,-0.0118895,functionally_normal,P569R,214745826:C,-0.0107741,normal,P,R,569,BRCT,0.5397,normal,60.2,exposed
214745826,G,T,BARD1_X8,BARD1_X8A,missense_variant,0.00943456,functionally_normal,P569H,214745826:T,-0.714174,low,P,H,569,BRCT,0.6724,normal,60.2,exposed
214745827,G,A,BARD1_X8,BARD1_X8A,missense_variant,-0.0235269,functionally_normal,P569S,214745827:A,-0.434357,normal,P,S,569,BRCT,0.2505,normal,60.2,exposed
214745827,G,C,BARD1_X8,BARD1_X8A,missense_variant,-0.00045076,functionally_normal,P569A,214745827:C,-0.160026,normal,P,A,569,BRCT,-0.0355,normal,60.2,exposed
214745827,G,T,BARD1_X8,BARD1_X8A,missense_variant,-0.0184514,functionally_normal,P569T,214745827:T,-0.0969962,normal,P,T,569,BRCT,0.441,normal,60.2,exposed
214745828,T,A,BARD1_X8,BARD1_X8A,synonymous_variant,-0.00348132,functionally_normal,G568G,214745828:A,-0.139324,normal,G,G,568,BRCT,0.0,normal,100.0,exposed
214745828,T,C,BARD1_X8,BARD1_X8A,synonymous_variant,0.0134591,functionally_normal,G568G,214745828:C,-0.336432,normal,G,G,568,BRCT,0.0,normal,100.0,exposed
214745828,T,G,BARD1_X8,BARD1_X8A,synonymous_variant,-0.0208431,functionally_normal,G568G,214745828:G,-0.331284,normal,G,G,568,BRCT,0.0,normal,100.0,exposed
214745829,C,A,BARD1_X8,BARD1_X8A,missense_variant,-0.0207305,functionally_normal,G568V,214745829:A,-0.50017,low,G,V,568,BRCT,-0.1393,normal,100.0,exposed
214745829,C,G,BARD1_X8,BARD1_X8A,missense_variant,0.0146656,functionally_normal,G568A,214745829:G,-0.214784,normal,G,A,568,BRCT,-0.0464,normal,100.0,exposed
214745829,C,T,BARD1_X8,BARD1_X8A,missense_variant,0.00503115,functionally_normal,G568E,214745829:T,-0.348961,normal,G,E,568,BRCT,0.051,normal,100.0,exposed
214745830,C,G,BARD1_X8,BARD1_X8A,missense_variant,-0.0109913,functionally_normal,G568R,214745830:G,-0.185312,normal,G,R,568,BRCT,0.0407,normal,100.0,exposed
214745830,C,T,BARD1_X8,BARD1_X8A,missense_variant,0.0138277,functionally_normal,G568R,214745830:T,-0.521963,low,G,R,568,BRCT,0.0407,normal,100.0,exposed
214752489,T,A,BARD1_X7,BARD1_X7A;BARD1_X7B,synonymous_variant,-0.0486584,indeterminate,L545L,214752489:A,0.390806,normal,L,L,545,ARD,0.0,normal,97.5,exposed
214752489,T,C,BARD1_X7,BARD1_X7A;BARD1_X7B,synonymous_variant,0.00434752,functionally_normal,L545L,214752489:C,0.563356,normal,L,L,545,ARD,0.0,normal,97.5,exposed
214752489,T,G,BARD1_X7,BARD1_X7A;BARD1_X7B,synonymous_variant,-0.0126068,functionally_normal,L545L,214752489:G,0.270479,normal,L,L,545,ARD,0.0,normal,97.5,exposed
214752491,G,A,BARD1_X7,BARD1_X7A;BARD1_X7B,synonymous_variant,0.00224158,functionally_normal,L545L,214752491:A,0.405885,normal,L,L,545,ARD,0.0,normal,97.5,exposed
214752490,A,C,BARD1_X7,BARD1_X7A;BARD1_X7B,missense_variant,0.00489558,functionally_normal,L545R,214752490:C,0.59098,normal,L,R,545,ARD,0.1686,normal,97.5,exposed
214752490,A,G,BARD1_X7,BARD1_X7A;BARD1_X7B,missense_variant,-0.0120295,functionally_normal,L545P,214752490:G,0.524221,normal,L,P,545,ARD,-0.2533,normal,97.5,exposed
214752490,A,T,BARD1_X7,BARD1_X7A;BARD1_X7B,missense_variant,-0.0291968,functionally_normal,L545Q,214752490:T,0.220792,normal,L,Q,545,ARD,-0.0996,normal,97.5,exposed
214752491,G,C,BARD1_X7,BARD1_X7A;BARD1_X7B,missense_variant,-0.0799364,functionally_abnormal,L545V,214752491:C,0.0288779,normal,L,V,545,ARD,0.1115,normal,97.5,exposed
214752491,G,T,BARD1_X7,BARD1_X7A;BARD1_X7B,missense_variant,-0.0150509,functionally_normal,L545I,214752491:T,0.392127,normal,L,I,545,ARD,0.1259,normal,97.5,exposed
214752492,C,A,BARD1_X7,BARD1_X7A,synonymous_variant,-0.0344462,functionally_normal,L544L,214752492:A,-0.0457105,normal,L,L,544,ARD,0.0,normal,43.9,intermediate
214752492,C,G,BARD1_X7,BARD1_X7A,synonymous_variant,0.000732395,functionally_normal,L544L,214752492:G,0.0811802,normal,L,L,544,ARD,0.0,normal,43.9,intermediate
214752492,C,T,BARD1_X7,BARD1_X7A,synonymous_variant,-0.0268724,functionally_normal,L544L,214752492:T,0.264238,normal,L,L,544,ARD,0.0,normal,43.9,intermediate
214752494,G,A,BARD1_X7,BARD1_X7A,synonymous_variant,0.0258029,functionally_normal,L544L,214752494:A,0.416948,normal,L,L,544,ARD,0.0,normal,43.9,intermediate
214752493,A,C,BARD1_X7,BARD1_X7A,missense_variant,-0.0266009,functionally_normal,L544R,214752493:C,0.349185,normal,L,R,544,ARD,1.1084,normal,43.9,intermediate
214752493,A,G,BARD1_X7,BARD1_X7A,missense_variant,0.0312474,functionally_normal,L544P,214752493:G,1.02486,normal,L,P,544,ARD,1.6847,destabilizing,43.9,intermediate
214752493,A,T,BARD1_X7,BARD1_X7A,missense_variant,-0.0082754,functionally_normal,L544Q,214752493:T,0.332448,normal,L,Q,544,ARD,0.5383,normal,43.9,intermediate
214752494,G,C,BARD1_X7,BARD1_X7A,missense_variant,-0.0208218,functionally_normal,L544V,214752494:C,0.321231,normal,L,V,544,ARD,0.5076,normal,43.9,intermediate
214752494,G,T,BARD1_X7,BARD1_X7A,missense_variant,-0.0365139,functionally_normal,L544M,214752494:T,-0.000383365,normal,L,M,544,ARD,0.1402,normal,43.9,intermediate
214752495,C,A,BARD1_X7,BARD1_X7A,missense_variant,0.0162995,functionally_normal,L543F,214752495:A,0.367129,normal,L,F,543,ARD,1.4404,normal,0.6,buried
214752495,C,G,BARD1_X7,BARD1_X7A,missense_variant,-0.0323428,functionally_normal,L543F,214752495:G,0.204844,normal,L,F,543,ARD,1.4404,normal,0.6,buried
214752495,C,T,BARD1_X7,BARD1_X7A,synonymous_variant,-0.0117954,functionally_normal,L543L,214752495:T,0.285366,normal,L,L,543,ARD,0.0,normal,0.6,buried
214752497,A,G,BARD1_X7,BARD1_X7A,synonymous_variant,0.00895683,functionally_normal,L543L,214752497:G,0.371093,normal,L,L,543,ARD,0.0,normal,0.6,buried
214752496,A,C,BARD1_X7,BARD1_X7A,missense_variant,0.0211146,functionally_normal,L543W,214752496:C,0.332196,normal,L,W,543,ARD,2.1044,destabilizing,0.6,buried
214752496,A,G,BARD1_X7,BARD1_X7A,missense_variant,-0.0550393,indeterminate,L543S,214752496:G,0.286837,normal,L,S,543,ARD,2.846,destabilizing,0.6,buried
214752497,A,C,BARD1_X7,BARD1_X7A,missense_variant,-0.0154146,functionally_normal,L543V,214752497:C,0.16768,normal,L,V,543,ARD,1.728,destabilizing,0.6,buried
214752497,A,T,BARD1_X7,BARD1_X7A,missense_variant,-0.00768533,functionally_normal,L543M,214752497:T,0.274862,normal,L,M,543,ARD,1.18,normal,0.6,buried
214752498,T,A,BARD1_X7,BARD1_X7A,synonymous_variant,0.0171279,functionally_normal,L542L,214752498:A,0.246784,normal,L,L,542,ARD,0.0,normal,21.4,intermediate
214752498,T,C,BARD1_X7,BARD1_X7A,synonymous_variant,0.00356836,functionally_normal,L542L,214752498:C,0.202902,normal,L,L,542,ARD,0.0,normal,21.4,intermediate
214752498,T,G,BARD1_X7,BARD1_X7A,synonymous_variant,0.00530063,functionally_normal,L542L,214752498:G,0.308435,normal,L,L,542,ARD,0.0,normal,21.4,intermediate
214752500,G,A,BARD1_X7,BARD1_X7A,synonymous_variant,0.00294152,functionally_normal,L542L,214752500:A,0.464078,normal,L,L,542,ARD,0.0,normal,21.4,intermediate
214752499,A,C,BARD1_X7,BARD1_X7A,missense_variant,-0.00856244,functionally_normal,L542R,214752499:C,0.363148,normal,L,R,542,ARD,2.0282,destabilizing,21.4,intermediate
214752499,A,G,BARD1_X7,BARD1_X7A,missense_variant,0.00704583,functionally_normal,L542P,214752499:G,0.243063,normal,L,P,542,ARD,2.418,destabilizing,21.4,intermediate
214752499,A,T,BARD1_X7,BARD1_X7A,missense_variant,0.00281452,functionally_normal,L542Q,214752499:T,0.221158,normal,L,Q,542,ARD,1.9803,destabilizing,21.4,intermediate
214752500,G,C,BARD1_X7,BARD1_X7A,missense_variant,0.00543831,functionally_normal,L542V,214752500:C,0.719611,normal,L,V,542,ARD,0.7642,normal,21.4,intermediate
214752500,G,T,BARD1_X7,BARD1_X7A,missense_variant,-0.0294706,functionally_normal,L542I,214752500:T,-0.240397,normal,L,I,542,ARD,0.4094,normal,21.4,intermediate
214752501,C,A,BARD1_X7,BARD1_X7A,synonymous_variant,-0.0210589,functionally_normal,S541S,214752501:A,0.130789,normal,S,S,541,ARD,0.0,normal,54.6,exposed
214752501,C,G,BARD1_X7,BARD1_X7A,synonymous_variant,-0.045165,indeterminate,S541S,214752501:G,0.206325,normal,S,S,541,ARD,0.0,normal,54.6,exposed
214752501,C,T,BARD1_X7,BARD1_X7A,synonymous_variant,0.0213373,functionally_normal,S541S,214752501:T,0.0493152,normal,S,S,541,ARD,0.0,normal,54.6,exposed
214752502,G,A,BARD1_X7,BARD1_X7A,missense_variant,0.0165487,functionally_normal,S541L,214752502:A,0.308604,normal,S,L,541,ARD,0.0225,normal,54.6,exposed
214752502,G,C,BARD1_X7,BARD1_X7A,missense_variant,-0.0199602,functionally_normal,S541W,214752502:C,0.15253,normal,S,W,541,ARD,0.27,normal,54.6,exposed
214752503,A,C,BARD1_X7,BARD1_X7A,missense_variant,0.0171456,functionally_normal,S541A,214752503:C,0.525419,normal,S,A,541,ARD,-0.1745,normal,54.6,exposed
214752503,A,G,BARD1_X7,BARD1_X7A,missense_variant,-0.00642741,functionally_normal,S541P,214752503:G,0.139563,normal,S,P,541,ARD,1.7204,destabilizing,54.6,exposed
214752503,A,T,BARD1_X7,BARD1_X7A,missense_variant,-0.0278536,functionally_normal,S541T,214752503:T,-0.106324,normal,S,T,541,ARD,0.1958,normal,54.6,exposed
214752504,T,A,BARD1_X7,BARD1_X7A,missense_variant,-0.0103098,functionally_normal,K540N,214752504:A,-0.085463,normal,K,N,540,ARD,1.2001,normal,23.7,intermediate
214752504,T,G,BARD1_X7,BARD1_X7A,missense_variant,0.0078398,functionally_normal,K540N,214752504:G,0.27539,normal,K,N,540,ARD,1.2001,normal,23.7,intermediate
214752504,T,C,BARD1_X7,BARD1_X7A,synonymous_variant,-0.02185,functionally_normal,K540K,214752504:C,0.226394,normal,K,K,540,ARD,0.0,normal,23.7,intermediate
214752505,T,A,BARD1_X7,BARD1_X7A,missense_variant,-0.0405315,functionally_normal,K540I,214752505:A,-0.00172447,normal,K,I,540,ARD,-0.2928,normal,23.7,intermediate
214752505,T,C,BARD1_X7,BARD1_X7A,missense_variant,-0.0135479,functionally_normal,K540R,214752505:C,0.36678,normal,K,R,540,ARD,-0.0841,normal,23.7,intermediate
214752505,T,G,BARD1_X7,BARD1_X7A,missense_variant,0.00696627,functionally_normal,K540T,214752505:G,-0.107738,normal,K,T,540,ARD,0.7009,normal,23.7,intermediate
214752506,T,C,BARD1_X7,BARD1_X7A,missense_variant,-0.0110709,functionally_normal,K540E,214752506:C,-0.049138,normal,K,E,540,ARD,1.2175,normal,23.7,intermediate
214752506,T,G,BARD1_X7,BARD1_X7A,missense_variant,0.00255428,functionally_normal,K540Q,214752506:G,0.215259,normal,K,Q,540,ARD,0.4784,normal,23.7,intermediate
214752507,C,A,BARD1_X7,BARD1_X7A,missense_variant,-0.0384415,functionally_normal,M539I,214752507:A,-0.80543,low,M,I,539,ARD,0.1721,normal,0.0,buried
214752507,C,G,BARD1_X7,BARD1_X7A,missense_variant,-0.0883381,functionally_abnormal,M539I,214752507:G,-0.194156,normal,M,I,539,ARD,0.1721,normal,0.0,buried
214752507,C,T,BARD1_X7,BARD1_X7A,missense_variant,-0.00814184,functionally_normal,M539I,214752507:T,0.35859,normal,M,I,539,ARD,0.1721,normal,0.0,buried
214752508,A,C,BARD1_X7,BARD1_X7A,missense_variant,-0.00331539,functionally_normal,M539R,214752508:C,0.21602,normal,M,R,539,ARD,2.6509,destabilizing,0.0,buried
214752508,A,G,BARD1_X7,BARD1_X7A,missense_variant,0.0072113,functionally_normal,M539T,214752508:G,-0.0268808,normal,M,T,539,ARD,1.8884,destabilizing,0.0,buried
214752508,A,T,BARD1_X7,BARD1_X7A,missense_variant,-0.0336814,functionally_normal,M539K,214752508:T,-0.0251877,normal,M,K,539,ARD,2.8844,destabilizing,0.0,buried
214752509,T,A,BARD1_X7,BARD1_X7A,missense_variant,0.0259815,functionally_normal,M539L,214752509:A,0.401166,normal,M,L,539,ARD,0.0035,normal,0.0,buried
214752509,T,G,BARD1_X7,BARD1_X7A,missense_variant,0.0122027,functionally_normal,M539L,214752509:G,0.310278,normal,M,L,539,ARD,0.0035,normal,0.0,buried
214752509,T,C,BARD1_X7,BARD1_X7A,missense_variant,0.0171941,functionally_normal,M539V,214752509:C,0.487251,normal,M,V,539,ARD,0.8196,normal,0.0,buried
214752510,A,C,BARD1_X7,BARD1_X7A,missense_variant,-0.00381606,functionally_normal,S538R,214752510:C,0.146855,normal,S,R,538,ARD,-0.1993,normal,38.6,intermediate
214752510,A,T,BARD1_X7,BARD1_X7A,missense_variant,-0.00236292,functionally_normal,S538R,214752510:T,0.171143,normal,S,R,538,ARD,-0.1993,normal,38.6,intermediate
214752512,T,G,BARD1_X7,BARD1_X7A,missense_variant,-0.00174384,functionally_normal,S538R,214752512:G,0.267348,normal,S,R,538,ARD,-0.1993,normal,38.6,intermediate
214752510,A,G,BARD1_X7,BARD1_X7A,synonymous_variant,0.0116114,functionally_normal,S538S,214752510:G,0.380585,normal,S,S,538,ARD,0.0,normal,38.6,intermediate
214752511,C,A,BARD1_X7,BARD1_X7A,missense_variant,-0.0126208,functionally_normal,S538I,214752511:A,-0.0836386,normal,S,I,538,ARD,-0.2761,normal,38.6,intermediate
214752511,C,G,BARD1_X7,BARD1_X7A,missense_variant,0.00547786,functionally_normal,S538T,214752511:G,0.353762,normal,S,T,538,ARD,-0.1098,normal,38.6,intermediate
214752511,C,T,BARD1_X7,BARD1_X7A,missense_variant,0.00595122,functionally_normal,S538N,214752511:T,0.234881,normal,S,N,538,ARD,0.0343,normal,38.6,intermediate
214752512,T,A,BARD1_X7,BARD1_X7A,missense_variant,-0.00805961,functionally_normal,S538C,214752512:A,-0.0534243,normal,S,C,538,ARD,-0.3287,normal,38.6,intermediate
214752512,T,C,BARD1_X7,BARD1_X7A,missense_variant,0.00537402,functionally_normal,S538G,214752512:C,0.183614,normal,S,G,538,ARD,0.3221,normal,38.6,intermediate
214752513,T,A,BARD1_X7,BARD1_X7A,missense_variant,0.0232863,functionally_normal,E537D,214752513:A,0.284602,normal,E,D,537,ARD,0.2433,normal,54.3,exposed
214752513,T,G,BARD1_X7,BARD1_X7A,missense_variant,0.0447402,functionally_normal,E537D,214752513:G,0.802529,normal,E,D,537,ARD,0.2433,normal,54.3,exposed
214752513,T,C,BARD1_X7,BARD1_X7A,synonymous_variant,-0.0148412,functionally_normal,E537E,214752513:C,-0.0168752,normal,E,E,537,ARD,0.0,normal,54.3,exposed
214752514,T,A,BARD1_X7,BARD1_X7A,missense_variant,0.00726406,functionally_normal,E537V,214752514:A,0.338125,normal,E,V,537,ARD,0.2463,normal,54.3,exposed
214752514,T,C,BARD1_X7,BARD1_X7A,missense_variant,0.0101933,functionally_normal,E537G,214752514:C,0.296786,normal,E,G,537,ARD,0.5972,normal,54.3,exposed
214752514,T,G,BARD1_X7,BARD1_X7A,missense_variant,5.9345e-05,functionally_normal,E537A,214752514:G,-0.0264883,normal,E,A,537,ARD,0.1665,normal,54.3,exposed
214752515,C,G,BARD1_X7,BARD1_X7A,missense_variant,-0.0264916,functionally_normal,E537Q,214752515:G,-0.136348,normal,E,Q,537,ARD,0.2361,normal,54.3,exposed
214752515,C,T,BARD1_X7,BARD1_X7A,missense_variant,-0.0084063,functionally_normal,E537K,214752515:T,0.129268,normal,E,K,537,ARD,0.4258,normal,54.3,exposed
214752516,A,C,BARD1_X7,BARD1_X7A,missense_variant,0.0169944,functionally_normal,D536E,214752516:C,0.19571,normal,D,E,536,ARD,0.7914,normal,39.5,intermediate
214752516,A,T,BARD1_X7,BARD1_X7A,missense_variant,0.0264222,functionally_normal,D536E,214752516:T,0.537614,normal,D,E,536,ARD,0.7914,normal,39.5,intermediate
214752516,A,G,BARD1_X7,BARD1_X7A,synonymous_variant,0.0387204,functionally_normal,D536D,214752516:G,0.249835,normal,D,D,536,ARD,0.0,normal,39.5,intermediate
214752517,T,A,BARD1_X7,BARD1_X7A,missense_variant,0.00414775,functionally_normal,D536V,214752517:A,0.302484,normal,D,V,536,ARD,0.6394,normal,39.5,intermediate
214752517,T,C,BARD1_X7,BARD1_X7A,missense_variant,-0.0172938,functionally_normal,D536G,214752517:C,0.0490214,normal,D,G,536,ARD,1.3464,normal,39.5,intermediate
214752517,T,G,BARD1_X7,BARD1_X7A,missense_variant,-0.00582978,functionally_normal,D536A,214752517:G,0.174842,normal,D,A,536,ARD,0.8827,normal,39.5,intermediate
214752518,C,A,BARD1_X7,BARD1_X7A,missense_variant,-0.00645001,functionally_normal,D536Y,214752518:A,-0.246187,normal,D,Y,536,ARD,0.8362,normal,39.5,intermediate
214752518,C,G,BARD1_X7,BARD1_X7A,missense_variant,-0.0116466,functionally_normal,D536H,214752518:G,0.022791,normal,D,H,536,ARD,0.4849,normal,39.5,intermediate
214752518,C,T,BARD1_X7,BARD1_X7A,missense_variant,-0.0305363,functionally_normal,D536N,214752518:T,-0.308405,normal,D,N,536,ARD,0.1365,normal,39.5,intermediate
214752519,A,C,BARD1_X7,BARD1_X7A,missense_variant,0.00471192,functionally_normal,D535E,214752519:C,0.129539,normal,D,E,535,ARD,0.1979,normal,58.8,exposed
214752519,A,T,BARD1_X7,BARD1_X7A,missense_variant,0.00272604,functionally_normal,D535E,214752519:T,0.00651791,normal,D,E,535,ARD,0.1979,normal,58.8,exposed
214752519,A,G,BARD1_X7,BARD1_X7A,synonymous_variant,0.0229432,functionally_normal,D535D,214752519:G,0.192207,normal,D,D,535,ARD,0.0,normal,58.8,exposed
214752520,T,A,BARD1_X7,BARD1_X7A,missense_variant,-0.00301487,functionally_normal,D535V,214752520:A,0.205505,normal,D,V,535,ARD,0.2668,normal,58.8,exposed
214752520,T,C,BARD1_X7,BARD1_X7A,missense_variant,-0.0212709,functionally_normal,D535G,214752520:C,0.10872,normal,D,G,535,ARD,0.1062,normal,58.8,exposed
214752520,T,G,BARD1_X7,BARD1_X7A,missense_variant,0.0189605,functionally_normal,D535A,214752520:G,0.378328,normal,D,A,535,ARD,0.03,normal,58.8,exposed
214752521,C,A,BARD1_X7,BARD1_X7A,missense_variant,0.00418044,functionally_normal,D535Y,214752521:A,0.119067,normal,D,Y,535,ARD,-0.0388,normal,58.8,exposed
214752521,C,G,BARD1_X7,BARD1_X7A,missense_variant,-0.0158036,functionally_normal,D535H,214752521:G,0.199977,normal,D,H,535,ARD,-0.1357,normal,58.8,exposed
214752521,C,T,BARD1_X7,BARD1_X7A,missense_variant,0.0179438,functionally_normal,D535N,214752521:T,0.416538,normal,D,N,535,ARD,-0.1373,normal,58.8,exposed
214752522,T,A,BARD1_X7,BARD1_X7A,synonymous_variant,-0.00576253,functionally_normal,T534T,214752522:A,0.235541,normal,T,T,534,ARD,0.0,normal,14.6,buried
214752522,T,C,BARD1_X7,BARD1_X7A,synonymous_variant,-0.000525352,functionally_normal,T534T,214752522:C,-0.00561637,normal,T,T,534,ARD,0.0,normal,14.6,buried
214752522,T,G,BARD1_X7,BARD1_X7A,synonymous_variant,0.0217441,functionally_normal,T534T,214752522:G,0.262434,normal,T,T,534,ARD,0.0,normal,14.6,buried
214752523,G,A,BARD1_X7,BARD1_X7A,missense_variant,0.000548871,functionally_normal,T534I,214752523:A,0.122841,normal,T,I,534,ARD,0.9776,normal,14.6,buried
214752523,G,C,BARD1_X7,BARD1_X7A,missense_variant,-0.00409186,functionally_normal,T534R,214752523:C,0.392274,normal,T,R,534,ARD,1.4751,normal,14.6,buried
214752523,G,T,BARD1_X7,BARD1_X7A,missense_variant,-0.0240569,functionally_normal,T534K,214752523:T,0.189141,normal,T,K,534,ARD,1.6704,destabilizing,14.6,buried
214752524,T,A,BARD1_X7,BARD1_X7A,missense_variant,0.0224991,functionally_normal,T534S,214752524:A,0.225687,normal,T,S,534,ARD,0.6767,normal,14.6,buried
214752524,T,C,BARD1_X7,BARD1_X7A,missense_variant,0.0218386,functionally_normal,T534A,214752524:C,0.298774,normal,T,A,534,ARD,1.1879,normal,14.6,buried
214752524,T,G,BARD1_X7,BARD1_X7A,missense_variant,0.00853639,functionally_normal,T534P,214752524:G,0.600796,normal,T,P,534,ARD,1.3103,normal,14.6,buried
214752525,A,G,BARD1_X7,BARD1_X7A,synonymous_variant,0.0110057,functionally_normal,Y533Y,214752525:G,0.223395,normal,Y,Y,533,ARD,0.0,normal,26.6,intermediate
214752526,T,A,BARD1_X7,BARD1_X7A,missense_variant,0.0201,functionally_normal,Y533F,214752526:A,0.25967,normal,Y,F,533,ARD,0.0872,normal,26.6,intermediate
214752526,T,C,BARD1_X7,BARD1_X7A,missense_variant,0.00677121,functionally_normal,Y533C,214752526:C,0.159553,normal,Y,C,533,ARD,1.1061,normal,26.6,intermediate
214752526,T,G,BARD1_X7,BARD1_X7A,missense_variant,0.0302793,functionally_normal,Y533S,214752526:G,0.352199,normal,Y,S,533,ARD,2.0324,destabilizing,26.6,intermediate
214752527,A,C,BARD1_X7,BARD1_X7A,missense_variant,-0.0131952,functionally_normal,Y533D,214752527:C,0.213221,normal,Y,D,533,ARD,2.2925,destabilizing,26.6,intermediate
214752527,A,G,BARD1_X7,BARD1_X7A,missense_variant,0.00944201,functionally_normal,Y533H,214752527:G,0.236175,normal,Y,H,533,ARD,1.4171,normal,26.6,intermediate
214752527,A,T,BARD1_X7,BARD1_X7A,missense_variant,-0.0113047,functionally_normal,Y533N,214752527:T,0.171602,normal,Y,N,533,ARD,2.08,destabilizing,26.6,intermediate
214752534,A,C,BARD1_X7,BARD1_X7A,synonymous_variant,-0.0036243,functionally_normal,P530P,214752534:C,0.106022,normal,P,P,530,ARD,0.0,normal,0.0,buried
214752534,A,G,BARD1_X7,BARD1_X7A,synonymous_variant,-0.00402543,functionally_normal,P530P,214752534:G,-0.0309855,normal,P,P,530,ARD,0.0,normal,0.0,buried
214752534,A,T,BARD1_X7,BARD1_X7A,synonymous_variant,0.0151063,functionally_normal,P530P,214752534:T,0.149119,normal,P,P,530,ARD,0.0,normal,0.0,buried
214752535,G,A,BARD1_X7,BARD1_X7A,missense_variant,-0.127331,functionally_abnormal,P530L,214752535:A,0.160475,normal,P,L,530,ARD,0.9363,normal,0.0,buried
214752535,G,C,BARD1_X7,BARD1_X7A,missense_variant,-0.17055,functionally_abnormal,P530R,214752535:C,0.167094,normal,P,R,530,ARD,1.8063,destabilizing,0.0,buried
214752535,G,T,BARD1_X7,BARD1_X7A,missense_variant,-0.0998654,functionally_abnormal,P530H,214752535:T,0.0225307,normal,P,H,530,ARD,1.8448,destabilizing,0.0,buried
214752536,G,A,BARD1_X7,BARD1_X7A,missense_variant,-0.00153097,functionally_normal,P530S,214752536:A,0.063038,normal,P,S,530,ARD,1.1172,normal,0.0,buried
214752536,G,C,BARD1_X7,BARD1_X7A,missense_variant,0.00197138,functionally_normal,P530A,214752536:C,-0.102859,normal,P,A,530,ARD,-0.0689,normal,0.0,buried
214752536,G,T,BARD1_X7,BARD1_X7A,missense_variant,-0.0272489,functionally_normal,P530T,214752536:T,0.172589,normal,P,T,530,ARD,1.3892,normal,0.0,buried
214752537,C,A,BARD1_X7,BARD1_X7A,synonymous_variant,0.00604314,functionally_normal,R529R,214752537:A,0.116785,normal,R,R,529,ARD,0.0,normal,37.7,intermediate
214752537,C,G,BARD1_X7,BARD1_X7A,synonymous_variant,-0.004365,functionally_normal,R529R,214752537:G,-0.228576,normal,R,R,529,ARD,0.0,normal,37.7,intermediate
214752537,C,T,BARD1_X7,BARD1_X7A,synonymous_variant,-0.00214573,functionally_normal,R529R,214752537:T,-0.155988,normal,R,R,529,ARD,0.0,normal,37.7,intermediate
214752539,G,T,BARD1_X7,BARD1_X7A,synonymous_variant,0.00374027,functionally_normal,R529R,214752539:T,-0.111574,normal,R,R,529,ARD,0.0,normal,37.7,intermediate
214752538,C,A,BARD1_X7,BARD1_X7A,missense_variant,-0.00881091,functionally_normal,R529L,214752538:A,-0.306599,normal,R,L,529,ARD,0.6564,normal,37.7,intermediate
214752538,C,G,BARD1_X7,BARD1_X7A,missense_variant,-0.00179191,functionally_normal,R529P,214752538:G,0.137621,normal,R,P,529,ARD,1.6053,destabilizing,37.7,intermediate
214752538,C,T,BARD1_X7,BARD1_X7A,missense_variant,-0.0132107,functionally_normal,R529Q,214752538:T,-0.326031,normal,R,Q,529,ARD,0.3428,normal,37.7,intermediate
214752539,G,A,BARD1_X7,BARD1_X7A,missense_variant,0.00224605,functionally_normal,R529W,214752539:A,0.0588727,normal,R,W,529,ARD,1.319,normal,37.7,intermediate
214752539,G,C,BARD1_X7,BARD1_X7A,missense_variant,0.0205385,functionally_normal,R529G,214752539:C,0.141564,normal,R,G,529,ARD,1.2954,normal,37.7,intermediate
214752540,C,A,BARD1_X7,BARD1_X7A,synonymous_variant,0.00725082,functionally_normal,L528L,214752540:A,-0.121356,normal,L,L,528,ARD,0.0,normal,33.3,intermediate
214752540,C,G,BARD1_X7,BARD1_X7A,synonymous_variant,0.00538923,functionally_normal,L528L,214752540:G,-0.212985,normal,L,L,528,ARD,0.0,normal,33.3,intermediate
214752540,C,T,BARD1_X7,BARD1_X7A,synonymous_variant,0.0176522,functionally_normal,L528L,214752540:T,-0.239601,normal,L,L,528,ARD,0.0,normal,33.3,intermediate
214752542,G,A,BARD1_X7,BARD1_X7A,synonymous_variant,0.0138777,functionally_normal,L528L,214752542:A,-0.391862,normal,L,L,528,ARD,0.0,normal,33.3,intermediate
214752541,A,C,BARD1_X7,BARD1_X7A,missense_variant,0.0138384,functionally_normal,L528R,214752541:C,0.0313379,normal,L,R,528,ARD,0.0697,normal,33.3,intermediate
214752541,A,G,BARD1_X7,BARD1_X7A,missense_variant,-0.125529,functionally_abnormal,L528P,214752541:G,-0.446791,normal,L,P,528,ARD,2.7639,destabilizing,33.3,intermediate
214752541,A,T,BARD1_X7,BARD1_X7A,missense_variant,-0.00911681,functionally_normal,L528Q,214752541:T,-0.330796,normal,L,Q,528,ARD,0.6133,normal,33.3,intermediate
214752542,G,C,BARD1_X7,BARD1_X7A,missense_variant,-0.00585675,functionally_normal,L528V,214752542:C,-0.26677,normal,L,V,528,ARD,0.9936,normal,33.3,intermediate
214752542,G,T,BARD1_X7,BARD1_X7A,missense_variant,0.00110051,functionally_normal,L528M,214752542:T,-0.533282,low,L,M,528,ARD,0.2619,normal,33.3,intermediate
214752543,A,C,BARD1_X7,BARD1_X7A,synonymous_variant,0.034508,functionally_normal,G527G,214752543:C,-0.353378,normal,G,G,527,ARD,0.0,normal,43.6,intermediate
214752543,A,G,BARD1_X7,BARD1_X7A,synonymous_variant,0.00045058,functionally_normal,G527G,214752543:G,-0.344233,normal,G,G,527,ARD,0.0,normal,43.6,intermediate
214752543,A,T,BARD1_X7,BARD1_X7A,synonymous_variant,0.014322,functionally_normal,G527G,214752543:T,-0.297019,normal,G,G,527,ARD,0.0,normal,43.6,intermediate
214752544,C,A,BARD1_X7,BARD1_X7A,missense_variant,-0.15491,functionally_abnormal,G527V,214752544:A,-0.161641,normal,G,V,527,ARD,2.2604,destabilizing,43.6,intermediate
214752544,C,G,BARD1_X7,BARD1_X7A,missense_variant,-0.0222975,functionally_normal,G527A,214752544:G,-0.132728,normal,G,A,527,ARD,1.4578,normal,43.6,intermediate
214752544,C,T,BARD1_X7,BARD1_X7A,missense_variant,-0.017087,functionally_normal,G527D,214752544:T,-0.37727,normal,G,D,527,ARD,1.3215,normal,43.6,intermediate
214752545,C,A,BARD1_X7,BARD1_X7A,missense_variant,-0.0230449,functionally_normal,G527C,214752545:A,-0.365407,normal,G,C,527,ARD,0.5536,normal,43.6,intermediate
214752545,C,G,BARD1_X7,BARD1_X7A,missense_variant,-0.0412185,indeterminate,G527R,214752545:G,-0.210618,normal,G,R,527,ARD,1.3438,normal,43.6,intermediate
214752545,C,T,BARD1_X7,BARD1_X7A,missense_variant,0.00123549,functionally_normal,G527S,214752545:T,-0.213452,normal,G,S,527,ARD,1.457,normal,43.6,intermediate
214752546,A,C,BARD1_X7,BARD1_X7A,missense_variant,0.00108296,functionally_normal,F526L,214752546:C,-0.311863,normal,F,L,526,ARD,0.2495,normal,52.1,exposed
214752546,A,T,BARD1_X7,BARD1_X7A,missense_variant,-0.00392122,functionally_normal,F526L,214752546:T,-0.401795,normal,F,L,526,ARD,0.2495,normal,52.1,exposed
214752548,A,G,BARD1_X7,BARD1_X7A,missense_variant,0.00344586,functionally_normal,F526L,214752548:G,-0.466137,normal,F,L,526,ARD,0.2495,normal,52.1,exposed
214752546,A,G,BARD1_X7,BARD1_X7A,synonymous_variant,0.00219313,functionally_normal,F526F,214752546:G,-0.278858,normal,F,F,526,ARD,0.0,normal,52.1,exposed
214752547,A,C,BARD1_X7,BARD1_X7A,missense_variant,0.00680711,functionally_normal,F526C,214752547:C,-0.367192,normal,F,C,526,ARD,-0.0283,normal,52.1,exposed
214752547,A,G,BARD1_X7,BARD1_X7A,missense_variant,0.00929309,functionally_normal,F526S,214752547:G,-0.212612,normal,F,S,526,ARD,1.0049,normal,52.1,exposed
214752547,A,T,BARD1_X7,BARD1_X7A,missense_variant,0.00232039,functionally_normal,F526Y,214752547:T,-0.302114,normal,F,Y,526,ARD,0.17,normal,52.1,exposed
214752548,A,C,BARD1_X7,BARD1_X7A,missense_variant,0.0111994,functionally_normal,F526V,214752548:C,-0.28515,normal,F,V,526,ARD,1.2098,normal,52.1,exposed
214752548,A,T,BARD1_X7,BARD1_X7A,missense_variant,0.0111809,functionally_normal,F526I,214752548:T,-0.539968,low,F,I,526,ARD,1.1381,normal,52.1,exposed
214752549,T,A,BARD1_X7,BARD1_X7A,synonymous_variant,0.0190815,functionally_normal,I525I,214752549:A,-0.13288,normal,I,I,525,ARD,0.0,normal,54.3,exposed
214752549,T,G,BARD1_X7,BARD1_X7A,synonymous_variant,0.00980407,functionally_normal,I525I,214752549:G,-0.473942,normal,I,I,525,ARD,0.0,normal,54.3,exposed
214752549,T,C,BARD1_X7,BARD1_X7A,missense_variant,0.0128257,functionally_normal,I525M,214752549:C,-0.240152,normal,I,M,525,ARD,-0.0362,normal,54.3,exposed
214752550,A,C,BARD1_X7,BARD1_X7A,missense_variant,0.0161063,functionally_normal,I525R,214752550:C,-0.17817,normal,I,R,525,ARD,-0.0754,normal,54.3,exposed
214752550,A,G,BARD1_X7,BARD1_X7A,missense_variant,0.0280467,functionally_normal,I525T,214752550:G,-0.387679,normal,I,T,525,ARD,0.2917,normal,54.3,exposed
214752550,A,T,BARD1_X7,BARD1_X7A,missense_variant,0.00306447,functionally_normal,I525K,214752550:T,-0.198364,normal,I,K,525,ARD,-0.0195,normal,54.3,exposed
214752551,T,A,BARD1_X7,BARD1_X7A,missense_variant,0.00431606,functionally_normal,I525L,214752551:A,-0.233074,normal,I,L,525,ARD,0.0179,normal,54.3,exposed
214752551,T,G,BARD1_X7,BARD1_X7A,missense_variant,-0.0183466,functionally_normal,I525L,214752551:G,-0.552607,low,I,L,525,ARD,0.0179,normal,54.3,exposed
214752551,T,C,BARD1_X7,BARD1_X7A,missense_variant,-0.00655974,functionally_normal,I525V,214752551:C,-0.458797,normal,I,V,525,ARD,0.2441,normal,54.3,exposed
214752552,A,C,BARD1_X7,BARD1_X7A,missense_variant,-0.158079,functionally_abnormal,N524K,214752552:C,-0.51726,low,N,K,524,ARD,1.8705,destabilizing,4.3,buried
214752552,A,T,BARD1_X7,BARD1_X7A,missense_variant,-0.147949,functionally_abnormal,N524K,214752552:T,-0.486439,low,N,K,524,ARD,1.8705,destabilizing,4.3,buried
214752552,A,G,BARD1_X7,BARD1_X7A,synonymous_variant,0.00606886,functionally_normal,N524N,214752552:G,-0.531439,low,N,N,524,ARD,0.0,normal,4.3,buried
214752553,T,A,BARD1_X7,BARD1_X7A,missense_variant,-0.132884,functionally_abnormal,N524I,214752553:A,-0.581852,low,N,I,524,ARD,2.2167,destabilizing,4.3,buried
214752553,T,C,BARD1_X7,BARD1_X7A,missense_variant,0.0117891,functionally_normal,N524S,214752553:C,-0.337773,normal,N,S,524,ARD,1.0343,normal,4.3,buried
214752553,T,G,BARD1_X7,BARD1_X7A,missense_variant,-0.0221715,functionally_normal,N524T,214752553:G,-0.244651,normal,N,T,524,ARD,1.5028,normal,4.3,buried
214752554,T,A,BARD1_X7,BARD1_X7A,missense_variant,-0.129489,functionally_abnormal,N524Y,214752554:A,0.356566,normal,N,Y,524,ARD,1.9891,destabilizing,4.3,buried
214752554,T,C,BARD1_X7,BARD1_X7A,missense_variant,0.0100769,functionally_normal,N524D,214752554:C,-0.350784,normal,N,D,524,ARD,0.2937,normal,4.3,buried
214752554,T,G,BARD1_X7,BARD1_X7A,missense_variant,-0.0870265,functionally_abnormal,N524H,214752554:G,-0.604344,low,N,H,524,ARD,1.3328,normal,4.3,buried
214752555,A,C,BARD1_X7,BARD1_X7A,splicing_variant,0.0102737,functionally_normal,V523V,214752555:C,-0.368372,normal,V,V,523,ARD,0.0,normal,43.2,intermediate
214752555,A,G,BARD1_X7,BARD1_X7A,splicing_variant,0.00460765,functionally_normal,V523V,214752555:G,-0.406026,normal,V,V,523,ARD,0.0,normal,43.2,intermediate
214752555,A,T,BARD1_X7,BARD1_X7A,splicing_variant,0.00692977,functionally_normal,V523V,214752555:T,-0.552425,low,V,V,523,ARD,0.0,normal,43.2,intermediate
214767482,A,C,BARD1_X6,BARD1_X6C,missense_variant,0.000287589,functionally_normal,V523G,214767482:C,0.539085,normal,V,G,523,ARD,2.3907,destabilizing,43.2,intermediate
214767482,A,G,BARD1_X6,BARD1_X6C,missense_variant,0.0122638,functionally_normal,V523A,214767482:G,-0.160191,normal,V,A,523,ARD,1.3552,normal,43.2,intermediate
214767482,A,T,BARD1_X6,BARD1_X6C,missense_variant,0.0180642,functionally_normal,V523D,214767482:T,-0.0899456,normal,V,D,523,ARD,2.5483,destabilizing,43.2,intermediate
214767483,C,A,BARD1_X6,BARD1_X6C,missense_variant,-0.009965,functionally_normal,V523F,214767483:A,0.202956,normal,V,F,523,ARD,1.6185,destabilizing,43.2,intermediate
214767483,C,G,BARD1_X6,BARD1_X6C,missense_variant,-0.0224636,functionally_normal,V523L,214767483:G,-0.392532,normal,V,L,523,ARD,0.9362,normal,43.2,intermediate
214767483,C,T,BARD1_X6,BARD1_X6C,missense_variant,0.0114576,functionally_normal,V523I,214767483:T,-0.246424,normal,V,I,523,ARD,0.3277,normal,43.2,intermediate
214767484,A,C,BARD1_X6,BARD1_X6C,splicing_variant,0.030518,functionally_normal,A522A,214767484:C,-0.317607,normal,A,A,522,ARD,0.0,normal,23.3,intermediate
214767484,A,G,BARD1_X6,BARD1_X6C,splicing_variant,0.00297606,functionally_normal,A522A,214767484:G,-0.33514,normal,A,A,522,ARD,0.0,normal,23.3,intermediate
214767484,A,T,BARD1_X6,BARD1_X6C,splicing_variant,0.00769497,functionally_normal,A522A,214767484:T,0.609264,normal,A,A,522,ARD,0.0,normal,23.3,intermediate
214767485,G,A,BARD1_X6,BARD1_X6C,missense_variant,0.0175102,functionally_normal,A522V,214767485:A,-0.232284,normal,A,V,522,ARD,0.4794,normal,23.3,intermediate
214767485,G,C,BARD1_X6,BARD1_X6C,missense_variant,-0.168949,functionally_abnormal,A522G,214767485:C,-2.21468,low,A,G,522,ARD,0.8325,normal,23.3,intermediate
214767485,G,T,BARD1_X6,BARD1_X6C,missense_variant,-0.0248527,functionally_normal,A522D,214767485:T,0.0495456,normal,A,D,522,ARD,1.0514,normal,23.3,intermediate
214767486,C,A,BARD1_X6,BARD1_X6C,missense_variant,0.026881,functionally_normal,A522S,214767486:A,-0.158892,normal,A,S,522,ARD,0.5546,normal,23.3,intermediate
214767486,C,G,BARD1_X6,BARD1_X6C,missense_variant,-0.018753,functionally_normal,A522P,214767486:G,-0.0980074,normal,A,P,522,ARD,2.2688,destabilizing,23.3,intermediate
214767486,C,T,BARD1_X6,BARD1_X6C,missense_variant,0.0224722,functionally_normal,A522T,214767486:T,0.185174,normal,A,T,522,ARD,0.7577,normal,23.3,intermediate
214767487,A,C,BARD1_X6,BARD1_X6C,missense_variant,0.00823365,functionally_normal,N521K,214767487:C,-0.0587666,normal,N,K,521,ARD,0.7249,normal,34.7,intermediate
214767487,A,T,BARD1_X6,BARD1_X6C,missense_variant,-0.00098733,functionally_normal,N521K,214767487:T,-0.209906,normal,N,K,521,ARD,0.7249,normal,34.7,intermediate
214767487,A,G,BARD1_X6,BARD1_X6C,synonymous_variant,0.00948215,functionally_normal,N521N,214767487:G,-0.0772023,normal,N,N,521,ARD,0.0,normal,34.7,intermediate
214767488,T,A,BARD1_X6,BARD1_X6C,missense_variant,0.00658584,functionally_normal,N521I,214767488:A,0.162055,normal,N,I,521,ARD,0.9186,normal,34.7,intermediate
214767488,T,C,BARD1_X6,BARD1_X6C,missense_variant,0.00608592,functionally_normal,N521S,214767488:C,-0.25306,normal,N,S,521,ARD,0.4324,normal,34.7,intermediate
214767488,T,G,BARD1_X6,BARD1_X6C,missense_variant,-0.0207291,functionally_normal,N521T,214767488:G,-0.218551,normal,N,T,521,ARD,0.5146,normal,34.7,intermediate
214767489,T,A,BARD1_X6,BARD1_X6C,missense_variant,-0.00983222,functionally_normal,N521Y,214767489:A,0.0576408,normal,N,Y,521,ARD,-0.1098,normal,34.7,intermediate
214767489,T,C,BARD1_X6,BARD1_X6C,missense_variant,0.0186651,functionally_normal,N521D,214767489:C,-0.24711,normal,N,D,521,ARD,0.0647,normal,34.7,intermediate
214767489,T,G,BARD1_X6,BARD1_X6C,missense_variant,0.0129975,functionally_normal,N521H,214767489:G,-0.0487059,normal,N,H,521,ARD,0.1767,normal,34.7,intermediate
214767490,T,A,BARD1_X6,BARD1_X6C,missense_variant,0.0177639,functionally_normal,R520S,214767490:A,0.343384,normal,R,S,520,ARD,0.5205,normal,29.6,intermediate
214767490,T,G,BARD1_X6,BARD1_X6C,missense_variant,0.0157555,functionally_normal,R520S,214767490:G,-0.12206,normal,R,S,520,ARD,0.5205,normal,29.6,intermediate
214767490,T,C,BARD1_X6,BARD1_X6C,synonymous_variant,0.00198496,functionally_normal,R520R,214767490:C,-0.186287,normal,R,R,520,ARD,0.0,normal,29.6,intermediate
214767492,T,G,BARD1_X6,BARD1_X6C,synonymous_variant,0.00366319,functionally_normal,R520R,214767492:G,-0.170236,normal,R,R,520,ARD,0.0,normal,29.6,intermediate
214767491,C,A,BARD1_X6,BARD1_X6C,missense_variant,-0.00846878,functionally_normal,R520I,214767491:A,0.0142708,normal,R,I,520,ARD,-0.3853,normal,29.6,intermediate
214767491,C,G,BARD1_X6,BARD1_X6C,missense_variant,0.00211916,functionally_normal,R520T,214767491:G,0.0216554,normal,R,T,520,ARD,0.3548,normal,29.6,intermediate
214767491,C,T,BARD1_X6,BARD1_X6C,missense_variant,0.00368672,functionally_normal,R520K,214767491:T,-0.0503839,normal,R,K,520,ARD,-0.0073,normal,29.6,intermediate
214767492,T,C,BARD1_X6,BARD1_X6C,missense_variant,0.0318588,functionally_normal,R520G,214767492:C,-0.034473,normal,R,G,520,ARD,1.0089,normal,29.6,intermediate
214767493,G,A,BARD1_X6,BARD1_X6C,synonymous_variant,0.00898602,functionally_normal,S519S,214767493:A,-0.186556,normal,S,S,519,ARD,0.0,normal,35.0,intermediate
214767493,G,C,BARD1_X6,BARD1_X6C,synonymous_variant,0.0134007,functionally_normal,S519S,214767493:C,0.1041,normal,S,S,519,ARD,0.0,normal,35.0,intermediate
214767493,G,T,BARD1_X6,BARD1_X6C,synonymous_variant,-0.0185188,functionally_normal,S519S,214767493:T,-0.450934,normal,S,S,519,ARD,0.0,normal,35.0,intermediate
214767494,G,A,BARD1_X6,BARD1_X6C,missense_variant,0.0119363,functionally_normal,S519F,214767494:A,-0.295538,normal,S,F,519,ARD,-0.2824,normal,35.0,intermediate
214767494,G,C,BARD1_X6,BARD1_X6C,missense_variant,-0.0119016,functionally_normal,S519C,214767494:C,-0.492759,low,S,C,519,ARD,-0.4563,normal,35.0,intermediate
214767494,G,T,BARD1_X6,BARD1_X6C,missense_variant,-0.0110508,functionally_normal,S519Y,214767494:T,-0.206006,normal,S,Y,519,ARD,-0.2002,normal,35.0,intermediate
214767495,A,C,BARD1_X6,BARD1_X6C,missense_variant,-0.00070163,functionally_normal,S519A,214767495:C,-0.38961,normal,S,A,519,ARD,0.0367,normal,35.0,intermediate
214767495,A,G,BARD1_X6,BARD1_X6C,missense_variant,0.0228876,functionally_normal,S519P,214767495:G,-0.0488972,normal,S,P,519,ARD,1.2197,normal,35.0,intermediate
214767495,A,T,BARD1_X6,BARD1_X6C,missense_variant,-0.00220956,functionally_normal,S519T,214767495:T,0.699305,normal,S,T,519,ARD,-0.0275,normal,35.0,intermediate
214767496,G,A,BARD1_X6,BARD1_X6C,synonymous_variant,-0.0197207,functionally_normal,A518A,214767496:A,-0.253204,normal,A,A,518,ARD,0.0,normal,9.1,buried
214767496,G,C,BARD1_X6,BARD1_X6C,synonymous_variant,0.000580514,functionally_normal,A518A,214767496:C,-0.135695,normal,A,A,518,ARD,0.0,normal,9.1,buried
214767496,G,T,BARD1_X6,BARD1_X6C,synonymous_variant,0.00688173,functionally_normal,A518A,214767496:T,-0.183795,normal,A,A,518,ARD,0.0,normal,9.1,buried
214767497,G,A,BARD1_X6,BARD1_X6C,missense_variant,-0.050574,indeterminate,A518V,214767497:A,-0.0723215,normal,A,V,518,ARD,1.6203,destabilizing,9.1,buried
214767497,G,C,BARD1_X6,BARD1_X6C,missense_variant,0.0158402,functionally_normal,A518G,214767497:C,-0.087421,normal,A,G,518,ARD,2.1148,destabilizing,9.1,buried
214767497,G,T,BARD1_X6,BARD1_X6C,missense_variant,-0.140807,functionally_abnormal,A518D,214767497:T,-0.155541,normal,A,D,518,ARD,3.1224,destabilizing,9.1,buried
214767498,C,A,BARD1_X6,BARD1_X6C,missense_variant,0.00133539,functionally_normal,A518S,214767498:A,0.138454,normal,A,S,518,ARD,1.9135,destabilizing,9.1,buried
214767498,C,G,BARD1_X6,BARD1_X6C,missense_variant,-0.17255,functionally_abnormal,A518P,214767498:G,-0.222453,normal,A,P,518,ARD,2.9271,destabilizing,9.1,buried
214767498,C,T,BARD1_X6,BARD1_X6C,missense_variant,-0.0365426,functionally_normal,A518T,214767498:T,-0.0592976,normal,A,T,518,ARD,2.4878,destabilizing,9.1,buried
214767499,T,A,BARD1_X6,BARD1_X6C,synonymous_variant,0.00829518,functionally_normal,G517G,214767499:A,-0.0574801,normal,G,G,517,ARD,0.0,normal,44.3,intermediate
214767499,T,C,BARD1_X6,BARD1_X6C,synonymous_variant,0.0326769,functionally_normal,G517G,214767499:C,0.0219761,normal,G,G,517,ARD,0.0,normal,44.3,intermediate
214767499,T,G,BARD1_X6,BARD1_X6C,synonymous_variant,0.0139892,functionally_normal,G517G,214767499:G,-0.144054,normal,G,G,517,ARD,0.0,normal,44.3,intermediate
214767500,C,A,BARD1_X6,BARD1_X6C,missense_variant,-0.18249,functionally_abnormal,G517V,214767500:A,-0.0448858,normal,G,V,517,ARD,1.5258,normal,44.3,intermediate
214767500,C,G,BARD1_X6,BARD1_X6C,missense_variant,-0.0036755,functionally_normal,G517A,214767500:G,0.0302571,normal,G,A,517,ARD,1.0671,normal,44.3,intermediate
214767500,C,T,BARD1_X6,BARD1_X6C,missense_variant,-0.0221077,functionally_normal,G517E,214767500:T,-0.0765879,normal,G,E,517,ARD,1.1812,normal,44.3,intermediate
214767501,C,G,BARD1_X6,BARD1_X6C,missense_variant,0.00592248,functionally_normal,G517R,214767501:G,-0.202096,normal,G,R,517,ARD,1.0635,normal,44.3,intermediate
214767501,C,T,BARD1_X6,BARD1_X6C,missense_variant,-0.00437886,functionally_normal,G517R,214767501:T,-0.326172,normal,G,R,517,ARD,1.0635,normal,44.3,intermediate
214767502,A,G,BARD1_X6,BARD1_X6C,synonymous_variant,0.0154214,functionally_normal,Y516Y,214767502:G,-0.229342,normal,Y,Y,516,ARD,0.0,normal,38.7,intermediate
214767503,T,A,BARD1_X6,BARD1_X6C,missense_variant,0.0138458,functionally_normal,Y516F,214767503:A,0.695344,normal,Y,F,516,ARD,0.0397,normal,38.7,intermediate
214767503,T,C,BARD1_X6,BARD1_X6C,missense_variant,0.0170712,functionally_normal,Y516C,214767503:C,-0.315776,normal,Y,C,516,ARD,0.4657,normal,38.7,intermediate
214767503,T,G,BARD1_X6,BARD1_X6C,missense_variant,-0.00423704,functionally_normal,Y516S,214767503:G,-0.176222,normal,Y,S,516,ARD,1.4972,normal,38.7,intermediate
214767504,A,C,BARD1_X6,BARD1_X6C,missense_variant,0.0123444,functionally_normal,Y516D,214767504:C,0.0853614,normal,Y,D,516,ARD,1.9498,destabilizing,38.7,intermediate
214767504,A,G,BARD1_X6,BARD1_X6C,missense_variant,0.00458562,functionally_normal,Y516H,214767504:G,-0.0199259,normal,Y,H,516,ARD,0.5349,normal,38.7,intermediate
214767504,A,T,BARD1_X6,BARD1_X6C,missense_variant,0.00545607,functionally_normal,Y516N,214767504:T,0.136983,normal,Y,N,516,ARD,1.0126,normal,38.7,intermediate
214767508,A,C,BARD1_X6,BARD1_X6B;BARD1_X6C,synonymous_variant,0.0100861,functionally_normal,L514L,214767508:C,0.0714864,normal,L,L,514,ARD,0.0,normal,26.8,intermediate
214767508,A,G,BARD1_X6,BARD1_X6B;BARD1_X6C,synonymous_variant,0.0181003,functionally_normal,L514L,214767508:G,0.201723,normal,L,L,514,ARD,0.0,normal,26.8,intermediate
214767508,A,T,BARD1_X6,BARD1_X6B;BARD1_X6C,synonymous_variant,0.0406536,functionally_normal,L514L,214767508:T,-0.281592,normal,L,L,514,ARD,0.0,normal,26.8,intermediate
214767509,A,C,BARD1_X6,BARD1_X6B;BARD1_X6C,missense_variant,-0.0405893,indeterminate,L514R,214767509:C,-0.00374053,normal,L,R,514,ARD,2.5438,destabilizing,26.8,intermediate
214767509,A,G,BARD1_X6,BARD1_X6B;BARD1_X6C,missense_variant,-0.265238,functionally_abnormal,L514P,214767509:G,0.069106,normal,L,P,514,ARD,3.0639,destabilizing,26.8,intermediate
214767509,A,T,BARD1_X6,BARD1_X6B;BARD1_X6C,missense_variant,-0.0474366,indeterminate,L514H,214767509:T,0.123863,normal,L,H,514,ARD,2.808,destabilizing,26.8,intermediate
214767510,G,A,BARD1_X6,BARD1_X6B;BARD1_X6C,missense_variant,0.00234761,functionally_normal,L514F,214767510:A,0.0390538,normal,L,F,514,ARD,1.431,normal,26.8,intermediate
214767510,G,C,BARD1_X6,BARD1_X6B;BARD1_X6C,missense_variant,0.016125,functionally_normal,L514V,214767510:C,-0.028258,normal,L,V,514,ARD,1.5523,normal,26.8,intermediate
214767510,G,T,BARD1_X6,BARD1_X6B;BARD1_X6C,missense_variant,0.0148781,functionally_normal,L514I,214767510:T,-0.111236,normal,L,I,514,ARD,0.8125,normal,26.8,intermediate
214767511,T,A,BARD1_X6,BARD1_X6B;BARD1_X6C,missense_variant,-0.221623,functionally_abnormal,L513F,214767511:A,0.717295,normal,L,F,513,ARD,2.1082,destabilizing,0.0,buried
214767511,T,G,BARD1_X6,BARD1_X6B;BARD1_X6C,missense_variant,-0.317461,functionally_abnormal,L513F,214767511:G,0.143089,normal,L,F,513,ARD,2.1082,destabilizing,0.0,buried
214767511,T,C,BARD1_X6,BARD1_X6B;BARD1_X6C,synonymous_variant,0.0293828,functionally_normal,L513L,214767511:C,0.0665913,normal,L,L,513,ARD,0.0,normal,0.0,buried
214767513,A,G,BARD1_X6,BARD1_X6B;BARD1_X6C,synonymous_variant,0.031111,functionally_normal,L513L,214767513:G,-0.124613,normal,L,L,513,ARD,0.0,normal,0.0,buried
214767512,A,G,BARD1_X6,BARD1_X6B;BARD1_X6C,missense_variant,-0.267001,functionally_abnormal,L513S,214767512:G,0.0322135,normal,L,S,513,ARD,3.4387,destabilizing,0.0,buried
214767513,A,C,BARD1_X6,BARD1_X6B;BARD1_X6C,missense_variant,-0.0278737,functionally_normal,L513V,214767513:C,-0.041168,normal,L,V,513,ARD,1.9958,destabilizing,0.0,buried
214767513,A,T,BARD1_X6,BARD1_X6B;BARD1_X6C,missense_variant,0.00270575,functionally_normal,L513I,214767513:T,0.283816,normal,L,I,513,ARD,1.528,normal,0.0,buried
214767514,C,A,BARD1_X6,BARD1_X6B;BARD1_X6C,synonymous_variant,-0.0101765,functionally_normal,L512L,214767514:A,0.0754741,normal,L,L,512,ARD,0.0,normal,14.3,buried
214767514,C,G,BARD1_X6,BARD1_X6B;BARD1_X6C,synonymous_variant,0.0107805,functionally_normal,L512L,214767514:G,0.0169093,normal,L,L,512,ARD,0.0,normal,14.3,buried
214767514,C,T,BARD1_X6,BARD1_X6B;BARD1_X6C,synonymous_variant,0.00923326,functionally_normal,L512L,214767514:T,-0.0789858,normal,L,L,512,ARD,0.0,normal,14.3,buried
214767516,G,A,BARD1_X6,BARD1_X6B;BARD1_X6C,synonymous_variant,0.00238803,functionally_normal,L512L,214767516:A,-0.0951059,normal,L,L,512,ARD,0.0,normal,14.3,buried
214767515,A,C,BARD1_X6,BARD1_X6B;BARD1_X6C,missense_variant,0.00934982,functionally_normal,L512R,214767515:C,0.145715,normal,L,R,512,ARD,1.1385,normal,14.3,buried
214767515,A,G,BARD1_X6,BARD1_X6B;BARD1_X6C,missense_variant,-0.10745,functionally_abnormal,L512P,214767515:G,0.0958141,normal,L,P,512,ARD,2.4682,destabilizing,14.3,buried
214767515,A,T,BARD1_X6,BARD1_X6B;BARD1_X6C,missense_variant,0.0291884,functionally_normal,L512Q,214767515:T,1.04731,normal,L,Q,512,ARD,1.6667,destabilizing,14.3,buried
214767516,G,C,BARD1_X6,BARD1_X6B;BARD1_X6C,missense_variant,0.00169226,functionally_normal,L512V,214767516:C,-0.0594789,normal,L,V,512,ARD,0.5038,normal,14.3,buried
214767516,G,T,BARD1_X6,BARD1_X6B;BARD1_X6C,missense_variant,-0.00459703,functionally_normal,L512M,214767516:T,-0.124982,normal,L,M,512,ARD,0.692,normal,14.3,buried
214767517,C,A,BARD1_X6,BARD1_X6B;BARD1_X6C,missense_variant,0.0179393,functionally_normal,K511N,214767517:A,0.00071209,normal,K,N,511,ARD,0.9842,normal,48.9,intermediate
214767517,C,G,BARD1_X6,BARD1_X6B;BARD1_X6C,missense_variant,0.00579281,functionally_normal,K511N,214767517:G,0.0811723,normal,K,N,511,ARD,0.9842,normal,48.9,intermediate
214767517,C,T,BARD1_X6,BARD1_X6B;BARD1_X6C,synonymous_variant,0.0225155,functionally_normal,K511K,214767517:T,0.131559,normal,K,K,511,ARD,0.0,normal,48.9,intermediate
214767518,T,A,BARD1_X6,BARD1_X6B;BARD1_X6C,missense_variant,0.00536213,functionally_normal,K511M,214767518:A,0.0682009,normal,K,M,511,ARD,0.0748,normal,48.9,intermediate
214767518,T,C,BARD1_X6,BARD1_X6B;BARD1_X6C,missense_variant,0.0328781,functionally_normal,K511R,214767518:C,-0.0713659,normal,K,R,511,ARD,-0.2242,normal,48.9,intermediate
214767518,T,G,BARD1_X6,BARD1_X6B;BARD1_X6C,missense_variant,0.00802799,functionally_normal,K511T,214767518:G,-0.0902529,normal,K,T,511,ARD,0.63,normal,48.9,intermediate
214767519,T,C,BARD1_X6,BARD1_X6B;BARD1_X6C,missense_variant,0.012319,functionally_normal,K511E,214767519:C,-0.151601,normal,K,E,511,ARD,0.9415,normal,48.9,intermediate
214767519,T,G,BARD1_X6,BARD1_X6B;BARD1_X6C,missense_variant,0.0257239,functionally_normal,K511Q,214767519:G,-0.0569585,normal,K,Q,511,ARD,0.4047,normal,48.9,intermediate
214767520,G,A,BARD1_X6,BARD1_X6B;BARD1_X6C,synonymous_variant,0.0120903,functionally_normal,V510V,214767520:A,0.007043,normal,V,V,510,ARD,0.0,normal,0.0,buried
214767520,G,C,BARD1_X6,BARD1_X6B;BARD1_X6C,synonymous_variant,0.0064565,functionally_normal,V510V,214767520:C,0.0139747,normal,V,V,510,ARD,0.0,normal,0.0,buried
214767520,G,T,BARD1_X6,BARD1_X6B;BARD1_X6C,synonymous_variant,0.0135276,functionally_normal,V510V,214767520:T,-0.139024,normal,V,V,510,ARD,0.0,normal,0.0,buried
214767521,A,C,BARD1_X6,BARD1_X6B;BARD1_X6C,missense_variant,0.0279267,functionally_normal,V510G,214767521:C,0.0748247,normal,V,G,510,ARD,2.7927,destabilizing,0.0,buried
214767521,A,G,BARD1_X6,BARD1_X6B;BARD1_X6C,missense_variant,0.0173222,functionally_normal,V510A,214767521:G,0.158263,normal,V,A,510,ARD,1.9882,destabilizing,0.0,buried
214767521,A,T,BARD1_X6,BARD1_X6B;BARD1_X6C,missense_variant,-0.287004,functionally_abnormal,V510D,214767521:T,-0.307945,normal,V,D,510,ARD,3.4063,destabilizing,0.0,buried
214767522,C,A,BARD1_X6,BARD1_X6B;BARD1_X6C,missense_variant,-0.0580763,indeterminate,V510F,214767522:A,0.267471,normal,V,F,510,ARD,1.9585,destabilizing,0.0,buried
214767522,C,G,BARD1_X6,BARD1_X6B;BARD1_X6C,missense_variant,-0.0019303,functionally_normal,V510L,214767522:G,0.0704412,normal,V,L,510,ARD,1.1909,normal,0.0,buried
214767522,C,T,BARD1_X6,BARD1_X6B;BARD1_X6C,missense_variant,0.0209928,functionally_normal,V510I,214767522:T,-0.0638116,normal,V,I,510,ARD,0.653,normal,0.0,buried
214767523,T,A,BARD1_X6,BARD1_X6B;BARD1_X6C,synonymous_variant,0.014011,functionally_normal,I509I,214767523:A,-0.100297,normal,I,I,509,ARD,0.0,normal,2.0,buried
214767523,T,G,BARD1_X6,BARD1_X6B;BARD1_X6C,synonymous_variant,0.00714066,functionally_normal,I509I,214767523:G,-0.032857,normal,I,I,509,ARD,0.0,normal,2.0,buried
214767523,T,C,BARD1_X6,BARD1_X6B;BARD1_X6C,missense_variant,-0.0113164,functionally_normal,I509M,214767523:C,0.103097,normal,I,M,509,ARD,1.3258,normal,2.0,buried
214767524,A,C,BARD1_X6,BARD1_X6B;BARD1_X6C,missense_variant,-0.226932,functionally_abnormal,I509R,214767524:C,-0.0727792,normal,I,R,509,ARD,2.2633,destabilizing,2.0,buried
214767524,A,G,BARD1_X6,BARD1_X6B;BARD1_X6C,missense_variant,0.0145431,functionally_normal,I509T,214767524:G,0.0105958,normal,I,T,509,ARD,1.7475,destabilizing,2.0,buried
214767524,A,T,BARD1_X6,BARD1_X6B;BARD1_X6C,missense_variant,-0.237326,functionally_abnormal,I509K,214767524:T,0.372367,normal,I,K,509,ARD,2.2852,destabilizing,2.0,buried
214767525,T,A,BARD1_X6,BARD1_X6B;BARD1_X6C,missense_variant,-0.00716446,functionally_normal,I509L,214767525:A,0.0421694,normal,I,L,509,ARD,0.9505,normal,2.0,buried
214767525,T,G,BARD1_X6,BARD1_X6B;BARD1_X6C,missense_variant,0.00437499,functionally_normal,I509L,214767525:G,0.0544453,normal,I,L,509,ARD,0.9505,normal,2.0,buried
214767525,T,C,BARD1_X6,BARD1_X6B;BARD1_X6C,missense_variant,0.0114721,functionally_normal,I509V,214767525:C,-0.00291276,normal,I,V,509,ARD,0.6029,normal,2.0,buried
214767526,A,C,BARD1_X6,BARD1_X6B;BARD1_X6C,missense_variant,0.0200401,functionally_normal,D508E,214767526:C,-0.106717,normal,D,E,508,ARD,-0.1855,normal,48.9,intermediate
214767526,A,T,BARD1_X6,BARD1_X6B;BARD1_X6C,missense_variant,0.0320139,functionally_normal,D508E,214767526:T,0.76482,normal,D,E,508,ARD,-0.1855,normal,48.9,intermediate
214767526,A,G,BARD1_X6,BARD1_X6B;BARD1_X6C,synonymous_variant,0.0106763,functionally_normal,D508D,214767526:G,-0.0975132,normal,D,D,508,ARD,0.0,normal,48.9,intermediate
214767527,T,A,BARD1_X6,BARD1_X6B;BARD1_X6C,missense_variant,0.0172188,functionally_normal,D508V,214767527:A,0.212931,normal,D,V,508,ARD,0.3971,normal,48.9,intermediate
214767527,T,C,BARD1_X6,BARD1_X6B;BARD1_X6C,missense_variant,0.0216399,functionally_normal,D508G,214767527:C,-0.121527,normal,D,G,508,ARD,0.7054,normal,48.9,intermediate
214767527,T,G,BARD1_X6,BARD1_X6B;BARD1_X6C,missense_variant,0.0171028,functionally_normal,D508A,214767527:G,-0.0506084,normal,D,A,508,ARD,0.3162,normal,48.9,intermediate
214767528,C,A,BARD1_X6,BARD1_X6B;BARD1_X6C,missense_variant,-0.00157745,functionally_normal,D508Y,214767528:A,-0.0709101,normal,D,Y,508,ARD,0.1883,normal,48.9,intermediate
214767528,C,G,BARD1_X6,BARD1_X6B;BARD1_X6C,missense_variant,0.0103705,functionally_normal,D508H,214767528:G,-0.00291466,normal,D,H,508,ARD,0.3205,normal,48.9,intermediate
214767528,C,T,BARD1_X6,BARD1_X6B;BARD1_X6C,missense_variant,0.0161688,functionally_normal,D508N,214767528:T,0.0520922,normal,D,N,508,ARD,0.4868,normal,48.9,intermediate
214767529,C,A,BARD1_X6,BARD1_X6B;BARD1_X6C,synonymous_variant,0.0158934,functionally_normal,V507V,214767529:A,-0.0132225,normal,V,V,507,ARD,0.0,normal,26.3,intermediate
214767529,C,G,BARD1_X6,BARD1_X6B;BARD1_X6C,synonymous_variant,0.0163022,functionally_normal,V507V,214767529:G,0.0351045,normal,V,V,507,ARD,0.0,normal,26.3,intermediate
214767529,C,T,BARD1_X6,BARD1_X6B;BARD1_X6C,synonymous_variant,0.0182596,functionally_normal,V507V,214767529:T,-0.194875,normal,V,V,507,ARD,0.0,normal,26.3,intermediate
214767530,A,C,BARD1_X6,BARD1_X6B;BARD1_X6C,missense_variant,0.02669,functionally_normal,V507G,214767530:C,-0.0590085,normal,V,G,507,ARD,0.9594,normal,26.3,intermediate
214767530,A,G,BARD1_X6,BARD1_X6B;BARD1_X6C,missense_variant,0.0122333,functionally_normal,V507A,214767530:G,0.141416,normal,V,A,507,ARD,0.4563,normal,26.3,intermediate
214767530,A,T,BARD1_X6,BARD1_X6B;BARD1_X6C,missense_variant,0.0202321,functionally_normal,V507E,214767530:T,0.00307786,normal,V,E,507,ARD,0.812,normal,26.3,intermediate
214767531,C,A,BARD1_X6,BARD1_X6B;BARD1_X6C,missense_variant,-0.0140679,functionally_normal,V507L,214767531:A,-0.152986,normal,V,L,507,ARD,-0.6946,normal,26.3,intermediate
214767531,C,G,BARD1_X6,BARD1_X6B;BARD1_X6C,missense_variant,0.00272185,functionally_normal,V507L,214767531:G,-0.10171,normal,V,L,507,ARD,-0.6946,normal,26.3,intermediate
214767531,C,T,BARD1_X6,BARD1_X6B;BARD1_X6C,missense_variant,0.00238666,functionally_normal,V507M,214767531:T,-0.137062,normal,V,M,507,ARD,-0.1702,normal,26.3,intermediate
214767535,C,A,BARD1_X6,BARD1_X6B;BARD1_X6C,synonymous_variant,0.0305797,functionally_normal,G505G,214767535:A,0.156006,normal,G,G,505,ARD,0.0,normal,48.2,intermediate
214767535,C,G,BARD1_X6,BARD1_X6B;BARD1_X6C,synonymous_variant,0.0189622,functionally_normal,G505G,214767535:G,-0.0281262,normal,G,G,505,ARD,0.0,normal,48.2,intermediate
214767535,C,T,BARD1_X6,BARD1_X6B;BARD1_X6C,synonymous_variant,0.0237003,functionally_normal,G505G,214767535:T,-0.105182,normal,G,G,505,ARD,0.0,normal,48.2,intermediate
214767536,C,A,BARD1_X6,BARD1_X6B;BARD1_X6C,missense_variant,-0.00987687,functionally_normal,G505V,214767536:A,-0.0487415,normal,G,V,505,ARD,1.1682,normal,48.2,intermediate
214767536,C,G,BARD1_X6,BARD1_X6B;BARD1_X6C,missense_variant,0.018864,functionally_normal,G505A,214767536:G,0.161114,normal,G,A,505,ARD,0.65,normal,48.2,intermediate
214767536,C,T,BARD1_X6,BARD1_X6B;BARD1_X6C,missense_variant,0.010912,functionally_normal,G505E,214767536:T,0.147347,normal,G,E,505,ARD,0.9404,normal,48.2,intermediate
214767537,C,A,BARD1_X6,BARD1_X6B;BARD1_X6C,missense_variant,-0.0195537,functionally_normal,G505W,214767537:A,0.0452355,normal,G,W,505,ARD,0.935,normal,48.2,intermediate
214767537,C,G,BARD1_X6,BARD1_X6B;BARD1_X6C,missense_variant,0.0119267,functionally_normal,G505R,214767537:G,-0.219606,normal,G,R,505,ARD,0.5768,normal,48.2,intermediate
214767537,C,T,BARD1_X6,BARD1_X6B;BARD1_X6C,missense_variant,0.0137024,functionally_normal,G505R,214767537:T,-0.185845,normal,G,R,505,ARD,0.5768,normal,48.2,intermediate
214767538,A,C,BARD1_X6,BARD1_X6B;BARD1_X6C,missense_variant,-0.0127687,functionally_normal,N504K,214767538:C,-0.0695244,normal,N,K,504,ARD,1.1644,normal,33.6,intermediate
214767538,A,T,BARD1_X6,BARD1_X6B;BARD1_X6C,missense_variant,0.00505767,functionally_normal,N504K,214767538:T,-0.270928,normal,N,K,504,ARD,1.1644,normal,33.6,intermediate
214767538,A,G,BARD1_X6,BARD1_X6B;BARD1_X6C,synonymous_variant,0.0194929,functionally_normal,N504N,214767538:G,-0.134399,normal,N,N,504,ARD,0.0,normal,33.6,intermediate
214767539,T,A,BARD1_X6,BARD1_X6B;BARD1_X6C,missense_variant,0.00622271,functionally_normal,N504I,214767539:A,-0.106468,normal,N,I,504,ARD,1.7809,destabilizing,33.6,intermediate
214767539,T,C,BARD1_X6,BARD1_X6B;BARD1_X6C,missense_variant,0.0323638,functionally_normal,N504S,214767539:C,0.0446201,normal,N,S,504,ARD,0.8549,normal,33.6,intermediate
214767539,T,G,BARD1_X6,BARD1_X6B;BARD1_X6C,missense_variant,0.00465145,functionally_normal,N504T,214767539:G,0.0703758,normal,N,T,504,ARD,1.079,normal,33.6,intermediate
214767540,T,A,BARD1_X6,BARD1_X6B;BARD1_X6C,missense_variant,-0.00686148,functionally_normal,N504Y,214767540:A,-0.0999193,normal,N,Y,504,ARD,0.3879,normal,33.6,intermediate
214767540,T,C,BARD1_X6,BARD1_X6B;BARD1_X6C,missense_variant,-0.00221167,functionally_normal,N504D,214767540:C,0.0296802,normal,N,D,504,ARD,1.0292,normal,33.6,intermediate
214767540,T,G,BARD1_X6,BARD1_X6B;BARD1_X6C,missense_variant,-0.0170675,functionally_normal,N504H,214767540:G,-0.0639856,normal,N,H,504,ARD,0.3996,normal,33.6,intermediate
214767541,C,A,BARD1_X6,BARD1_X6B;BARD1_X6C,missense_variant,0.0212812,functionally_normal,K503N,214767541:A,-0.0707667,normal,K,N,503,ARD,1.1985,normal,35.0,intermediate
214767541,C,G,BARD1_X6,BARD1_X6B;BARD1_X6C,missense_variant,0.0126781,functionally_normal,K503N,214767541:G,0.118987,normal,K,N,503,ARD,1.1985,normal,35.0,intermediate
214767541,C,T,BARD1_X6,BARD1_X6B;BARD1_X6C,synonymous_variant,0.0311348,functionally_normal,K503K,214767541:T,0.0708275,normal,K,K,503,ARD,0.0,normal,35.0,intermediate
214767542,T,A,BARD1_X6,BARD1_X6B;BARD1_X6C,missense_variant,0.00422961,functionally_normal,K503M,214767542:A,0.0973464,normal,K,M,503,ARD,0.3066,normal,35.0,intermediate
214767542,T,C,BARD1_X6,BARD1_X6B;BARD1_X6C,missense_variant,-0.00186595,functionally_normal,K503R,214767542:C,-0.183425,normal,K,R,503,ARD,-0.1702,normal,35.0,intermediate
214767542,T,G,BARD1_X6,BARD1_X6B;BARD1_X6C,missense_variant,0.00714387,functionally_normal,K503T,214767542:G,-0.104094,normal,K,T,503,ARD,1.0619,normal,35.0,intermediate
214767543,T,C,BARD1_X6,BARD1_X6B;BARD1_X6C,missense_variant,0.00318545,functionally_normal,K503E,214767543:C,0.125528,normal,K,E,503,ARD,0.9458,normal,35.0,intermediate
214767543,T,G,BARD1_X6,BARD1_X6B;BARD1_X6C,missense_variant,0.0309267,functionally_normal,K503Q,214767543:G,-0.0722326,normal,K,Q,503,ARD,0.4332,normal,35.0,intermediate
214767547,T,A,BARD1_X6,BARD1_X6B;BARD1_X6C,synonymous_variant,0.0357584,functionally_normal,A501A,214767547:A,0.0497262,normal,A,A,501,ARD,0.0,normal,0.0,buried
214767547,T,C,BARD1_X6,BARD1_X6B;BARD1_X6C,synonymous_variant,0.0285609,functionally_normal,A501A,214767547:C,0.132214,normal,A,A,501,ARD,0.0,normal,0.0,buried
214767547,T,G,BARD1_X6,BARD1_X6B;BARD1_X6C,synonymous_variant,0.0169172,functionally_normal,A501A,214767547:G,0.164508,normal,A,A,501,ARD,0.0,normal,0.0,buried
214767548,G,A,BARD1_X6,BARD1_X6B;BARD1_X6C,missense_variant,-0.0144214,functionally_normal,A501V,214767548:A,-0.158578,normal,A,V,501,ARD,1.6797,destabilizing,0.0,buried
214767548,G,C,BARD1_X6,BARD1_X6B;BARD1_X6C,missense_variant,0.0187753,functionally_normal,A501G,214767548:C,0.0689415,normal,A,G,501,ARD,2.141,destabilizing,0.0,buried
214767548,G,T,BARD1_X6,BARD1_X6B;BARD1_X6C,missense_variant,-0.258492,functionally_abnormal,A501E,214767548:T,0.120878,normal,A,E,501,ARD,2.7772,destabilizing,0.0,buried
214767549,C,A,BARD1_X6,BARD1_X6B;BARD1_X6C,missense_variant,0.00289537,functionally_normal,A501S,214767549:A,0.0445681,normal,A,S,501,ARD,1.8809,destabilizing,0.0,buried
214767549,C,G,BARD1_X6,BARD1_X6B;BARD1_X6C,missense_variant,-0.242682,functionally_abnormal,A501P,214767549:G,-0.0490879,normal,A,P,501,ARD,2.7681,destabilizing,0.0,buried
214767549,C,T,BARD1_X6,BARD1_X6B;BARD1_X6C,missense_variant,-0.0123308,functionally_normal,A501T,214767549:T,0.0869001,normal,A,T,501,ARD,2.4925,destabilizing,0.0,buried
214767550,A,C,BARD1_X6,BARD1_X6B,missense_variant,-0.00351944,functionally_normal,D500E,214767550:C,0.0678468,normal,D,E,500,ARD,-1.0552,normal,3.6,buried
214767550,A,T,BARD1_X6,BARD1_X6B,missense_variant,-0.0035752,functionally_normal,D500E,214767550:T,-0.138239,normal,D,E,500,ARD,-1.0552,normal,3.6,buried
214767550,A,G,BARD1_X6,BARD1_X6B,synonymous_variant,0.0391534,functionally_normal,D500D,214767550:G,-0.356504,normal,D,D,500,ARD,0.0,normal,3.6,buried
214767551,T,A,BARD1_X6,BARD1_X6B,missense_variant,-0.0449472,indeterminate,D500V,214767551:A,0.0100486,normal,D,V,500,ARD,0.6709,normal,3.6,buried
214767551,T,C,BARD1_X6,BARD1_X6B,missense_variant,-0.0521105,indeterminate,D500G,214767551:C,-0.209153,normal,D,G,500,ARD,0.072,normal,3.6,buried
214767551,T,G,BARD1_X6,BARD1_X6B,missense_variant,-0.0882146,functionally_abnormal,D500A,214767551:G,-0.182664,normal,D,A,500,ARD,0.0612,normal,3.6,buried
214767552,C,A,BARD1_X6,BARD1_X6B,missense_variant,-0.134238,functionally_abnormal,D500Y,214767552:A,-0.187955,normal,D,Y,500,ARD,-0.9363,normal,3.6,buried
214767552,C,G,BARD1_X6,BARD1_X6B,missense_variant,-0.140487,functionally_abnormal,D500H,214767552:G,-0.171033,normal,D,H,500,ARD,-0.9236,normal,3.6,buried
214767552,C,T,BARD1_X6,BARD1_X6B,missense_variant,-0.0911837,functionally_abnormal,D500N,214767552:T,-0.0474308,normal,D,N,500,ARD,-0.0928,normal,3.6,buried
214767553,G,A,BARD1_X6,BARD1_X6B,synonymous_variant,0.0342828,functionally_normal,H499H,214767553:A,-0.64449,low,H,H,499,ARD,0.0,normal,1.2,buried
214767553,G,C,BARD1_X6,BARD1_X6B,missense_variant,-0.125766,functionally_abnormal,H499Q,214767553:C,-0.365656,normal,H,Q,499,ARD,0.8873,normal,1.2,buried
214767553,G,T,BARD1_X6,BARD1_X6B,missense_variant,-0.124011,functionally_abnormal,H499Q,214767553:T,-0.302136,normal,H,Q,499,ARD,0.8873,normal,1.2,buried
214767554,T,A,BARD1_X6,BARD1_X6B,missense_variant,-0.0896443,functionally_abnormal,H499L,214767554:A,-0.152012,normal,H,L,499,ARD,2.0694,destabilizing,1.2,buried
214767554,T,C,BARD1_X6,BARD1_X6B,missense_variant,-0.208302,functionally_abnormal,H499R,214767554:C,0.0152286,normal,H,R,499,ARD,0.932,normal,1.2,buried
214767554,T,G,BARD1_X6,BARD1_X6B,missense_variant,-0.356597,functionally_abnormal,H499P,214767554:G,-0.451255,normal,H,P,499,ARD,1.1643,normal,1.2,buried
214767555,G,A,BARD1_X6,BARD1_X6B,missense_variant,-0.190218,functionally_abnormal,H499Y,214767555:A,-0.0235496,normal,H,Y,499,ARD,0.6787,normal,1.2,buried
214767555,G,C,BARD1_X6,BARD1_X6B,missense_variant,-0.200676,functionally_abnormal,H499D,214767555:C,0.196083,normal,H,D,499,ARD,2.8383,destabilizing,1.2,buried
214767555,G,T,BARD1_X6,BARD1_X6B,missense_variant,-0.15038,functionally_abnormal,H499N,214767555:T,0.211014,normal,H,N,499,ARD,1.2825,normal,1.2,buried
214767556,A,C,BARD1_X6,BARD1_X6B,synonymous_variant,0.0423817,functionally_normal,L498L,214767556:C,-0.118984,normal,L,L,498,ARD,0.0,normal,1.9,buried
214767556,A,G,BARD1_X6,BARD1_X6B,synonymous_variant,0.0542362,functionally_normal,L498L,214767556:G,0.117617,normal,L,L,498,ARD,0.0,normal,1.9,buried
214767556,A,T,BARD1_X6,BARD1_X6B,synonymous_variant,0.00179077,functionally_normal,L498L,214767556:T,-0.138868,normal,L,L,498,ARD,0.0,normal,1.9,buried
214767557,A,C,BARD1_X6,BARD1_X6B,missense_variant,-0.134353,functionally_abnormal,L498R,214767557:C,-0.319326,normal,L,R,498,ARD,3.3614,destabilizing,1.9,buried
214767557,A,G,BARD1_X6,BARD1_X6B,missense_variant,-0.235952,functionally_abnormal,L498P,214767557:G,-0.093995,normal,L,P,498,ARD,3.4021,destabilizing,1.9,buried
214767557,A,T,BARD1_X6,BARD1_X6B,missense_variant,-0.245985,functionally_abnormal,L498H,214767557:T,-0.405265,normal,L,H,498,ARD,3.34,destabilizing,1.9,buried
214767558,G,A,BARD1_X6,BARD1_X6B,missense_variant,-0.159737,functionally_abnormal,L498F,214767558:A,0.0812059,normal,L,F,498,ARD,1.6013,destabilizing,1.9,buried
214767558,G,C,BARD1_X6,BARD1_X6B,missense_variant,0.0143574,functionally_normal,L498V,214767558:C,-0.111197,normal,L,V,498,ARD,2.3257,destabilizing,1.9,buried
214767558,G,T,BARD1_X6,BARD1_X6B,missense_variant,0.0466692,functionally_normal,L498I,214767558:T,0.0978634,normal,L,I,498,ARD,1.4551,normal,1.9,buried
214767559,T,A,BARD1_X6,BARD1_X6B,synonymous_variant,0.00798094,functionally_normal,P497P,214767559:A,-0.0651479,normal,P,P,497,ARD,0.0,normal,1.7,buried
214767559,T,C,BARD1_X6,BARD1_X6B,synonymous_variant,0.03063,functionally_normal,P497P,214767559:C,-0.117213,normal,P,P,497,ARD,0.0,normal,1.7,buried
214767559,T,G,BARD1_X6,BARD1_X6B,synonymous_variant,0.0344433,functionally_normal,P497P,214767559:G,-0.0706978,normal,P,P,497,ARD,0.0,normal,1.7,buried
214767560,G,A,BARD1_X6,BARD1_X6B,missense_variant,-0.137152,functionally_abnormal,P497L,214767560:A,-0.227804,normal,P,L,497,ARD,1.3392,normal,1.7,buried
214767560,G,C,BARD1_X6,BARD1_X6B,missense_variant,-0.350317,functionally_abnormal,P497R,214767560:C,0.102969,normal,P,R,497,ARD,1.8954,destabilizing,1.7,buried
214767560,G,T,BARD1_X6,BARD1_X6B,missense_variant,-0.0892961,functionally_abnormal,P497Q,214767560:T,-0.341595,normal,P,Q,497,ARD,1.8456,destabilizing,1.7,buried
214767561,G,A,BARD1_X6,BARD1_X6B,missense_variant,0.0262801,functionally_normal,P497S,214767561:A,0.0368303,normal,P,S,497,ARD,1.5088,normal,1.7,buried
214767561,G,C,BARD1_X6,BARD1_X6B,missense_variant,0.0538412,functionally_normal,P497A,214767561:C,-0.0447834,normal,P,A,497,ARD,0.6982,normal,1.7,buried
214767561,G,T,BARD1_X6,BARD1_X6B,missense_variant,-0.0441936,indeterminate,P497T,214767561:T,0.0589984,normal,P,T,497,ARD,1.6985,destabilizing,1.7,buried
214767562,T,A,BARD1_X6,BARD1_X6B,synonymous_variant,0.0417434,functionally_normal,S496S,214767562:A,0.0261353,normal,S,S,496,ARD,0.0,normal,4.2,buried
214767562,T,C,BARD1_X6,BARD1_X6B,synonymous_variant,0.0112493,functionally_normal,S496S,214767562:C,-0.307795,normal,S,S,496,ARD,0.0,normal,4.2,buried
214767562,T,G,BARD1_X6,BARD1_X6B,synonymous_variant,0.0167168,functionally_normal,S496S,214767562:G,-0.173588,normal,S,S,496,ARD,0.0,normal,4.2,buried
214767563,G,A,BARD1_X6,BARD1_X6B,missense_variant,-0.0045271,functionally_normal,S496L,214767563:A,0.0355495,normal,S,L,496,ARD,0.3138,normal,4.2,buried
214767564,A,C,BARD1_X6,BARD1_X6B,missense_variant,0.035012,functionally_normal,S496A,214767564:C,-0.233215,normal,S,A,496,ARD,0.4266,normal,4.2,buried
214767564,A,G,BARD1_X6,BARD1_X6B,missense_variant,-0.251001,functionally_abnormal,S496P,214767564:G,-0.0990329,normal,S,P,496,ARD,0.9944,normal,4.2,buried
214767564,A,T,BARD1_X6,BARD1_X6B,missense_variant,0.00990831,functionally_normal,S496T,214767564:T,-0.0579471,normal,S,T,496,ARD,-0.7133,normal,4.2,buried
214767565,G,A,BARD1_X6,BARD1_X6B,synonymous_variant,0.00154288,functionally_normal,D495D,214767565:A,-0.316205,normal,D,D,495,ARD,0.0,normal,5.6,buried
214767565,G,C,BARD1_X6,BARD1_X6B,missense_variant,0.0260994,functionally_normal,D495E,214767565:C,-0.113913,normal,D,E,495,ARD,0.19,normal,5.6,buried
214767565,G,T,BARD1_X6,BARD1_X6B,missense_variant,0.0394732,functionally_normal,D495E,214767565:T,0.0415998,normal,D,E,495,ARD,0.19,normal,5.6,buried
214767566,T,A,BARD1_X6,BARD1_X6B,missense_variant,0.00797631,functionally_normal,D495V,214767566:A,-0.0712358,normal,D,V,495,ARD,1.1241,normal,5.6,buried
214767566,T,C,BARD1_X6,BARD1_X6B,missense_variant,-0.0191492,functionally_normal,D495G,214767566:C,-0.129892,normal,D,G,495,ARD,1.0031,normal,5.6,buried
214767566,T,G,BARD1_X6,BARD1_X6B,missense_variant,-0.0138054,functionally_normal,D495A,214767566:G,-0.0888452,normal,D,A,495,ARD,0.9236,normal,5.6,buried
214767567,C,A,BARD1_X6,BARD1_X6B,missense_variant,0.026533,functionally_normal,D495Y,214767567:A,-0.363971,normal,D,Y,495,ARD,-0.0503,normal,5.6,buried
214767567,C,G,BARD1_X6,BARD1_X6B,missense_variant,0.0146905,functionally_normal,D495H,214767567:G,-0.250887,normal,D,H,495,ARD,0.3979,normal,5.6,buried
214767567,C,T,BARD1_X6,BARD1_X6B,missense_variant,-0.0320794,functionally_normal,D495N,214767567:T,-0.461521,normal,D,N,495,ARD,0.2118,normal,5.6,buried
214767568,A,C,BARD1_X6,BARD1_X6B,missense_variant,-0.104328,functionally_abnormal,N494K,214767568:C,-0.0434486,normal,N,K,494,ARD,0.1146,normal,35.1,intermediate
214767568,A,T,BARD1_X6,BARD1_X6B,missense_variant,-0.130283,functionally_abnormal,N494K,214767568:T,-0.208163,normal,N,K,494,ARD,0.1146,normal,35.1,intermediate
214767568,A,G,BARD1_X6,BARD1_X6B,synonymous_variant,0.0349345,functionally_normal,N494N,214767568:G,-0.14899,normal,N,N,494,ARD,0.0,normal,35.1,intermediate
214767569,T,A,BARD1_X6,BARD1_X6B,missense_variant,-0.195179,functionally_abnormal,N494I,214767569:A,-0.37911,normal,N,I,494,ARD,1.0868,normal,35.1,intermediate
214767569,T,C,BARD1_X6,BARD1_X6B,missense_variant,-0.0356466,functionally_normal,N494S,214767569:C,-0.112144,normal,N,S,494,ARD,0.4545,normal,35.1,intermediate
214767569,T,G,BARD1_X6,BARD1_X6B,missense_variant,-0.127269,functionally_abnormal,N494T,214767569:G,-0.345955,normal,N,T,494,ARD,0.8105,normal,35.1,intermediate
214767570,T,A,BARD1_X6,BARD1_X6B,missense_variant,-0.075036,functionally_abnormal,N494Y,214767570:A,-0.162235,normal,N,Y,494,ARD,0.2322,normal,35.1,intermediate
214767570,T,C,BARD1_X6,BARD1_X6B,missense_variant,-0.146773,functionally_abnormal,N494D,214767570:C,-0.514384,low,N,D,494,ARD,0.4565,normal,35.1,intermediate
214767570,T,G,BARD1_X6,BARD1_X6B,missense_variant,0.00058306,functionally_normal,N494H,214767570:G,-0.288409,normal,N,H,494,ARD,0.1647,normal,35.1,intermediate
214767571,T,A,BARD1_X6,BARD1_X6B,missense_variant,0.0288277,functionally_normal,Q493H,214767571:A,0.116452,normal,Q,H,493,ARD,-0.0991,normal,27.2,intermediate
214767571,T,G,BARD1_X6,BARD1_X6B,missense_variant,0.0335592,functionally_normal,Q493H,214767571:G,-0.0957978,normal,Q,H,493,ARD,-0.0991,normal,27.2,intermediate
214767571,T,C,BARD1_X6,BARD1_X6B,synonymous_variant,0.0323801,functionally_normal,Q493Q,214767571:C,-0.190322,normal,Q,Q,493,ARD,0.0,normal,27.2,intermediate
214767572,T,A,BARD1_X6,BARD1_X6B,missense_variant,0.0195279,functionally_normal,Q493L,214767572:A,-0.233498,normal,Q,L,493,ARD,-0.0897,normal,27.2,intermediate
214767572,T,C,BARD1_X6,BARD1_X6B,missense_variant,0.00671471,functionally_normal,Q493R,214767572:C,-0.175,normal,Q,R,493,ARD,0.323,normal,27.2,intermediate
214767572,T,G,BARD1_X6,BARD1_X6B,missense_variant,-0.291101,functionally_abnormal,Q493P,214767572:G,-0.185433,normal,Q,P,493,ARD,1.9149,destabilizing,27.2,intermediate
214767573,G,C,BARD1_X6,BARD1_X6B,missense_variant,0.0172496,functionally_normal,Q493E,214767573:C,-0.00555804,normal,Q,E,493,ARD,0.6382,normal,27.2,intermediate
214767573,G,T,BARD1_X6,BARD1_X6B,missense_variant,0.0202104,functionally_normal,Q493K,214767573:T,-0.365873,normal,Q,K,493,ARD,0.2195,normal,27.2,intermediate
214767574,A,G,BARD1_X6,BARD1_X6B,synonymous_variant,0.0327961,functionally_normal,Y492Y,214767574:G,-0.255371,normal,Y,Y,492,ARD,0.0,normal,43.0,intermediate
214767575,T,A,BARD1_X6,BARD1_X6B,missense_variant,0.0051785,functionally_normal,Y492F,214767575:A,0.0241543,normal,Y,F,492,ARD,0.3486,normal,43.0,intermediate
214767575,T,C,BARD1_X6,BARD1_X6B,missense_variant,-0.0155118,functionally_normal,Y492C,214767575:C,-0.36074,normal,Y,C,492,ARD,0.7974,normal,43.0,intermediate
214767575,T,G,BARD1_X6,BARD1_X6B,missense_variant,-0.00522476,functionally_normal,Y492S,214767575:G,-0.387641,normal,Y,S,492,ARD,1.4461,normal,43.0,intermediate
214767576,A,C,BARD1_X6,BARD1_X6B,missense_variant,0.00766704,functionally_normal,Y492D,214767576:C,-0.116095,normal,Y,D,492,ARD,1.5206,normal,43.0,intermediate
214767576,A,G,BARD1_X6,BARD1_X6B,missense_variant,0.0158281,functionally_normal,Y492H,214767576:G,-0.270123,normal,Y,H,492,ARD,0.6687,normal,43.0,intermediate
214767576,A,T,BARD1_X6,BARD1_X6B,missense_variant,0.00222181,functionally_normal,Y492N,214767576:T,-0.368187,normal,Y,N,492,ARD,1.129,normal,43.0,intermediate
214767577,C,A,BARD1_X6,BARD1_X6B,synonymous_variant,0.0039115,functionally_normal,G491G,214767577:A,-0.328076,normal,G,G,491,ARD,0.0,normal,12.3,buried
214767577,C,G,BARD1_X6,BARD1_X6B,synonymous_variant,0.0188383,functionally_normal,G491G,214767577:G,-0.111851,normal,G,G,491,ARD,0.0,normal,12.3,buried
214767577,C,T,BARD1_X6,BARD1_X6B,synonymous_variant,0.0178762,functionally_normal,G491G,214767577:T,-0.291631,normal,G,G,491,ARD,0.0,normal,12.3,buried
214767578,C,A,BARD1_X6,BARD1_X6B,missense_variant,-0.238948,functionally_abnormal,G491V,214767578:A,-0.187716,normal,G,V,491,ARD,2.816,destabilizing,12.3,buried
214767578,C,G,BARD1_X6,BARD1_X6B,missense_variant,0.0103286,functionally_normal,G491A,214767578:G,-0.284813,normal,G,A,491,ARD,2.1966,destabilizing,12.3,buried
214767578,C,T,BARD1_X6,BARD1_X6B,missense_variant,-0.19813,functionally_abnormal,G491E,214767578:T,-0.102062,normal,G,E,491,ARD,2.9218,destabilizing,12.3,buried
214767579,C,A,BARD1_X6,BARD1_X6A;BARD1_X6B,missense_variant,-0.149185,functionally_abnormal,G491W,214767579:A,-0.94449,low,G,W,491,ARD,2.5277,destabilizing,12.3,buried
214767579,C,G,BARD1_X6,BARD1_X6A;BARD1_X6B,missense_variant,-0.15885,functionally_abnormal,G491R,214767579:G,-0.252765,normal,G,R,491,ARD,2.6949,destabilizing,12.3,buried
214767579,C,T,BARD1_X6,BARD1_X6A;BARD1_X6B,missense_variant,-0.164905,functionally_abnormal,G491R,214767579:T,-0.370705,normal,G,R,491,ARD,2.6949,destabilizing,12.3,buried
214767580,G,A,BARD1_X6,BARD1_X6A;BARD1_X6B,synonymous_variant,0.0117397,functionally_normal,T490T,214767580:A,-0.527188,low,T,T,490,ARD,0.0,normal,34.5,intermediate
214767580,G,C,BARD1_X6,BARD1_X6A;BARD1_X6B,synonymous_variant,0.023496,functionally_normal,T490T,214767580:C,-0.501351,low,T,T,490,ARD,0.0,normal,34.5,intermediate
214767580,G,T,BARD1_X6,BARD1_X6A;BARD1_X6B,synonymous_variant,0.0214937,functionally_normal,T490T,214767580:T,-0.205962,normal,T,T,490,ARD,0.0,normal,34.5,intermediate
214767581,G,A,BARD1_X6,BARD1_X6A;BARD1_X6B,missense_variant,-0.0290062,functionally_normal,T490I,214767581:A,-0.683165,low,T,I,490,ARD,0.3428,normal,34.5,intermediate
214767581,G,C,BARD1_X6,BARD1_X6A;BARD1_X6B,missense_variant,0.00335857,functionally_normal,T490S,214767581:C,-0.551367,low,T,S,490,ARD,0.2354,normal,34.5,intermediate
214767582,T,A,BARD1_X6,BARD1_X6A;BARD1_X6B,missense_variant,-0.023909,functionally_normal,T490S,214767582:A,-0.32474,normal,T,S,490,ARD,0.2354,normal,34.5,intermediate
214767581,G,T,BARD1_X6,BARD1_X6A;BARD1_X6B,missense_variant,-0.0655844,functionally_abnormal,T490N,214767581:T,0.0999824,normal,T,N,490,ARD,0.5398,normal,34.5,intermediate
214767582,T,C,BARD1_X6,BARD1_X6A;BARD1_X6B,missense_variant,0.0103194,functionally_normal,T490A,214767582:C,-0.295529,normal,T,A,490,ARD,0.4354,normal,34.5,intermediate
214767582,T,G,BARD1_X6,BARD1_X6A;BARD1_X6B,missense_variant,0.04396,functionally_normal,T490P,214767582:G,-0.459962,normal,T,P,490,ARD,0.2924,normal,34.5,intermediate
214767583,G,A,BARD1_X6,BARD1_X6A;BARD1_X6B,synonymous_variant,0.0132138,functionally_normal,T489T,214767583:A,-0.432883,normal,T,T,489,ARD,0.0,normal,20.9,intermediate
214767583,G,C,BARD1_X6,BARD1_X6A;BARD1_X6B,synonymous_variant,0.00693964,functionally_normal,T489T,214767583:C,-0.494072,low,T,T,489,ARD,0.0,normal,20.9,intermediate
214767583,G,T,BARD1_X6,BARD1_X6A;BARD1_X6B,synonymous_variant,0.0165124,functionally_normal,T489T,214767583:T,-0.401481,normal,T,T,489,ARD,0.0,normal,20.9,intermediate
214767584,G,A,BARD1_X6,BARD1_X6A;BARD1_X6B,missense_variant,0.0234859,functionally_normal,T489I,214767584:A,-0.500616,low,T,I,489,ARD,-0.4896,normal,20.9,intermediate
214767584,G,C,BARD1_X6,BARD1_X6A;BARD1_X6B,missense_variant,0.00617865,functionally_normal,T489S,214767584:C,-0.165417,normal,T,S,489,ARD,0.3379,normal,20.9,intermediate
214767585,T,A,BARD1_X6,BARD1_X6A;BARD1_X6B,missense_variant,0.034235,functionally_normal,T489S,214767585:A,1.89063,normal,T,S,489,ARD,0.3379,normal,20.9,intermediate
214767584,G,T,BARD1_X6,BARD1_X6A;BARD1_X6B,missense_variant,-0.0112083,functionally_normal,T489N,214767584:T,-0.286528,normal,T,N,489,ARD,0.904,normal,20.9,intermediate
214767585,T,C,BARD1_X6,BARD1_X6A;BARD1_X6B,missense_variant,0.0136893,functionally_normal,T489A,214767585:C,-0.800899,low,T,A,489,ARD,-0.0408,normal,20.9,intermediate
214767585,T,G,BARD1_X6,BARD1_X6A;BARD1_X6B,missense_variant,0.00671105,functionally_normal,T489P,214767585:G,-0.250949,normal,T,P,489,ARD,2.0507,destabilizing,20.9,intermediate
214767586,G,A,BARD1_X6,BARD1_X6A;BARD1_X6B,synonymous_variant,0.0299922,functionally_normal,N488N,214767586:A,-0.0731299,normal,N,N,488,ARD,0.0,normal,35.7,intermediate
214767586,G,C,BARD1_X6,BARD1_X6A;BARD1_X6B,missense_variant,-0.00292684,functionally_normal,N488K,214767586:C,-0.113362,normal,N,K,488,ARD,0.7695,normal,35.7,intermediate
214767586,G,T,BARD1_X6,BARD1_X6A;BARD1_X6B,missense_variant,0.00794222,functionally_normal,N488K,214767586:T,0.0526287,normal,N,K,488,ARD,0.7695,normal,35.7,intermediate
214767587,T,A,BARD1_X6,BARD1_X6A;BARD1_X6B,missense_variant,-0.0296567,functionally_normal,N488I,214767587:A,0.180723,normal,N,I,488,ARD,1.2324,normal,35.7,intermediate
214767587,T,C,BARD1_X6,BARD1_X6A;BARD1_X6B,missense_variant,0.00671332,functionally_normal,N488S,214767587:C,-0.526198,low,N,S,488,ARD,0.5122,normal,35.7,intermediate
214767587,T,G,BARD1_X6,BARD1_X6A;BARD1_X6B,missense_variant,-0.0200879,functionally_normal,N488T,214767587:G,-0.025272,normal,N,T,488,ARD,0.7626,normal,35.7,intermediate
214767588,T,A,BARD1_X6,BARD1_X6A;BARD1_X6B,missense_variant,0.0167515,functionally_normal,N488Y,214767588:A,0.64866,normal,N,Y,488,ARD,1.0834,normal,35.7,intermediate
214767588,T,C,BARD1_X6,BARD1_X6A;BARD1_X6B,missense_variant,-0.00579882,functionally_normal,N488D,214767588:C,-0.0824411,normal,N,D,488,ARD,0.7049,normal,35.7,intermediate
214767588,T,G,BARD1_X6,BARD1_X6A;BARD1_X6B,missense_variant,0.0157566,functionally_normal,N488H,214767588:G,-0.194744,normal,N,H,488,ARD,0.7446,normal,35.7,intermediate
214767589,C,A,BARD1_X6,BARD1_X6A;BARD1_X6B,synonymous_variant,0.0361021,functionally_normal,V487V,214767589:A,-0.727176,low,V,V,487,ARD,0.0,normal,11.8,buried
214767589,C,G,BARD1_X6,BARD1_X6A;BARD1_X6B,synonymous_variant,0.0398442,functionally_normal,V487V,214767589:G,-0.369519,normal,V,V,487,ARD,0.0,normal,11.8,buried
214767589,C,T,BARD1_X6,BARD1_X6A;BARD1_X6B,synonymous_variant,0.0244607,functionally_normal,V487V,214767589:T,-0.448587,normal,V,V,487,ARD,0.0,normal,11.8,buried
214767590,A,C,BARD1_X6,BARD1_X6A;BARD1_X6B,missense_variant,-0.0707449,functionally_abnormal,V487G,214767590:C,-0.207145,normal,V,G,487,ARD,2.5471,destabilizing,11.8,buried
214767590,A,G,BARD1_X6,BARD1_X6A;BARD1_X6B,missense_variant,0.00231181,functionally_normal,V487A,214767590:G,-0.0812364,normal,V,A,487,ARD,1.5307,normal,11.8,buried
214767590,A,T,BARD1_X6,BARD1_X6A;BARD1_X6B,missense_variant,-0.0786068,functionally_abnormal,V487E,214767590:T,-0.394527,normal,V,E,487,ARD,2.6321,destabilizing,11.8,buried
214767591,C,A,BARD1_X6,BARD1_X6A;BARD1_X6B,missense_variant,0.0183392,functionally_normal,V487L,214767591:A,-0.140101,normal,V,L,487,ARD,1.2542,normal,11.8,buried
214767591,C,G,BARD1_X6,BARD1_X6A;BARD1_X6B,missense_variant,0.0335567,functionally_normal,V487L,214767591:G,-0.469367,normal,V,L,487,ARD,1.2542,normal,11.8,buried
214767591,C,T,BARD1_X6,BARD1_X6A;BARD1_X6B,missense_variant,0.00278074,functionally_normal,V487M,214767591:T,-0.548764,low,V,M,487,ARD,1.7616,destabilizing,11.8,buried
214767592,C,A,BARD1_X6,BARD1_X6A;BARD1_X6B,missense_variant,0.0289024,functionally_normal,L486F,214767592:A,-0.398241,normal,L,F,486,ARD,0.326,normal,55.3,exposed
214767592,C,G,BARD1_X6,BARD1_X6A;BARD1_X6B,missense_variant,0.0316444,functionally_normal,L486F,214767592:G,0.126349,normal,L,F,486,ARD,0.326,normal,55.3,exposed
214767592,C,T,BARD1_X6,BARD1_X6A;BARD1_X6B,synonymous_variant,0.0379272,functionally_normal,L486L,214767592:T,-0.0989122,normal,L,L,486,ARD,0.0,normal,55.3,exposed
214767594,A,G,BARD1_X6,BARD1_X6A;BARD1_X6B,synonymous_variant,0.0208777,functionally_normal,L486L,214767594:G,-0.0172066,normal,L,L,486,ARD,0.0,normal,55.3,exposed
214767593,A,C,BARD1_X6,BARD1_X6A;BARD1_X6B,missense_variant,0.00685102,functionally_normal,L486W,214767593:C,-0.332535,normal,L,W,486,ARD,0.4366,normal,55.3,exposed
214767593,A,G,BARD1_X6,BARD1_X6A;BARD1_X6B,missense_variant,0.00696575,functionally_normal,L486S,214767593:G,-0.250866,normal,L,S,486,ARD,0.3172,normal,55.3,exposed
214767594,A,C,BARD1_X6,BARD1_X6A;BARD1_X6B,missense_variant,0.0162815,functionally_normal,L486V,214767594:C,0.845415,normal,L,V,486,ARD,0.3737,normal,55.3,exposed
214767594,A,T,BARD1_X6,BARD1_X6A;BARD1_X6B,missense_variant,0.023371,functionally_normal,L486M,214767594:T,-0.440686,normal,L,M,486,ARD,0.3237,normal,55.3,exposed
214767595,T,A,BARD1_X6,BARD1_X6A;BARD1_X6B,synonymous_variant,0.0246816,functionally_normal,A485A,214767595:A,-0.493817,low,A,A,485,ARD,0.0,normal,8.2,buried
214767595,T,C,BARD1_X6,BARD1_X6A;BARD1_X6B,synonymous_variant,0.0419258,functionally_normal,A485A,214767595:C,-0.229221,normal,A,A,485,ARD,0.0,normal,8.2,buried
214767595,T,G,BARD1_X6,BARD1_X6A;BARD1_X6B,synonymous_variant,0.0245473,functionally_normal,A485A,214767595:G,-0.175591,normal,A,A,485,ARD,0.0,normal,8.2,buried
214767596,G,A,BARD1_X6,BARD1_X6A;BARD1_X6B,missense_variant,-0.0149212,functionally_normal,A485V,214767596:A,-0.24234,normal,A,V,485,ARD,1.5807,normal,8.2,buried
214767596,G,C,BARD1_X6,BARD1_X6A;BARD1_X6B,missense_variant,-0.00977959,functionally_normal,A485G,214767596:C,-0.204331,normal,A,G,485,ARD,2.2059,destabilizing,8.2,buried
214767596,G,T,BARD1_X6,BARD1_X6A;BARD1_X6B,missense_variant,-0.250061,functionally_abnormal,A485E,214767596:T,-0.130042,normal,A,E,485,ARD,2.9185,destabilizing,8.2,buried
214767597,C,A,BARD1_X6,BARD1_X6A;BARD1_X6B,missense_variant,0.00420993,functionally_normal,A485S,214767597:A,-0.317122,normal,A,S,485,ARD,1.8734,destabilizing,8.2,buried
214767597,C,G,BARD1_X6,BARD1_X6A;BARD1_X6B,missense_variant,-0.0845849,functionally_abnormal,A485P,214767597:G,0.0358489,normal,A,P,485,ARD,3.0857,destabilizing,8.2,buried
214767597,C,T,BARD1_X6,BARD1_X6A;BARD1_X6B,missense_variant,0.0161603,functionally_normal,A485T,214767597:T,-0.775583,low,A,T,485,ARD,2.4292,destabilizing,8.2,buried
214767598,C,A,BARD1_X6,BARD1_X6A;BARD1_X6B,missense_variant,0.0271073,functionally_normal,K484N,214767598:A,-0.807246,low,K,N,484,ARD,0.0407,normal,69.8,exposed
214767598,C,G,BARD1_X6,BARD1_X6A;BARD1_X6B,missense_variant,0.0165823,functionally_normal,K484N,214767598:G,1.47227,normal,K,N,484,ARD,0.0407,normal,69.8,exposed
214767598,C,T,BARD1_X6,BARD1_X6A;BARD1_X6B,synonymous_variant,0.0193885,functionally_normal,K484K,214767598:T,-0.765481,low,K,K,484,ARD,0.0,normal,69.8,exposed
214767599,T,A,BARD1_X6,BARD1_X6A;BARD1_X6B,missense_variant,0.0203192,functionally_normal,K484M,214767599:A,-0.450339,normal,K,M,484,ARD,0.2551,normal,69.8,exposed
214767599,T,C,BARD1_X6,BARD1_X6A;BARD1_X6B,missense_variant,0.00921165,functionally_normal,K484R,214767599:C,-0.0480123,normal,K,R,484,ARD,0.1038,normal,69.8,exposed
214767599,T,G,BARD1_X6,BARD1_X6A;BARD1_X6B,missense_variant,0.0199239,functionally_normal,K484T,214767599:G,-0.00611725,normal,K,T,484,ARD,1.0985,normal,69.8,exposed
214767600,T,C,BARD1_X6,BARD1_X6A;BARD1_X6B,missense_variant,0.00678696,functionally_normal,K484E,214767600:C,0.352948,normal,K,E,484,ARD,0.7968,normal,69.8,exposed
214767600,T,G,BARD1_X6,BARD1_X6A;BARD1_X6B,missense_variant,0.022678,functionally_normal,K484Q,214767600:G,-0.339469,normal,K,Q,484,ARD,0.1617,normal,69.8,exposed
214767601,A,C,BARD1_X6,BARD1_X6A;BARD1_X6B,missense_variant,0.0118131,functionally_normal,H483Q,214767601:C,-0.452109,normal,H,Q,483,ARD,0.9932,normal,31.9,intermediate
214767601,A,T,BARD1_X6,BARD1_X6A;BARD1_X6B,missense_variant,0.0356418,functionally_normal,H483Q,214767601:T,-0.479987,normal,H,Q,483,ARD,0.9932,normal,31.9,intermediate
214767601,A,G,BARD1_X6,BARD1_X6A;BARD1_X6B,synonymous_variant,0.0216248,functionally_normal,H483H,214767601:G,-0.437345,normal,H,H,483,ARD,0.0,normal,31.9,intermediate
214767602,T,A,BARD1_X6,BARD1_X6A;BARD1_X6B,missense_variant,-0.107803,functionally_abnormal,H483L,214767602:A,-0.231734,normal,H,L,483,ARD,1.0598,normal,31.9,intermediate
214767602,T,C,BARD1_X6,BARD1_X6A;BARD1_X6B,missense_variant,0.0161906,functionally_normal,H483R,214767602:C,-0.46648,normal,H,R,483,ARD,0.5769,normal,31.9,intermediate
214767602,T,G,BARD1_X6,BARD1_X6A;BARD1_X6B,missense_variant,-0.245445,functionally_abnormal,H483P,214767602:G,-0.0258308,normal,H,P,483,ARD,2.5441,destabilizing,31.9,intermediate
214767603,G,A,BARD1_X6,BARD1_X6A;BARD1_X6B,missense_variant,0.0180415,functionally_normal,H483Y,214767603:A,-0.0347911,normal,H,Y,483,ARD,-0.1979,normal,31.9,intermediate
214767603,G,C,BARD1_X6,BARD1_X6A;BARD1_X6B,missense_variant,-0.0270279,functionally_normal,H483D,214767603:C,-0.589835,low,H,D,483,ARD,1.6708,destabilizing,31.9,intermediate
214767603,G,T,BARD1_X6,BARD1_X6A;BARD1_X6B,missense_variant,0.0193434,functionally_normal,H483N,214767603:T,-0.584018,low,H,N,483,ARD,0.7538,normal,31.9,intermediate
214767604,C,A,BARD1_X6,BARD1_X6A;BARD1_X6B,missense_variant,0.00245404,functionally_normal,Q482H,214767604:A,-0.606815,low,Q,H,482,ARD,0.2504,normal,46.7,intermediate
214767604,C,G,BARD1_X6,BARD1_X6A;BARD1_X6B,missense_variant,0.0115411,functionally_normal,Q482H,214767604:G,-0.452033,normal,Q,H,482,ARD,0.2504,normal,46.7,intermediate
214767604,C,T,BARD1_X6,BARD1_X6A;BARD1_X6B,synonymous_variant,0.0310517,functionally_normal,Q482Q,214767604:T,-0.0685392,normal,Q,Q,482,ARD,0.0,normal,46.7,intermediate
214767605,T,A,BARD1_X6,BARD1_X6A;BARD1_X6B,missense_variant,0.0157378,functionally_normal,Q482L,214767605:A,-0.290207,normal,Q,L,482,ARD,-0.1043,normal,46.7,intermediate
214767605,T,C,BARD1_X6,BARD1_X6A;BARD1_X6B,missense_variant,0.0165923,functionally_normal,Q482R,214767605:C,-0.451204,normal,Q,R,482,ARD,-0.3745,normal,46.7,intermediate
214767605,T,G,BARD1_X6,BARD1_X6A;BARD1_X6B,missense_variant,-0.0935786,functionally_abnormal,Q482P,214767605:G,0.181984,normal,Q,P,482,ARD,2.2036,destabilizing,46.7,intermediate
214767606,G,C,BARD1_X6,BARD1_X6A;BARD1_X6B,missense_variant,0.0395732,functionally_normal,Q482E,214767606:C,-0.0921841,normal,Q,E,482,ARD,0.3535,normal,46.7,intermediate
214767606,G,T,BARD1_X6,BARD1_X6A;BARD1_X6B,missense_variant,0.00310159,functionally_normal,Q482K,214767606:T,-0.689963,low,Q,K,482,ARD,-0.27,normal,46.7,intermediate
214767610,C,A,BARD1_X6,BARD1_X6A;BARD1_X6B,missense_variant,-0.0248126,functionally_normal,L480F,214767610:A,-0.474418,normal,L,F,480,ARD,1.9368,destabilizing,0.7,buried
214767610,C,G,BARD1_X6,BARD1_X6A;BARD1_X6B,missense_variant,0.0181951,functionally_normal,L480F,214767610:G,-0.61286,low,L,F,480,ARD,1.9368,destabilizing,0.7,buried
214767610,C,T,BARD1_X6,BARD1_X6A;BARD1_X6B,synonymous_variant,0.0452885,functionally_normal,L480L,214767610:T,-0.881932,low,L,L,480,ARD,0.0,normal,0.7,buried
214767612,A,G,BARD1_X6,BARD1_X6A;BARD1_X6B,synonymous_variant,0.00861341,functionally_normal,L480L,214767612:G,-0.622983,low,L,L,480,ARD,0.0,normal,0.7,buried
214767611,A,C,BARD1_X6,BARD1_X6A;BARD1_X6B,missense_variant,-0.278733,functionally_abnormal,L480W,214767611:C,-0.0802412,normal,L,W,480,ARD,2.4407,destabilizing,0.7,buried
214767611,A,G,BARD1_X6,BARD1_X6A;BARD1_X6B,missense_variant,-0.227834,functionally_abnormal,L480S,214767611:G,-0.214662,normal,L,S,480,ARD,3.4888,destabilizing,0.7,buried
214767612,A,C,BARD1_X6,BARD1_X6A;BARD1_X6B,missense_variant,-0.0917859,functionally_abnormal,L480V,214767612:C,-0.516199,low,L,V,480,ARD,2.3827,destabilizing,0.7,buried
214767612,A,T,BARD1_X6,BARD1_X6A;BARD1_X6B,missense_variant,0.0227543,functionally_normal,L480M,214767612:T,-0.242606,normal,L,M,480,ARD,1.4215,normal,0.7,buried
214767613,T,A,BARD1_X6,BARD1_X6A;BARD1_X6B,missense_variant,0.011658,functionally_normal,L479F,214767613:A,-0.633969,low,L,F,479,ARD,1.0513,normal,3.9,buried
214767613,T,G,BARD1_X6,BARD1_X6A;BARD1_X6B,missense_variant,0.0135946,functionally_normal,L479F,214767613:G,-0.783283,low,L,F,479,ARD,1.0513,normal,3.9,buried
214767613,T,C,BARD1_X6,BARD1_X6A;BARD1_X6B,synonymous_variant,0.0298071,functionally_normal,L479L,214767613:C,-0.590944,low,L,L,479,ARD,0.0,normal,3.9,buried
214767615,A,G,BARD1_X6,BARD1_X6A;BARD1_X6B,synonymous_variant,0.0126198,functionally_normal,L479L,214767615:G,-0.819329,low,L,L,479,ARD,0.0,normal,3.9,buried
214767614,A,G,BARD1_X6,BARD1_X6A;BARD1_X6B,missense_variant,0.00930592,functionally_normal,L479S,214767614:G,-0.643663,low,L,S,479,ARD,2.0541,destabilizing,3.9,buried
214767615,A,C,BARD1_X6,BARD1_X6A;BARD1_X6B,missense_variant,0.0171714,functionally_normal,L479V,214767615:C,-0.384445,normal,L,V,479,ARD,1.0142,normal,3.9,buried
214767615,A,T,BARD1_X6,BARD1_X6A;BARD1_X6B,missense_variant,0.0271666,functionally_normal,L479I,214767615:T,-0.830429,low,L,I,479,ARD,0.4771,normal,3.9,buried
214767616,T,A,BARD1_X6,BARD1_X6A,missense_variant,0.0095498,functionally_normal,E478D,214767616:A,-0.787498,low,E,D,478,ARD,0.9435,normal,29.9,intermediate
214767616,T,G,BARD1_X6,BARD1_X6A,missense_variant,-0.0306005,functionally_normal,E478D,214767616:G,-0.88324,low,E,D,478,ARD,0.9435,normal,29.9,intermediate
214767616,T,C,BARD1_X6,BARD1_X6A,synonymous_variant,0.0254803,functionally_normal,E478E,214767616:C,-0.304306,normal,E,E,478,ARD,0.0,normal,29.9,intermediate
214767617,T,A,BARD1_X6,BARD1_X6A,missense_variant,0.0174886,functionally_normal,E478V,214767617:A,-0.631329,low,E,V,478,ARD,0.0398,normal,29.9,intermediate
214767617,T,C,BARD1_X6,BARD1_X6A,missense_variant,-0.217973,functionally_abnormal,E478G,214767617:C,3.60986,normal,E,G,478,ARD,0.6848,normal,29.9,intermediate
214767617,T,G,BARD1_X6,BARD1_X6A,missense_variant,-0.00306595,functionally_normal,E478A,214767617:G,-1.00951,low,E,A,478,ARD,0.0454,normal,29.9,intermediate
214767618,C,G,BARD1_X6,BARD1_X6A,missense_variant,0.0331771,functionally_normal,E478Q,214767618:G,-1.20607,low,E,Q,478,ARD,0.0687,normal,29.9,intermediate
214767618,C,T,BARD1_X6,BARD1_X6A,missense_variant,0.0272865,functionally_normal,E478K,214767618:T,-1.26809,low,E,K,478,ARD,0.1744,normal,29.9,intermediate
214767622,T,A,BARD1_X6,BARD1_X6A,synonymous_variant,0.0163131,functionally_normal,V476V,214767622:A,-1.51724,low,V,V,476,ARD,0.0,normal,1.4,buried
214767622,T,C,BARD1_X6,BARD1_X6A,synonymous_variant,-0.000700994,functionally_normal,V476V,214767622:C,0.546616,normal,V,V,476,ARD,0.0,normal,1.4,buried
214767622,T,G,BARD1_X6,BARD1_X6A,synonymous_variant,-0.00143481,functionally_normal,V476V,214767622:G,-1.11739,low,V,V,476,ARD,0.0,normal,1.4,buried
214767623,A,C,BARD1_X6,BARD1_X6A,missense_variant,-0.0178366,functionally_normal,V476G,214767623:C,-0.144163,normal,V,G,476,ARD,3.3957,destabilizing,1.4,buried
214767623,A,G,BARD1_X6,BARD1_X6A,missense_variant,0.0366343,functionally_normal,V476A,214767623:G,-0.101956,normal,V,A,476,ARD,2.0529,destabilizing,1.4,buried
214767623,A,T,BARD1_X6,BARD1_X6A,missense_variant,-0.146927,functionally_abnormal,V476E,214767623:T,-0.494968,low,V,E,476,ARD,2.6822,destabilizing,1.4,buried
214767624,C,A,BARD1_X6,BARD1_X6A,missense_variant,-0.0132962,functionally_normal,V476L,214767624:A,-0.562767,low,V,L,476,ARD,0.8444,normal,1.4,buried
214767624,C,G,BARD1_X6,BARD1_X6A,missense_variant,0.0309555,functionally_normal,V476L,214767624:G,-1.77547,low,V,L,476,ARD,0.8444,normal,1.4,buried
214767624,C,T,BARD1_X6,BARD1_X6A,missense_variant,0.0170087,functionally_normal,V476I,214767624:T,-0.209565,normal,V,I,476,ARD,0.0387,normal,1.4,buried
214767625,C,A,BARD1_X6,BARD1_X6A,missense_variant,0.0254526,functionally_normal,K475N,214767625:A,-0.0100339,normal,K,N,475,ARD,0.5535,normal,37.3,intermediate
214767625,C,G,BARD1_X6,BARD1_X6A,missense_variant,0.0129849,functionally_normal,K475N,214767625:G,-1.56675,low,K,N,475,ARD,0.5535,normal,37.3,intermediate
214767625,C,T,BARD1_X6,BARD1_X6A,synonymous_variant,-0.0138638,functionally_normal,K475K,214767625:T,-0.843619,low,K,K,475,ARD,0.0,normal,37.3,intermediate
214767626,T,A,BARD1_X6,BARD1_X6A,missense_variant,0.0189748,functionally_normal,K475M,214767626:A,-1.36723,low,K,M,475,ARD,0.529,normal,37.3,intermediate
214767626,T,C,BARD1_X6,BARD1_X6A,missense_variant,0.0118384,functionally_normal,K475R,214767626:C,-1.32245,low,K,R,475,ARD,-0.0045,normal,37.3,intermediate
214767626,T,G,BARD1_X6,BARD1_X6A,missense_variant,0.0205955,functionally_normal,K475T,214767626:G,0.31132,normal,K,T,475,ARD,0.4934,normal,37.3,intermediate
214767627,T,C,BARD1_X6,BARD1_X6A,missense_variant,-0.0105403,functionally_normal,K475E,214767627:C,-1.05564,low,K,E,475,ARD,0.6261,normal,37.3,intermediate
214767627,T,G,BARD1_X6,BARD1_X6A,missense_variant,0.0258683,functionally_normal,K475Q,214767627:G,1.04295,normal,K,Q,475,ARD,0.4473,normal,37.3,intermediate
214767628,C,A,BARD1_X6,BARD1_X6A,synonymous_variant,0.0298052,functionally_normal,L474L,214767628:A,-0.830152,low,L,L,474,ARD,0.0,normal,34.5,intermediate
214767628,C,G,BARD1_X6,BARD1_X6A,synonymous_variant,0.0118938,functionally_normal,L474L,214767628:G,-1.00951,low,L,L,474,ARD,0.0,normal,34.5,intermediate
214767628,C,T,BARD1_X6,BARD1_X6A,synonymous_variant,0.0235198,functionally_normal,L474L,214767628:T,-1.21585,low,L,L,474,ARD,0.0,normal,34.5,intermediate
214767630,G,A,BARD1_X6,BARD1_X6A,synonymous_variant,0.0506539,functionally_normal,L474L,214767630:A,-0.466713,normal,L,L,474,ARD,0.0,normal,34.5,intermediate
214767629,A,C,BARD1_X6,BARD1_X6A,missense_variant,0.000430263,functionally_normal,L474R,214767629:C,-1.73706,low,L,R,474,ARD,1.5337,normal,34.5,intermediate
214767629,A,G,BARD1_X6,BARD1_X6A,missense_variant,0.0229803,functionally_normal,L474P,214767629:G,-1.07533,low,L,P,474,ARD,2.1127,destabilizing,34.5,intermediate
214767629,A,T,BARD1_X6,BARD1_X6A,missense_variant,-0.0184023,functionally_normal,L474Q,214767629:T,-0.341594,normal,L,Q,474,ARD,1.7571,destabilizing,34.5,intermediate
214767630,G,C,BARD1_X6,BARD1_X6A,missense_variant,0.0269467,functionally_normal,L474V,214767630:C,-0.896066,low,L,V,474,ARD,1.1532,normal,34.5,intermediate
214767630,G,T,BARD1_X6,BARD1_X6A,missense_variant,0.0115335,functionally_normal,L474M,214767630:T,-0.695405,low,L,M,474,ARD,0.7347,normal,34.5,intermediate
214767631,G,A,BARD1_X6,BARD1_X6A,synonymous_variant,0.0013166,functionally_normal,H473H,214767631:A,-0.582649,low,H,H,473,ARD,0.0,normal,23.3,intermediate
214767631,G,C,BARD1_X6,BARD1_X6A,missense_variant,0.00673784,functionally_normal,H473Q,214767631:C,-0.846673,low,H,Q,473,ARD,1.5976,destabilizing,23.3,intermediate
214767631,G,T,BARD1_X6,BARD1_X6A,missense_variant,0.0224724,functionally_normal,H473Q,214767631:T,-1.25396,low,H,Q,473,ARD,1.5976,destabilizing,23.3,intermediate
214767632,T,A,BARD1_X6,BARD1_X6A,missense_variant,-0.0387116,functionally_normal,H473L,214767632:A,-0.644749,low,H,L,473,ARD,2.1064,destabilizing,23.3,intermediate
214767632,T,C,BARD1_X6,BARD1_X6A,missense_variant,0.00897587,functionally_normal,H473R,214767632:C,-0.612288,low,H,R,473,ARD,1.8099,destabilizing,23.3,intermediate
214767632,T,G,BARD1_X6,BARD1_X6A,missense_variant,-0.11172,functionally_abnormal,H473P,214767632:G,-1.14973,low,H,P,473,ARD,2.1481,destabilizing,23.3,intermediate
214767633,G,A,BARD1_X6,BARD1_X6A,missense_variant,0.0356884,functionally_normal,H473Y,214767633:A,-1.49718,low,H,Y,473,ARD,0.5807,normal,23.3,intermediate
214767633,G,C,BARD1_X6,BARD1_X6A,missense_variant,-0.0260165,functionally_normal,H473D,214767633:C,-1.40482,low,H,D,473,ARD,2.7066,destabilizing,23.3,intermediate
214767633,G,T,BARD1_X6,BARD1_X6A,missense_variant,0.038803,functionally_normal,H473N,214767633:T,-0.000524985,normal,H,N,473,ARD,1.1877,normal,23.3,intermediate
214767634,C,A,BARD1_X6,BARD1_X6A,synonymous_variant,0.0291616,functionally_normal,G472G,214767634:A,-1.26038,low,G,G,472,ARD,0.0,normal,26.9,intermediate
214767634,C,G,BARD1_X6,BARD1_X6A,synonymous_variant,0.0434465,functionally_normal,G472G,214767634:G,-1.48755,low,G,G,472,ARD,0.0,normal,26.9,intermediate
214767634,C,T,BARD1_X6,BARD1_X6A,synonymous_variant,0.029927,functionally_normal,G472G,214767634:T,-1.72651,low,G,G,472,ARD,0.0,normal,26.9,intermediate
214767635,C,A,BARD1_X6,BARD1_X6A,missense_variant,-0.267599,functionally_abnormal,G472V,214767635:A,-0.824275,low,G,V,472,ARD,2.1599,destabilizing,26.9,intermediate
214767635,C,G,BARD1_X6,BARD1_X6A,missense_variant,-0.00397098,functionally_normal,G472A,214767635:G,-1.32785,low,G,A,472,ARD,1.7467,destabilizing,26.9,intermediate
214767635,C,T,BARD1_X6,BARD1_X6A,missense_variant,-0.0839909,functionally_abnormal,G472E,214767635:T,-1.07239,low,G,E,472,ARD,2.391,destabilizing,26.9,intermediate
214767636,C,A,BARD1_X6,BARD1_X6A,missense_variant,-0.157942,functionally_abnormal,G472W,214767636:A,0.150431,normal,G,W,472,ARD,1.8147,destabilizing,26.9,intermediate
214767636,C,G,BARD1_X6,BARD1_X6A,missense_variant,-0.0509283,indeterminate,G472R,214767636:G,-0.361631,normal,G,R,472,ARD,2.051,destabilizing,26.9,intermediate
214767636,C,T,BARD1_X6,BARD1_X6A,missense_variant,-0.0502106,indeterminate,G472R,214767636:T,-1.49866,low,G,R,472,ARD,2.051,destabilizing,26.9,intermediate
214767637,A,C,BARD1_X6,BARD1_X6A,missense_variant,0.0125758,functionally_normal,H471Q,214767637:C,-1.19711,low,H,Q,471,ARD,0.3929,normal,34.3,intermediate
214767637,A,T,BARD1_X6,BARD1_X6A,missense_variant,0.0287005,functionally_normal,H471Q,214767637:T,-0.514647,low,H,Q,471,ARD,0.3929,normal,34.3,intermediate
214767637,A,G,BARD1_X6,BARD1_X6A,synonymous_variant,0.0113496,functionally_normal,H471H,214767637:G,0.307383,normal,H,H,471,ARD,0.0,normal,34.3,intermediate
214767638,T,A,BARD1_X6,BARD1_X6A,missense_variant,0.0138593,functionally_normal,H471L,214767638:A,-0.700965,low,H,L,471,ARD,0.4367,normal,34.3,intermediate
214767638,T,C,BARD1_X6,BARD1_X6A,missense_variant,0.00869942,functionally_normal,H471R,214767638:C,-1.18719,low,H,R,471,ARD,0.1388,normal,34.3,intermediate
214767638,T,G,BARD1_X6,BARD1_X6A,missense_variant,-0.194227,functionally_abnormal,H471P,214767638:G,-0.835562,low,H,P,471,ARD,2.3278,destabilizing,34.3,intermediate
214767639,G,A,BARD1_X6,BARD1_X6A,missense_variant,0.0330205,functionally_normal,H471Y,214767639:A,-1.60042,low,H,Y,471,ARD,0.0448,normal,34.3,intermediate
214767639,G,C,BARD1_X6,BARD1_X6A,missense_variant,0.00892095,functionally_normal,H471D,214767639:C,-0.0154556,normal,H,D,471,ARD,1.3907,normal,34.3,intermediate
214767639,G,T,BARD1_X6,BARD1_X6A,missense_variant,0.0166916,functionally_normal,H471N,214767639:T,-1.07734,low,H,N,471,ARD,0.406,normal,34.3,intermediate
214767640,A,C,BARD1_X6,BARD1_X6A,missense_variant,-0.0735442,functionally_abnormal,N470K,214767640:C,-0.221629,normal,N,K,470,ARD,-0.22,normal,19.2,buried
214767640,A,T,BARD1_X6,BARD1_X6A,missense_variant,-0.0888953,functionally_abnormal,N470K,214767640:T,0.0598325,normal,N,K,470,ARD,-0.22,normal,19.2,buried
214767640,A,G,BARD1_X6,BARD1_X6A,synonymous_variant,0.0063058,functionally_normal,N470N,214767640:G,-1.60531,low,N,N,470,ARD,0.0,normal,19.2,buried
214767641,T,A,BARD1_X6,BARD1_X6A,missense_variant,-0.0077193,functionally_normal,N470I,214767641:A,-1.02067,low,N,I,470,ARD,0.1934,normal,19.2,buried
214767641,T,C,BARD1_X6,BARD1_X6A,missense_variant,0.00564675,functionally_normal,N470S,214767641:C,-1.2598,low,N,S,470,ARD,0.0313,normal,19.2,buried
214767641,T,G,BARD1_X6,BARD1_X6A,missense_variant,0.0316297,functionally_normal,N470T,214767641:G,-1.0609,low,N,T,470,ARD,0.4057,normal,19.2,buried
214767642,T,A,BARD1_X6,BARD1_X6A,missense_variant,0.0217135,functionally_normal,N470Y,214767642:A,-0.667282,low,N,Y,470,ARD,-0.9457,normal,19.2,buried
214767642,T,C,BARD1_X6,BARD1_X6A,missense_variant,0.0401998,functionally_normal,N470D,214767642:C,-0.99601,low,N,D,470,ARD,0.3166,normal,19.2,buried
214767642,T,G,BARD1_X6,BARD1_X6A,missense_variant,0.0129923,functionally_normal,N470H,214767642:G,-0.767385,low,N,H,470,ARD,-0.4928,normal,19.2,buried
214767643,G,A,BARD1_X6,BARD1_X6A,synonymous_variant,0.0080971,functionally_normal,C469C,214767643:A,-1.76883,low,C,C,469,ARD,0.0,normal,0.0,buried
214767643,G,C,BARD1_X6,BARD1_X6A,missense_variant,-0.206872,functionally_abnormal,C469W,214767643:C,0.27526,normal,C,W,469,ARD,0.9415,normal,0.0,buried
214767644,C,A,BARD1_X6,BARD1_X6A,missense_variant,-0.301216,functionally_abnormal,C469F,214767644:A,-0.496217,low,C,F,469,ARD,0.6737,normal,0.0,buried
214767644,C,G,BARD1_X6,BARD1_X6A,missense_variant,0.0157639,functionally_normal,C469S,214767644:G,-1.34925,low,C,S,469,ARD,0.4191,normal,0.0,buried
214767645,A,T,BARD1_X6,BARD1_X6A,missense_variant,0.0129915,functionally_normal,C469S,214767645:T,-1.51937,low,C,S,469,ARD,0.4191,normal,0.0,buried
214767644,C,T,BARD1_X6,BARD1_X6A,missense_variant,-0.208207,functionally_abnormal,C469Y,214767644:T,0.0598325,normal,C,Y,469,ARD,1.0455,normal,0.0,buried
214767645,A,C,BARD1_X6,BARD1_X6A,missense_variant,-0.0615889,functionally_abnormal,C469G,214767645:C,-0.642938,low,C,G,469,ARD,0.8896,normal,0.0,buried
214767645,A,G,BARD1_X6,BARD1_X6A,missense_variant,-0.317919,functionally_abnormal,C469R,214767645:G,-0.212568,normal,C,R,469,ARD,1.8007,destabilizing,0.0,buried
214767646,A,C,BARD1_X6,BARD1_X6A,synonymous_variant,0.0319842,functionally_normal,A468A,214767646:C,-0.289622,normal,A,A,468,ARD,0.0,normal,0.0,buried
214767646,A,G,BARD1_X6,BARD1_X6A,synonymous_variant,0.0321067,functionally_normal,A468A,214767646:G,-0.214067,normal,A,A,468,ARD,0.0,normal,0.0,buried
214767646,A,T,BARD1_X6,BARD1_X6A,synonymous_variant,0.00158674,functionally_normal,A468A,214767646:T,0.583583,normal,A,A,468,ARD,0.0,normal,0.0,buried
214767647,G,A,BARD1_X6,BARD1_X6A,missense_variant,-0.178563,functionally_abnormal,A468V,214767647:A,-0.583984,low,A,V,468,ARD,1.3016,normal,0.0,buried
214767647,G,C,BARD1_X6,BARD1_X6A,missense_variant,0.0201772,functionally_normal,A468G,214767647:C,-1.43967,low,A,G,468,ARD,1.9243,destabilizing,0.0,buried
214767647,G,T,BARD1_X6,BARD1_X6A,missense_variant,-0.266565,functionally_abnormal,A468D,214767647:T,-0.690692,low,A,D,468,ARD,2.7994,destabilizing,0.0,buried
214767648,C,A,BARD1_X6,BARD1_X6A,missense_variant,-0.0231615,functionally_normal,A468S,214767648:A,-1.46074,low,A,S,468,ARD,1.6206,destabilizing,0.0,buried
214767648,C,G,BARD1_X6,BARD1_X6A,missense_variant,-0.273808,functionally_abnormal,A468P,214767648:G,-0.430493,normal,A,P,468,ARD,2.4749,destabilizing,0.0,buried
214767648,C,T,BARD1_X6,BARD1_X6A,missense_variant,-0.222404,functionally_abnormal,A468T,214767648:T,-0.938019,low,A,T,468,ARD,2.1237,destabilizing,0.0,buried
214767649,T,A,BARD1_X6,BARD1_X6A,missense_variant,-0.0102534,functionally_normal,E467D,214767649:A,-1.35102,low,E,D,467,ARD,0.7762,normal,7.3,buried
214767649,T,G,BARD1_X6,BARD1_X6A,missense_variant,0.00616783,functionally_normal,E467D,214767649:G,-1.66549,low,E,D,467,ARD,0.7762,normal,7.3,buried
214767649,T,C,BARD1_X6,BARD1_X6A,synonymous_variant,0.0155308,functionally_normal,E467E,214767649:C,-1.54008,low,E,E,467,ARD,0.0,normal,7.3,buried
214767650,T,A,BARD1_X6,BARD1_X6A,missense_variant,-0.1382,functionally_abnormal,E467V,214767650:A,-0.716303,low,E,V,467,ARD,-0.208,normal,7.3,buried
214767650,T,C,BARD1_X6,BARD1_X6A,missense_variant,-0.121941,functionally_abnormal,E467G,214767650:C,-0.416689,normal,E,G,467,ARD,0.7665,normal,7.3,buried
214767650,T,G,BARD1_X6,BARD1_X6A,missense_variant,-0.147685,functionally_abnormal,E467A,214767650:G,-0.836005,low,E,A,467,ARD,-0.1495,normal,7.3,buried
214767651,C,G,BARD1_X6,BARD1_X6A,missense_variant,-0.148447,functionally_abnormal,E467Q,214767651:G,-1.189,low,E,Q,467,ARD,-0.376,normal,7.3,buried
214767651,C,T,BARD1_X6,BARD1_X6A,missense_variant,-0.191966,functionally_abnormal,E467K,214767651:T,0.0863004,normal,E,K,467,ARD,-0.7741,normal,7.3,buried
214767652,A,C,BARD1_X6,BARD1_X6A,missense_variant,-0.0966548,functionally_abnormal,H466Q,214767652:C,-0.757303,low,H,Q,466,ARD,0.4825,normal,1.8,buried
214767652,A,T,BARD1_X6,BARD1_X6A,missense_variant,-0.0473266,indeterminate,H466Q,214767652:T,0.641923,normal,H,Q,466,ARD,0.4825,normal,1.8,buried
214767652,A,G,BARD1_X6,BARD1_X6A,splicing_variant,-0.00696696,functionally_normal,H466H,214767652:G,-1.5718,low,H,H,466,ARD,0.0,normal,1.8,buried
214767653,T,A,BARD1_X6,BARD1_X6A,missense_variant,-0.184871,functionally_abnormal,H466L,214767653:A,0.262509,normal,H,L,466,ARD,1.7909,destabilizing,1.8,buried
214767653,T,C,BARD1_X6,BARD1_X6A,missense_variant,-0.203816,functionally_abnormal,H466R,214767653:C,-0.722635,low,H,R,466,ARD,0.7228,normal,1.8,buried
214767653,T,G,BARD1_X6,BARD1_X6A,missense_variant,-0.255264,functionally_abnormal,H466P,214767653:G,-0.468203,normal,H,P,466,ARD,0.7205,normal,1.8,buried
214767654,G,A,BARD1_X6,BARD1_X6A,missense_variant,-0.2818,functionally_abnormal,H466Y,214767654:A,-0.485959,low,H,Y,466,ARD,0.9977,normal,1.8,buried
214767654,G,C,BARD1_X6,BARD1_X6A,missense_variant,-0.16282,functionally_abnormal,H466D,214767654:C,-0.618176,low,H,D,466,ARD,2.4717,destabilizing,1.8,buried
214767654,G,T,BARD1_X6,BARD1_X6A,missense_variant,0.0225048,functionally_normal,H466N,214767654:T,-1.12154,low,H,N,466,ARD,0.904,normal,1.8,buried
214769232,C,A,BARD1_X5,BARD1_X5B,missense_variant,-0.102867,functionally_abnormal,L465F,214769232:A,-0.855792,low,L,F,465,ARD,1.8064,destabilizing,1.3,buried
214769232,C,G,BARD1_X5,BARD1_X5B,missense_variant,-0.210763,functionally_abnormal,L465F,214769232:G,-2.33053,low,L,F,465,ARD,1.8064,destabilizing,1.3,buried
214769232,C,T,BARD1_X5,BARD1_X5B,splicing_variant,0.00155305,functionally_normal,L465L,214769232:T,-0.944134,low,L,L,465,ARD,0.0,normal,1.3,buried
214769234,A,G,BARD1_X5,BARD1_X5B,splicing_variant,0.0420442,functionally_normal,L465L,214769234:G,-0.642749,low,L,L,465,ARD,0.0,normal,1.3,buried
214769233,A,C,BARD1_X5,BARD1_X5B,missense_variant,-0.322006,functionally_abnormal,L465W,214769233:C,-0.192367,normal,L,W,465,ARD,2.4838,destabilizing,1.3,buried
214769233,A,G,BARD1_X5,BARD1_X5B,missense_variant,-0.29902,functionally_abnormal,L465S,214769233:G,-0.625783,low,L,S,465,ARD,3.4466,destabilizing,1.3,buried
214769234,A,C,BARD1_X5,BARD1_X5B,missense_variant,0.0089954,functionally_normal,L465V,214769234:C,-0.517663,low,L,V,465,ARD,2.3567,destabilizing,1.3,buried
214769234,A,T,BARD1_X5,BARD1_X5B,missense_variant,0.0299081,functionally_normal,L465M,214769234:T,-0.48252,normal,L,M,465,ARD,1.3927,normal,1.3,buried
214769235,T,A,BARD1_X5,BARD1_X5B,synonymous_variant,0.0292562,functionally_normal,P464P,214769235:A,0.123033,normal,P,P,464,ARD,0.0,normal,0.0,buried
214769235,T,C,BARD1_X5,BARD1_X5B,synonymous_variant,0.0386035,functionally_normal,P464P,214769235:C,-0.758209,low,P,P,464,ARD,0.0,normal,0.0,buried
214769235,T,G,BARD1_X5,BARD1_X5B,synonymous_variant,0.0297761,functionally_normal,P464P,214769235:G,-0.447178,normal,P,P,464,ARD,0.0,normal,0.0,buried
214769236,G,A,BARD1_X5,BARD1_X5B,missense_variant,-0.258348,functionally_abnormal,P464L,214769236:A,-0.786663,low,P,L,464,ARD,1.3072,normal,0.0,buried
214769236,G,C,BARD1_X5,BARD1_X5B,missense_variant,-0.269539,functionally_abnormal,P464R,214769236:C,-0.937223,low,P,R,464,ARD,2.3534,destabilizing,0.0,buried
214769236,G,T,BARD1_X5,BARD1_X5B,missense_variant,-0.261311,functionally_abnormal,P464Q,214769236:T,-0.710006,low,P,Q,464,ARD,2.4479,destabilizing,0.0,buried
214769237,G,A,BARD1_X5,BARD1_X5B,missense_variant,-0.0013435,functionally_normal,P464S,214769237:A,-0.574883,low,P,S,464,ARD,2.0417,destabilizing,0.0,buried
214769237,G,C,BARD1_X5,BARD1_X5B,missense_variant,0.0172079,functionally_normal,P464A,214769237:C,-0.313626,normal,P,A,464,ARD,1.1827,normal,0.0,buried
214769237,G,T,BARD1_X5,BARD1_X5B,missense_variant,-0.115049,functionally_abnormal,P464T,214769237:T,-0.595276,low,P,T,464,ARD,2.1679,destabilizing,0.0,buried
214769238,T,A,BARD1_X5,BARD1_X5B,synonymous_variant,0.0363581,functionally_normal,T463T,214769238:A,0.273422,normal,T,T,463,ARD,0.0,normal,6.6,buried
214769238,T,C,BARD1_X5,BARD1_X5B,synonymous_variant,0.0153732,functionally_normal,T463T,214769238:C,-0.341406,normal,T,T,463,ARD,0.0,normal,6.6,buried
214769238,T,G,BARD1_X5,BARD1_X5B,synonymous_variant,0.0244377,functionally_normal,T463T,214769238:G,-0.469672,normal,T,T,463,ARD,0.0,normal,6.6,buried
214769239,G,A,BARD1_X5,BARD1_X5B,missense_variant,-0.149533,functionally_abnormal,T463I,214769239:A,-0.414323,normal,T,I,463,ARD,1.3392,normal,6.6,buried
214769239,G,C,BARD1_X5,BARD1_X5B,missense_variant,-0.128361,functionally_abnormal,T463R,214769239:C,-0.32335,normal,T,R,463,ARD,1.6957,destabilizing,6.6,buried
214769239,G,T,BARD1_X5,BARD1_X5B,missense_variant,-0.178653,functionally_abnormal,T463K,214769239:T,-0.540037,low,T,K,463,ARD,1.7524,destabilizing,6.6,buried
214769240,T,A,BARD1_X5,BARD1_X5B,missense_variant,-0.00109825,functionally_normal,T463S,214769240:A,-0.495958,low,T,S,463,ARD,0.7396,normal,6.6,buried
214769240,T,C,BARD1_X5,BARD1_X5B,missense_variant,-0.0141952,functionally_normal,T463A,214769240:C,-0.467393,normal,T,A,463,ARD,1.45,normal,6.6,buried
214769240,T,G,BARD1_X5,BARD1_X5B,missense_variant,-0.299458,functionally_abnormal,T463P,214769240:G,-0.49384,low,T,P,463,ARD,2.1346,destabilizing,6.6,buried
214769241,C,A,BARD1_X5,BARD1_X5B,missense_variant,-0.0901649,functionally_abnormal,W462C,214769241:A,-0.221153,normal,W,C,462,ARD,0.0112,normal,20.9,intermediate
214769241,C,G,BARD1_X5,BARD1_X5B,missense_variant,-0.103535,functionally_abnormal,W462C,214769241:G,-0.417902,normal,W,C,462,ARD,0.0112,normal,20.9,intermediate
214769242,C,A,BARD1_X5,BARD1_X5B,missense_variant,-0.127847,functionally_abnormal,W462L,214769242:A,-0.248613,normal,W,L,462,ARD,0.4829,normal,20.9,intermediate
214769242,C,G,BARD1_X5,BARD1_X5B,missense_variant,-0.0685889,functionally_abnormal,W462S,214769242:G,0.0363862,normal,W,S,462,ARD,0.7351,normal,20.9,intermediate
214769243,A,C,BARD1_X5,BARD1_X5B,missense_variant,-0.12668,functionally_abnormal,W462G,214769243:C,-0.0155352,normal,W,G,462,ARD,0.8874,normal,20.9,intermediate
214769243,A,G,BARD1_X5,BARD1_X5B,missense_variant,-0.144055,functionally_abnormal,W462R,214769243:G,-0.296543,normal,W,R,462,ARD,0.0987,normal,20.9,intermediate
214769243,A,T,BARD1_X5,BARD1_X5B,missense_variant,-0.127228,functionally_abnormal,W462R,214769243:T,-0.0665936,normal,W,R,462,ARD,0.0987,normal,20.9,intermediate
214769244,T,A,BARD1_X5,BARD1_X5B,synonymous_variant,-0.00225312,functionally_normal,G461G,214769244:A,-0.180447,normal,G,G,461,ARD,0.0,normal,10.1,buried
214769244,T,C,BARD1_X5,BARD1_X5B,synonymous_variant,-0.0112521,functionally_normal,G461G,214769244:C,-0.466065,normal,G,G,461,ARD,0.0,normal,10.1,buried
214769244,T,G,BARD1_X5,BARD1_X5B,synonymous_variant,-0.0131835,functionally_normal,G461G,214769244:G,-0.23935,normal,G,G,461,ARD,0.0,normal,10.1,buried
214769245,C,A,BARD1_X5,BARD1_X5B,missense_variant,-0.307759,functionally_abnormal,G461V,214769245:A,-1.30291,low,G,V,461,ARD,2.236,destabilizing,10.1,buried
214769245,C,G,BARD1_X5,BARD1_X5B,missense_variant,-0.0276003,functionally_normal,G461A,214769245:G,-0.0489843,normal,G,A,461,ARD,1.756,destabilizing,10.1,buried
214769245,C,T,BARD1_X5,BARD1_X5B,missense_variant,-0.027589,functionally_normal,G461E,214769245:T,0.0955191,normal,G,E,461,ARD,1.8521,destabilizing,10.1,buried
214769246,C,G,BARD1_X5,BARD1_X5B,missense_variant,-0.0415172,indeterminate,G461R,214769246:G,1.03273,normal,G,R,461,ARD,1.8644,destabilizing,10.1,buried
214769246,C,T,BARD1_X5,BARD1_X5B,missense_variant,-0.0386677,functionally_normal,G461R,214769246:T,0.0489219,normal,G,R,461,ARD,1.8644,destabilizing,10.1,buried
214769253,G,A,BARD1_X5,BARD1_X5B,synonymous_variant,-0.00554299,functionally_normal,D458D,214769253:A,-0.196072,normal,D,D,458,ARD,0.0,normal,7.9,buried
214769253,G,C,BARD1_X5,BARD1_X5B,missense_variant,-0.0174338,functionally_normal,D458E,214769253:C,0.140818,normal,D,E,458,ARD,1.3164,normal,7.9,buried
214769253,G,T,BARD1_X5,BARD1_X5B,missense_variant,-0.00971308,functionally_normal,D458E,214769253:T,0.223106,normal,D,E,458,ARD,1.3164,normal,7.9,buried
214769254,T,A,BARD1_X5,BARD1_X5B,missense_variant,-0.127614,functionally_abnormal,D458V,214769254:A,-0.609263,low,D,V,458,ARD,1.5952,normal,7.9,buried
214769254,T,C,BARD1_X5,BARD1_X5B,missense_variant,-0.162563,functionally_abnormal,D458G,214769254:C,0.489381,normal,D,G,458,ARD,1.6612,destabilizing,7.9,buried
214769254,T,G,BARD1_X5,BARD1_X5B,missense_variant,-0.131436,functionally_abnormal,D458A,214769254:G,0.246918,normal,D,A,458,ARD,1.5058,normal,7.9,buried
214769255,C,A,BARD1_X5,BARD1_X5B,missense_variant,-0.292149,functionally_abnormal,D458Y,214769255:A,0.0473055,normal,D,Y,458,ARD,1.9049,destabilizing,7.9,buried
214769255,C,G,BARD1_X5,BARD1_X5B,missense_variant,-0.247928,functionally_abnormal,D458H,214769255:G,0.152553,normal,D,H,458,ARD,1.5139,normal,7.9,buried
214769255,C,T,BARD1_X5,BARD1_X5B,missense_variant,-0.126914,functionally_abnormal,D458N,214769255:T,0.142184,normal,D,N,458,ARD,0.5044,normal,7.9,buried
214769256,T,A,BARD1_X5,BARD1_X5B,missense_variant,-0.0337988,functionally_normal,K457N,214769256:A,0.0639101,normal,K,N,457,ARD,1.0316,normal,46.3,intermediate
214769256,T,G,BARD1_X5,BARD1_X5B,missense_variant,-0.0150727,functionally_normal,K457N,214769256:G,0.203419,normal,K,N,457,ARD,1.0316,normal,46.3,intermediate
214769256,T,C,BARD1_X5,BARD1_X5B,synonymous_variant,-0.0140203,functionally_normal,K457K,214769256:C,0.129473,normal,K,K,457,ARD,0.0,normal,46.3,intermediate
214769257,T,A,BARD1_X5,BARD1_X5B,missense_variant,-0.030435,functionally_normal,K457I,214769257:A,0.171663,normal,K,I,457,ARD,0.2998,normal,46.3,intermediate
214769257,T,C,BARD1_X5,BARD1_X5B,missense_variant,-0.00011612,functionally_normal,K457R,214769257:C,0.34208,normal,K,R,457,ARD,0.1309,normal,46.3,intermediate
214769257,T,G,BARD1_X5,BARD1_X5B,missense_variant,0.00112156,functionally_normal,K457T,214769257:G,0.319631,normal,K,T,457,ARD,0.6524,normal,46.3,intermediate
214769258,T,C,BARD1_X5,BARD1_X5B,missense_variant,-0.0249053,functionally_normal,K457E,214769258:C,0.386887,normal,K,E,457,ARD,1.1917,normal,46.3,intermediate
214769258,T,G,BARD1_X5,BARD1_X5B,missense_variant,0.00324046,functionally_normal,K457Q,214769258:G,0.164469,normal,K,Q,457,ARD,0.25,normal,46.3,intermediate
214769259,A,C,BARD1_X5,BARD1_X5B,synonymous_variant,-0.00197852,functionally_normal,V456V,214769259:C,-0.0222713,normal,V,V,456,ARD,0.0,normal,23.4,intermediate
214769259,A,G,BARD1_X5,BARD1_X5B,synonymous_variant,0.0067118,functionally_normal,V456V,214769259:G,0.326649,normal,V,V,456,ARD,0.0,normal,23.4,intermediate
214769259,A,T,BARD1_X5,BARD1_X5B,synonymous_variant,0.0167181,functionally_normal,V456V,214769259:T,0.063566,normal,V,V,456,ARD,0.0,normal,23.4,intermediate
214769260,A,C,BARD1_X5,BARD1_X5B,missense_variant,-0.00155873,functionally_normal,V456G,214769260:C,0.208086,normal,V,G,456,ARD,1.1535,normal,23.4,intermediate
214769260,A,G,BARD1_X5,BARD1_X5B,missense_variant,-0.00505389,functionally_normal,V456A,214769260:G,0.48224,normal,V,A,456,ARD,0.6768,normal,23.4,intermediate
214769260,A,T,BARD1_X5,BARD1_X5B,missense_variant,-0.00159808,functionally_normal,V456D,214769260:T,0.273841,normal,V,D,456,ARD,0.8845,normal,23.4,intermediate
214769261,C,A,BARD1_X5,BARD1_X5B,missense_variant,-0.00280365,functionally_normal,V456F,214769261:A,0.170313,normal,V,F,456,ARD,0.4039,normal,23.4,intermediate
214769261,C,G,BARD1_X5,BARD1_X5B,missense_variant,0.00262909,functionally_normal,V456L,214769261:G,0.366456,normal,V,L,456,ARD,0.3683,normal,23.4,intermediate
214769261,C,T,BARD1_X5,BARD1_X5B,missense_variant,0.00093285,functionally_normal,V456I,214769261:T,-0.119951,normal,V,I,456,ARD,0.0565,normal,23.4,intermediate
214769262,A,C,BARD1_X5,BARD1_X5B,missense_variant,-0.0384003,functionally_normal,N455K,214769262:C,0.282098,normal,N,K,455,ARD,1.0198,normal,33.4,intermediate
214769262,A,T,BARD1_X5,BARD1_X5B,missense_variant,-0.0475383,indeterminate,N455K,214769262:T,-0.0852928,normal,N,K,455,ARD,1.0198,normal,33.4,intermediate
214769262,A,G,BARD1_X5,BARD1_X5B,synonymous_variant,0.00853,functionally_normal,N455N,214769262:G,0.337931,normal,N,N,455,ARD,0.0,normal,33.4,intermediate
214769263,T,A,BARD1_X5,BARD1_X5B,missense_variant,-0.0455071,indeterminate,N455I,214769263:A,0.187947,normal,N,I,455,ARD,1.4257,normal,33.4,intermediate
214769263,T,C,BARD1_X5,BARD1_X5B,missense_variant,-0.0154501,functionally_normal,N455S,214769263:C,0.248158,normal,N,S,455,ARD,0.8399,normal,33.4,intermediate
214769263,T,G,BARD1_X5,BARD1_X5B,missense_variant,-0.0171858,functionally_normal,N455T,214769263:G,0.241425,normal,N,T,455,ARD,1.2223,normal,33.4,intermediate
214769264,T,A,BARD1_X5,BARD1_X5B,missense_variant,-0.0554557,indeterminate,N455Y,214769264:A,0.415422,normal,N,Y,455,ARD,1.1586,normal,33.4,intermediate
214769264,T,C,BARD1_X5,BARD1_X5B,missense_variant,-0.0226231,functionally_normal,N455D,214769264:C,0.302432,normal,N,D,455,ARD,0.8722,normal,33.4,intermediate
214769264,T,G,BARD1_X5,BARD1_X5B,missense_variant,-0.0182904,functionally_normal,N455H,214769264:G,0.352351,normal,N,H,455,ARD,0.6899,normal,33.4,intermediate
214769265,T,A,BARD1_X5,BARD1_X5B,synonymous_variant,0.00256708,functionally_normal,P454P,214769265:A,0.178282,normal,P,P,454,ARD,0.0,normal,5.6,buried
214769265,T,C,BARD1_X5,BARD1_X5B,synonymous_variant,0.00177804,functionally_normal,P454P,214769265:C,0.213224,normal,P,P,454,ARD,0.0,normal,5.6,buried
214769265,T,G,BARD1_X5,BARD1_X5B,synonymous_variant,-0.00318086,functionally_normal,P454P,214769265:G,-0.029868,normal,P,P,454,ARD,0.0,normal,5.6,buried
214769266,G,A,BARD1_X5,BARD1_X5B,missense_variant,-0.0369081,functionally_normal,P454L,214769266:A,0.481936,normal,P,L,454,ARD,0.7595,normal,5.6,buried
214769266,G,C,BARD1_X5,BARD1_X5B,missense_variant,-0.0676376,functionally_abnormal,P454R,214769266:C,0.107786,normal,P,R,454,ARD,1.6353,destabilizing,5.6,buried
214769266,G,T,BARD1_X5,BARD1_X5B,missense_variant,-0.029329,functionally_normal,P454Q,214769266:T,0.0265044,normal,P,Q,454,ARD,1.4551,normal,5.6,buried
214769267,G,A,BARD1_X5,BARD1_X5A;BARD1_X5B,missense_variant,-0.0108418,functionally_normal,P454S,214769267:A,0.271418,normal,P,S,454,ARD,0.7903,normal,5.6,buried
214769267,G,C,BARD1_X5,BARD1_X5A;BARD1_X5B,missense_variant,-0.0081619,functionally_normal,P454A,214769267:C,0.300829,normal,P,A,454,ARD,-0.0913,normal,5.6,buried
214769267,G,T,BARD1_X5,BARD1_X5A;BARD1_X5B,missense_variant,-0.0413485,indeterminate,P454T,214769267:T,0.0228347,normal,P,T,454,ARD,0.7229,normal,5.6,buried
214769268,A,C,BARD1_X5,BARD1_X5A;BARD1_X5B,missense_variant,-0.013279,functionally_normal,D453E,214769268:C,0.221645,normal,D,E,453,ARD,0.7419,normal,49.0,intermediate
214769268,A,T,BARD1_X5,BARD1_X5A;BARD1_X5B,missense_variant,-0.00744867,functionally_normal,D453E,214769268:T,0.195759,normal,D,E,453,ARD,0.7419,normal,49.0,intermediate
214769268,A,G,BARD1_X5,BARD1_X5A;BARD1_X5B,synonymous_variant,-0.00638474,functionally_normal,D453D,214769268:G,0.664982,normal,D,D,453,ARD,0.0,normal,49.0,intermediate
214769269,T,A,BARD1_X5,BARD1_X5A;BARD1_X5B,missense_variant,-0.00956457,functionally_normal,D453V,214769269:A,0.0833339,normal,D,V,453,ARD,0.8868,normal,49.0,intermediate
214769269,T,C,BARD1_X5,BARD1_X5A;BARD1_X5B,missense_variant,-0.00291379,functionally_normal,D453G,214769269:C,0.468816,normal,D,G,453,ARD,1.3865,normal,49.0,intermediate
214769269,T,G,BARD1_X5,BARD1_X5A;BARD1_X5B,missense_variant,-0.0077758,functionally_normal,D453A,214769269:G,0.409846,normal,D,A,453,ARD,1.0189,normal,49.0,intermediate
214769270,C,A,BARD1_X5,BARD1_X5A;BARD1_X5B,missense_variant,-0.0377768,functionally_normal,D453Y,214769270:A,-0.113055,normal,D,Y,453,ARD,0.895,normal,49.0,intermediate
214769270,C,G,BARD1_X5,BARD1_X5A;BARD1_X5B,missense_variant,-0.0133739,functionally_normal,D453H,214769270:G,0.244433,normal,D,H,453,ARD,0.7407,normal,49.0,intermediate
214769270,C,T,BARD1_X5,BARD1_X5A;BARD1_X5B,missense_variant,-0.0138116,functionally_normal,D453N,214769270:T,0.232478,normal,D,N,453,ARD,0.3486,normal,49.0,intermediate
214769271,A,C,BARD1_X5,BARD1_X5A;BARD1_X5B,missense_variant,-0.014568,functionally_normal,S452R,214769271:C,0.504437,normal,S,R,452,ARD,0.5353,normal,33.5,intermediate
214769271,A,T,BARD1_X5,BARD1_X5A;BARD1_X5B,missense_variant,0.00594418,functionally_normal,S452R,214769271:T,0.544594,normal,S,R,452,ARD,0.5353,normal,33.5,intermediate
214769273,T,G,BARD1_X5,BARD1_X5A;BARD1_X5B,missense_variant,0.00875822,functionally_normal,S452R,214769273:G,0.454994,normal,S,R,452,ARD,0.5353,normal,33.5,intermediate
214769271,A,G,BARD1_X5,BARD1_X5A;BARD1_X5B,synonymous_variant,-0.00256553,functionally_normal,S452S,214769271:G,0.407483,normal,S,S,452,ARD,0.0,normal,33.5,intermediate
214769272,C,A,BARD1_X5,BARD1_X5A;BARD1_X5B,missense_variant,-0.00489492,functionally_normal,S452I,214769272:A,0.376113,normal,S,I,452,ARD,-0.3007,normal,33.5,intermediate
214769272,C,G,BARD1_X5,BARD1_X5A;BARD1_X5B,missense_variant,-0.0174842,functionally_normal,S452T,214769272:G,-0.0818123,normal,S,T,452,ARD,-0.0327,normal,33.5,intermediate
214769272,C,T,BARD1_X5,BARD1_X5A;BARD1_X5B,missense_variant,-0.00491278,functionally_normal,S452N,214769272:T,0.278604,normal,S,N,452,ARD,0.5447,normal,33.5,intermediate
214769273,T,A,BARD1_X5,BARD1_X5A;BARD1_X5B,missense_variant,0.00650462,functionally_normal,S452C,214769273:A,0.292542,normal,S,C,452,ARD,-0.4884,normal,33.5,intermediate
214769273,T,C,BARD1_X5,BARD1_X5A;BARD1_X5B,missense_variant,-0.00277937,functionally_normal,S452G,214769273:C,0.467284,normal,S,G,452,ARD,0.8727,normal,33.5,intermediate
214769274,T,A,BARD1_X5,BARD1_X5A;BARD1_X5B,synonymous_variant,-0.0126777,functionally_normal,G451G,214769274:A,0.0114571,normal,G,G,451,ARD,0.0,normal,61.5,exposed
214769274,T,C,BARD1_X5,BARD1_X5A;BARD1_X5B,synonymous_variant,-0.000545747,functionally_normal,G451G,214769274:C,0.462269,normal,G,G,451,ARD,0.0,normal,61.5,exposed
214769274,T,G,BARD1_X5,BARD1_X5A;BARD1_X5B,synonymous_variant,-0.0107075,functionally_normal,G451G,214769274:G,0.156481,normal,G,G,451,ARD,0.0,normal,61.5,exposed
214769275,C,A,BARD1_X5,BARD1_X5A;BARD1_X5B,missense_variant,-0.0979883,functionally_abnormal,G451V,214769275:A,-1.88152,low,G,V,451,ARD,1.6449,destabilizing,61.5,exposed
214769275,C,G,BARD1_X5,BARD1_X5A;BARD1_X5B,missense_variant,-0.0460814,indeterminate,G451A,214769275:G,0.289117,normal,G,A,451,ARD,1.2169,normal,61.5,exposed
214769275,C,T,BARD1_X5,BARD1_X5A;BARD1_X5B,missense_variant,-0.0150778,functionally_normal,G451E,214769275:T,0.38483,normal,G,E,451,ARD,1.3389,normal,61.5,exposed
214769276,C,G,BARD1_X5,BARD1_X5A;BARD1_X5B,missense_variant,-0.0263481,functionally_normal,G451R,214769276:G,-0.0118302,normal,G,R,451,ARD,1.3609,normal,61.5,exposed
214769276,C,T,BARD1_X5,BARD1_X5A;BARD1_X5B,missense_variant,-0.00680108,functionally_normal,G451R,214769276:T,0.384392,normal,G,R,451,ARD,1.3609,normal,61.5,exposed
214769277,A,C,BARD1_X5,BARD1_X5A;BARD1_X5B,missense_variant,0.00389743,functionally_normal,N450K,214769277:C,0.242138,normal,N,K,450,ARD,0.0778,normal,55.5,exposed
214769277,A,T,BARD1_X5,BARD1_X5A;BARD1_X5B,missense_variant,-0.00331154,functionally_normal,N450K,214769277:T,0.289813,normal,N,K,450,ARD,0.0778,normal,55.5,exposed
214769277,A,G,BARD1_X5,BARD1_X5A;BARD1_X5B,synonymous_variant,0.0121823,functionally_normal,N450N,214769277:G,0.0550544,normal,N,N,450,ARD,0.0,normal,55.5,exposed
214769278,T,A,BARD1_X5,BARD1_X5A;BARD1_X5B,missense_variant,-0.00703042,functionally_normal,N450I,214769278:A,0.444444,normal,N,I,450,ARD,0.2596,normal,55.5,exposed
214769278,T,C,BARD1_X5,BARD1_X5A;BARD1_X5B,missense_variant,-0.00766139,functionally_normal,N450S,214769278:C,0.353125,normal,N,S,450,ARD,-0.0243,normal,55.5,exposed
214769278,T,G,BARD1_X5,BARD1_X5A;BARD1_X5B,missense_variant,-0.0027282,functionally_normal,N450T,214769278:G,0.415781,normal,N,T,450,ARD,0.0359,normal,55.5,exposed
214769279,T,A,BARD1_X5,BARD1_X5A;BARD1_X5B,missense_variant,0.00234884,functionally_normal,N450Y,214769279:A,0.761928,normal,N,Y,450,ARD,0.1374,normal,55.5,exposed
214769279,T,C,BARD1_X5,BARD1_X5A;BARD1_X5B,missense_variant,0.00210217,functionally_normal,N450D,214769279:C,0.42985,normal,N,D,450,ARD,0.6353,normal,55.5,exposed
214769279,T,G,BARD1_X5,BARD1_X5A;BARD1_X5B,missense_variant,-0.0036763,functionally_normal,N450H,214769279:G,0.470949,normal,N,H,450,ARD,0.0598,normal,55.5,exposed
214769280,T,A,BARD1_X5,BARD1_X5A;BARD1_X5B,missense_variant,0.0120178,functionally_normal,Q449H,214769280:A,0.53803,normal,Q,H,449,ARD,0.347,normal,59.3,exposed
214769280,T,G,BARD1_X5,BARD1_X5A;BARD1_X5B,missense_variant,0.0150822,functionally_normal,Q449H,214769280:G,0.36723,normal,Q,H,449,ARD,0.347,normal,59.3,exposed
214769280,T,C,BARD1_X5,BARD1_X5A;BARD1_X5B,synonymous_variant,0.00416476,functionally_normal,Q449Q,214769280:C,0.283902,normal,Q,Q,449,ARD,0.0,normal,59.3,exposed
214769281,T,A,BARD1_X5,BARD1_X5A;BARD1_X5B,missense_variant,-0.0186119,functionally_normal,Q449L,214769281:A,0.327385,normal,Q,L,449,ARD,-0.0916,normal,59.3,exposed
214769281,T,C,BARD1_X5,BARD1_X5A;BARD1_X5B,missense_variant,0.00600811,functionally_normal,Q449R,214769281:C,0.313049,normal,Q,R,449,ARD,-0.1966,normal,59.3,exposed
214769281,T,G,BARD1_X5,BARD1_X5A;BARD1_X5B,missense_variant,-0.0874904,functionally_abnormal,Q449P,214769281:G,0.623651,normal,Q,P,449,ARD,2.4086,destabilizing,59.3,exposed
214769282,G,C,BARD1_X5,BARD1_X5A;BARD1_X5B,missense_variant,-0.019468,functionally_normal,Q449E,214769282:C,0.247096,normal,Q,E,449,ARD,0.2193,normal,59.3,exposed
214769282,G,T,BARD1_X5,BARD1_X5A;BARD1_X5B,missense_variant,-0.0233287,functionally_normal,Q449K,214769282:T,0.174034,normal,Q,K,449,ARD,-0.152,normal,59.3,exposed
214769283,T,A,BARD1_X5,BARD1_X5A;BARD1_X5B,missense_variant,-0.0364608,functionally_normal,L448F,214769283:A,0.526139,normal,L,F,448,ARD,1.7655,destabilizing,4.6,buried
214769283,T,G,BARD1_X5,BARD1_X5A;BARD1_X5B,missense_variant,-0.063264,functionally_abnormal,L448F,214769283:G,0.420724,normal,L,F,448,ARD,1.7655,destabilizing,4.6,buried
214769283,T,C,BARD1_X5,BARD1_X5A;BARD1_X5B,synonymous_variant,0.00115665,functionally_normal,L448L,214769283:C,0.344447,normal,L,L,448,ARD,0.0,normal,4.6,buried
214769285,A,G,BARD1_X5,BARD1_X5A;BARD1_X5B,synonymous_variant,-0.00428656,functionally_normal,L448L,214769285:G,0.342222,normal,L,L,448,ARD,0.0,normal,4.6,buried
214769284,A,G,BARD1_X5,BARD1_X5A;BARD1_X5B,missense_variant,-0.233496,functionally_abnormal,L448S,214769284:G,0.310056,normal,L,S,448,ARD,2.8621,destabilizing,4.6,buried
214769285,A,C,BARD1_X5,BARD1_X5A;BARD1_X5B,missense_variant,-0.0205085,functionally_normal,L448V,214769285:C,0.291359,normal,L,V,448,ARD,1.517,normal,4.6,buried
214769285,A,T,BARD1_X5,BARD1_X5A;BARD1_X5B,missense_variant,-0.00688663,functionally_normal,L448I,214769285:T,0.297434,normal,L,I,448,ARD,1.2317,normal,4.6,buried
214769286,A,C,BARD1_X5,BARD1_X5A;BARD1_X5B,synonymous_variant,-0.0107952,functionally_normal,L447L,214769286:C,0.127077,normal,L,L,447,ARD,0.0,normal,14.9,buried
214769286,A,G,BARD1_X5,BARD1_X5A;BARD1_X5B,synonymous_variant,-0.0130967,functionally_normal,L447L,214769286:G,0.281818,normal,L,L,447,ARD,0.0,normal,14.9,buried
214769286,A,T,BARD1_X5,BARD1_X5A;BARD1_X5B,synonymous_variant,0.00129656,functionally_normal,L447L,214769286:T,0.154631,normal,L,L,447,ARD,0.0,normal,14.9,buried
214769287,A,C,BARD1_X5,BARD1_X5A,missense_variant,-0.0623967,functionally_abnormal,L447R,214769287:C,0.194712,normal,L,R,447,ARD,1.6999,destabilizing,14.9,buried
214769287,A,G,BARD1_X5,BARD1_X5A,missense_variant,-0.11112,functionally_abnormal,L447P,214769287:G,0.792646,normal,L,P,447,ARD,2.5886,destabilizing,14.9,buried
214769287,A,T,BARD1_X5,BARD1_X5A,missense_variant,-0.00956389,functionally_normal,L447H,214769287:T,-0.0221157,normal,L,H,447,ARD,1.6451,destabilizing,14.9,buried
214769288,G,A,BARD1_X5,BARD1_X5A,missense_variant,-0.0459576,indeterminate,L447F,214769288:A,-0.0921311,normal,L,F,447,ARD,0.8696,normal,14.9,buried
214769288,G,C,BARD1_X5,BARD1_X5A,missense_variant,-0.00877273,functionally_normal,L447V,214769288:C,0.170903,normal,L,V,447,ARD,1.3687,normal,14.9,buried
214769288,G,T,BARD1_X5,BARD1_X5A,missense_variant,-0.0374433,functionally_normal,L447I,214769288:T,-0.283057,normal,L,I,447,ARD,0.8779,normal,14.9,buried
214769289,G,A,BARD1_X5,BARD1_X5A,synonymous_variant,0.00228581,functionally_normal,Y446Y,214769289:A,-0.0869438,normal,Y,Y,446,ARD,0.0,normal,56.3,exposed
214769290,T,A,BARD1_X5,BARD1_X5A,missense_variant,0.00485677,functionally_normal,Y446F,214769290:A,0.178274,normal,Y,F,446,ARD,0.1046,normal,56.3,exposed
214769290,T,C,BARD1_X5,BARD1_X5A,missense_variant,0.0128262,functionally_normal,Y446C,214769290:C,0.337982,normal,Y,C,446,ARD,0.1882,normal,56.3,exposed
214769290,T,G,BARD1_X5,BARD1_X5A,missense_variant,-0.00823725,functionally_normal,Y446S,214769290:G,0.225641,normal,Y,S,446,ARD,0.816,normal,56.3,exposed
214769291,A,C,BARD1_X5,BARD1_X5A,missense_variant,0.0236213,functionally_normal,Y446D,214769291:C,0.40306,normal,Y,D,446,ARD,1.1805,normal,56.3,exposed
214769291,A,G,BARD1_X5,BARD1_X5A,missense_variant,0.0132758,functionally_normal,Y446H,214769291:G,0.163194,normal,Y,H,446,ARD,0.5426,normal,56.3,exposed
214769291,A,T,BARD1_X5,BARD1_X5A,missense_variant,0.0130291,functionally_normal,Y446N,214769291:T,-0.0472891,normal,Y,N,446,ARD,0.857,normal,56.3,exposed
214769292,T,A,BARD1_X5,BARD1_X5A,missense_variant,0.0140701,functionally_normal,E445D,214769292:A,0.329529,normal,E,D,445,ARD,0.9287,normal,29.6,intermediate
214769292,T,G,BARD1_X5,BARD1_X5A,missense_variant,0.00877045,functionally_normal,E445D,214769292:G,0.0146428,normal,E,D,445,ARD,0.9287,normal,29.6,intermediate
214769292,T,C,BARD1_X5,BARD1_X5A,synonymous_variant,0.0106918,functionally_normal,E445E,214769292:C,0.169415,normal,E,E,445,ARD,0.0,normal,29.6,intermediate
214769293,T,A,BARD1_X5,BARD1_X5A,missense_variant,0.0196926,functionally_normal,E445V,214769293:A,0.28427,normal,E,V,445,ARD,0.2012,normal,29.6,intermediate
214769293,T,C,BARD1_X5,BARD1_X5A,missense_variant,0.00380665,functionally_normal,E445G,214769293:C,-0.116791,normal,E,G,445,ARD,0.8668,normal,29.6,intermediate
214769293,T,G,BARD1_X5,BARD1_X5A,missense_variant,-0.0142946,functionally_normal,E445A,214769293:G,0.172417,normal,E,A,445,ARD,-0.0881,normal,29.6,intermediate
214769294,C,G,BARD1_X5,BARD1_X5A,missense_variant,0.00807591,functionally_normal,E445Q,214769294:G,0.201462,normal,E,Q,445,ARD,0.0965,normal,29.6,intermediate
214769294,C,T,BARD1_X5,BARD1_X5A,missense_variant,0.0133191,functionally_normal,E445K,214769294:T,0.0314166,normal,E,K,445,ARD,0.1372,normal,29.6,intermediate
214769301,A,C,BARD1_X5,BARD1_X5A,synonymous_variant,-0.000287069,functionally_normal,P442P,214769301:C,0.174713,normal,P,P,442,ARD,0.0,normal,58.7,exposed
214769301,A,G,BARD1_X5,BARD1_X5A,synonymous_variant,0.0139633,functionally_normal,P442P,214769301:G,0.234172,normal,P,P,442,ARD,0.0,normal,58.7,exposed
214769301,A,T,BARD1_X5,BARD1_X5A,synonymous_variant,0.0120376,functionally_normal,P442P,214769301:T,-0.0359684,normal,P,P,442,ARD,0.0,normal,58.7,exposed
214769302,G,A,BARD1_X5,BARD1_X5A,missense_variant,0.00702399,functionally_normal,P442L,214769302:A,0.0183825,normal,P,L,442,ARD,-0.2773,normal,58.7,exposed
214769302,G,C,BARD1_X5,BARD1_X5A,missense_variant,0.00243772,functionally_normal,P442R,214769302:C,-0.0112956,normal,P,R,442,ARD,-0.2309,normal,58.7,exposed
214769302,G,T,BARD1_X5,BARD1_X5A,missense_variant,-0.0146602,functionally_normal,P442H,214769302:T,-0.343565,normal,P,H,442,ARD,-0.2183,normal,58.7,exposed
214769303,G,A,BARD1_X5,BARD1_X5A,missense_variant,-0.000793789,functionally_normal,P442S,214769303:A,0.107703,normal,P,S,442,ARD,-0.2726,normal,58.7,exposed
214769303,G,C,BARD1_X5,BARD1_X5A,missense_variant,8.40409e-05,functionally_normal,P442A,214769303:C,-0.143969,normal,P,A,442,ARD,-0.375,normal,58.7,exposed
214769303,G,T,BARD1_X5,BARD1_X5A,missense_variant,-0.00039404,functionally_normal,P442T,214769303:T,-0.20963,normal,P,T,442,ARD,-0.2108,normal,58.7,exposed
214769304,T,A,BARD1_X5,BARD1_X5A,synonymous_variant,0.00156878,functionally_normal,I441I,214769304:A,-0.0486067,normal,I,I,441,ARD,0.0,normal,35.3,intermediate
214769304,T,G,BARD1_X5,BARD1_X5A,synonymous_variant,0.0205651,functionally_normal,I441I,214769304:G,-0.137126,normal,I,I,441,ARD,0.0,normal,35.3,intermediate
214769304,T,C,BARD1_X5,BARD1_X5A,missense_variant,0.00712697,functionally_normal,I441M,214769304:C,-0.102394,normal,I,M,441,ARD,0.7278,normal,35.3,intermediate
214769305,A,C,BARD1_X5,BARD1_X5A,missense_variant,0.00749437,functionally_normal,I441R,214769305:C,-0.282243,normal,I,R,441,ARD,1.5096,normal,35.3,intermediate
214769305,A,G,BARD1_X5,BARD1_X5A,missense_variant,0.00105167,functionally_normal,I441T,214769305:G,-0.295198,normal,I,T,441,ARD,1.1491,normal,35.3,intermediate
214769305,A,T,BARD1_X5,BARD1_X5A,missense_variant,0.00555243,functionally_normal,I441K,214769305:T,-0.184671,normal,I,K,441,ARD,1.4089,normal,35.3,intermediate
214769306,T,A,BARD1_X5,BARD1_X5A,missense_variant,0.00376575,functionally_normal,I441L,214769306:A,-0.0992218,normal,I,L,441,ARD,0.2484,normal,35.3,intermediate
214769306,T,G,BARD1_X5,BARD1_X5A,missense_variant,-0.00710972,functionally_normal,I441L,214769306:G,-0.365077,normal,I,L,441,ARD,0.2484,normal,35.3,intermediate
214769306,T,C,BARD1_X5,BARD1_X5A,missense_variant,0.0150302,functionally_normal,I441V,214769306:C,-0.270488,normal,I,V,441,ARD,0.3738,normal,35.3,intermediate
214769307,G,A,BARD1_X5,BARD1_X5A,synonymous_variant,0.0012974,functionally_normal,D440D,214769307:A,0.204364,normal,D,D,440,ARD,0.0,normal,31.8,intermediate
214769307,G,C,BARD1_X5,BARD1_X5A,missense_variant,-0.00396274,functionally_normal,D440E,214769307:C,-0.27853,normal,D,E,440,ARD,0.7555,normal,31.8,intermediate
214769307,G,T,BARD1_X5,BARD1_X5A,missense_variant,0.0125505,functionally_normal,D440E,214769307:T,-0.146217,normal,D,E,440,ARD,0.7555,normal,31.8,intermediate
214769308,T,A,BARD1_X5,BARD1_X5A,missense_variant,-0.00703609,functionally_normal,D440V,214769308:A,-0.0128901,normal,D,V,440,ARD,0.7612,normal,31.8,intermediate
214769308,T,C,BARD1_X5,BARD1_X5A,missense_variant,-0.0291772,functionally_normal,D440G,214769308:C,-0.0505555,normal,D,G,440,ARD,1.5655,normal,31.8,intermediate
214769308,T,G,BARD1_X5,BARD1_X5A,missense_variant,-0.0125704,functionally_normal,D440A,214769308:G,-0.138,normal,D,A,440,ARD,0.9812,normal,31.8,intermediate
214769309,C,A,BARD1_X5,BARD1_X5A,missense_variant,-0.0155417,functionally_normal,D440Y,214769309:A,-0.219621,normal,D,Y,440,ARD,0.7576,normal,31.8,intermediate
214769309,C,G,BARD1_X5,BARD1_X5A,missense_variant,0.00254698,functionally_normal,D440H,214769309:G,-0.303865,normal,D,H,440,ARD,0.6806,normal,31.8,intermediate
214769309,C,T,BARD1_X5,BARD1_X5A,missense_variant,-0.00148866,functionally_normal,D440N,214769309:T,-0.243922,normal,D,N,440,ARD,0.495,normal,31.8,intermediate
214769310,G,A,BARD1_X5,BARD1_X5A,splicing_variant,-0.00945575,functionally_normal,G439G,214769310:A,-0.146482,normal,G,G,439,ARD,0.0,normal,22.4,intermediate
214769310,G,C,BARD1_X5,BARD1_X5A,splicing_variant,0.0240873,functionally_normal,G439G,214769310:C,-0.38808,normal,G,G,439,ARD,0.0,normal,22.4,intermediate
214769310,G,T,BARD1_X5,BARD1_X5A,splicing_variant,-0.000782184,functionally_normal,G439G,214769310:T,-0.510403,low,G,G,439,ARD,0.0,normal,22.4,intermediate
214769311,C,A,BARD1_X5,BARD1_X5A,missense_variant,-0.232061,functionally_abnormal,G439V,214769311:A,-0.222406,normal,G,V,439,ARD,2.1353,destabilizing,22.4,intermediate
214769311,C,G,BARD1_X5,BARD1_X5A,missense_variant,-0.00767918,functionally_normal,G439A,214769311:G,-0.347199,normal,G,A,439,ARD,1.9217,destabilizing,22.4,intermediate
214769311,C,T,BARD1_X5,BARD1_X5A,missense_variant,-0.00917371,functionally_normal,G439D,214769311:T,-0.329926,normal,G,D,439,ARD,2.6493,destabilizing,22.4,intermediate
214769312,C,A,BARD1_X5,BARD1_X5A,missense_variant,-0.0159604,functionally_normal,G439C,214769312:A,-0.402861,normal,G,C,439,ARD,1.7259,destabilizing,22.4,intermediate
214769312,C,G,BARD1_X5,BARD1_X5A,missense_variant,-0.0353797,functionally_normal,G439R,214769312:G,-0.462245,normal,G,R,439,ARD,2.3726,destabilizing,22.4,intermediate
214769312,C,T,BARD1_X5,BARD1_X5A,missense_variant,0.00655896,functionally_normal,G439S,214769312:T,-0.409861,normal,G,S,439,ARD,2.2743,destabilizing,22.4,intermediate
214780560,C,A,BARD1_X4,BARD1_X4L,missense_variant,-0.0525847,indeterminate,K438N,214780560:A,-4.48501,low,K,N,438,ARD,0.5017,normal,61.9,exposed
214780560,C,G,BARD1_X4,BARD1_X4L,missense_variant,-0.134201,functionally_abnormal,K438N,214780560:G,-2.96443,low,K,N,438,ARD,0.5017,normal,61.9,exposed
214780560,C,T,BARD1_X4,BARD1_X4L,splicing_variant,-0.159218,functionally_abnormal,K438K,214780560:T,-4.31742,low,K,K,438,ARD,0.0,normal,61.9,exposed
214780561,T,A,BARD1_X4,BARD1_X4L,missense_variant,-0.026396,functionally_normal,K438M,214780561:A,-1.22475,low,K,M,438,ARD,0.1905,normal,61.9,exposed
214780561,T,C,BARD1_X4,BARD1_X4L,missense_variant,-0.0845441,functionally_abnormal,K438R,214780561:C,-1.96799,low,K,R,438,ARD,-0.0524,normal,61.9,exposed
214780561,T,G,BARD1_X4,BARD1_X4L,missense_variant,-0.0039811,functionally_normal,K438T,214780561:G,-0.471528,normal,K,T,438,ARD,0.6114,normal,61.9,exposed
214780562,T,C,BARD1_X4,BARD1_X4L,missense_variant,0.0147496,functionally_normal,K438E,214780562:C,-0.0307669,normal,K,E,438,ARD,0.5847,normal,61.9,exposed
214780562,T,G,BARD1_X4,BARD1_X4L,missense_variant,0.0090819,functionally_normal,K438Q,214780562:G,-0.187061,normal,K,Q,438,ARD,0.3436,normal,61.9,exposed
214780563,A,C,BARD1_X4,BARD1_X4L,missense_variant,0.0135701,functionally_normal,I437M,214780563:C,-0.288233,normal,I,M,437,ARD,0.2316,normal,22.9,intermediate
214780563,A,G,BARD1_X4,BARD1_X4L,synonymous_variant,-0.00905226,functionally_normal,I437I,214780563:G,-0.0439437,normal,I,I,437,ARD,0.0,normal,22.9,intermediate
214780563,A,T,BARD1_X4,BARD1_X4L,synonymous_variant,0.0114133,functionally_normal,I437I,214780563:T,0.0377781,normal,I,I,437,ARD,0.0,normal,22.9,intermediate
214780564,A,C,BARD1_X4,BARD1_X4L,missense_variant,0.0073389,functionally_normal,I437S,214780564:C,0.0716708,normal,I,S,437,ARD,0.7108,normal,22.9,intermediate
214780564,A,G,BARD1_X4,BARD1_X4L,missense_variant,-0.0125677,functionally_normal,I437T,214780564:G,-0.245224,normal,I,T,437,ARD,0.7197,normal,22.9,intermediate
214780564,A,T,BARD1_X4,BARD1_X4L,missense_variant,0.00612969,functionally_normal,I437N,214780564:T,-0.0521162,normal,I,N,437,ARD,0.9295,normal,22.9,intermediate
214780565,T,A,BARD1_X4,BARD1_X4L,missense_variant,0.000872424,functionally_normal,I437F,214780565:A,-0.0646135,normal,I,F,437,ARD,0.6757,normal,22.9,intermediate
214780565,T,C,BARD1_X4,BARD1_X4L,missense_variant,-0.0031844,functionally_normal,I437V,214780565:C,-0.0370372,normal,I,V,437,ARD,0.3383,normal,22.9,intermediate
214780565,T,G,BARD1_X4,BARD1_X4L,missense_variant,0.0208275,functionally_normal,I437L,214780565:G,-0.00692201,normal,I,L,437,ARD,0.2079,normal,22.9,intermediate
214780566,A,C,BARD1_X4,BARD1_X4L,synonymous_variant,0.0154091,functionally_normal,S436S,214780566:C,0.22403,normal,S,S,436,ARD,0.0,normal,0.0,buried
214780566,A,G,BARD1_X4,BARD1_X4L,synonymous_variant,0.0155911,functionally_normal,S436S,214780566:G,-0.332137,normal,S,S,436,ARD,0.0,normal,0.0,buried
214780566,A,T,BARD1_X4,BARD1_X4L,synonymous_variant,0.0235777,functionally_normal,S436S,214780566:T,2.32301,normal,S,S,436,ARD,0.0,normal,0.0,buried
214780567,G,A,BARD1_X4,BARD1_X4L,missense_variant,-0.264894,functionally_abnormal,S436F,214780567:A,-0.220472,normal,S,F,436,ARD,1.2833,normal,0.0,buried
214780567,G,C,BARD1_X4,BARD1_X4L,missense_variant,-0.00967021,functionally_normal,S436C,214780567:C,-0.068141,normal,S,C,436,ARD,0.3823,normal,0.0,buried
214780567,G,T,BARD1_X4,BARD1_X4L,missense_variant,-0.0986155,functionally_abnormal,S436Y,214780567:T,-0.793333,low,S,Y,436,ARD,1.5928,normal,0.0,buried
214780568,A,C,BARD1_X4,BARD1_X4L,missense_variant,-0.00940418,functionally_normal,S436A,214780568:C,-0.253631,normal,S,A,436,ARD,-0.2843,normal,0.0,buried
214780568,A,G,BARD1_X4,BARD1_X4L,missense_variant,-0.153565,functionally_abnormal,S436P,214780568:G,0.0740191,normal,S,P,436,ARD,2.1665,destabilizing,0.0,buried
214780568,A,T,BARD1_X4,BARD1_X4L,missense_variant,0.00737982,functionally_normal,S436T,214780568:T,0.451155,normal,S,T,436,ARD,0.7555,normal,0.0,buried
214780569,A,C,BARD1_X4,BARD1_X4L,synonymous_variant,0.00888987,functionally_normal,A435A,214780569:C,0.0747589,normal,A,A,435,ARD,0.0,normal,7.1,buried
214780569,A,G,BARD1_X4,BARD1_X4L,synonymous_variant,-0.0139209,functionally_normal,A435A,214780569:G,-0.247699,normal,A,A,435,ARD,0.0,normal,7.1,buried
214780569,A,T,BARD1_X4,BARD1_X4L,synonymous_variant,0.00184739,functionally_normal,A435A,214780569:T,0.233509,normal,A,A,435,ARD,0.0,normal,7.1,buried
214780570,G,A,BARD1_X4,BARD1_X4L,missense_variant,-0.0146086,functionally_normal,A435V,214780570:A,-0.359939,normal,A,V,435,ARD,1.138,normal,7.1,buried
214780570,G,C,BARD1_X4,BARD1_X4L,missense_variant,0.0274829,functionally_normal,A435G,214780570:C,0.0746714,normal,A,G,435,ARD,1.8943,destabilizing,7.1,buried
214780570,G,T,BARD1_X4,BARD1_X4L,missense_variant,-0.0257213,functionally_normal,A435D,214780570:T,-0.139094,normal,A,D,435,ARD,2.1216,destabilizing,7.1,buried
214780571,C,A,BARD1_X4,BARD1_X4L,missense_variant,0.00479432,functionally_normal,A435S,214780571:A,-0.0760073,normal,A,S,435,ARD,1.0946,normal,7.1,buried
214780571,C,G,BARD1_X4,BARD1_X4L,missense_variant,-0.142985,functionally_abnormal,A435P,214780571:G,0.132491,normal,A,P,435,ARD,2.5543,destabilizing,7.1,buried
214780571,C,T,BARD1_X4,BARD1_X4L,missense_variant,-0.0272564,functionally_normal,A435T,214780571:T,-0.210226,normal,A,T,435,ARD,1.4813,normal,7.1,buried
214780572,A,C,BARD1_X4,BARD1_X4L,missense_variant,0.0131091,functionally_normal,I434M,214780572:C,-0.0584924,normal,I,M,434,ARD,0.6655,normal,39.7,intermediate
214780572,A,G,BARD1_X4,BARD1_X4L,synonymous_variant,0.00635081,functionally_normal,I434I,214780572:G,-0.185311,normal,I,I,434,ARD,0.0,normal,39.7,intermediate
214780572,A,T,BARD1_X4,BARD1_X4L,synonymous_variant,0.00616953,functionally_normal,I434I,214780572:T,0.0597093,normal,I,I,434,ARD,0.0,normal,39.7,intermediate
214780573,A,C,BARD1_X4,BARD1_X4L,missense_variant,0.00402387,functionally_normal,I434S,214780573:C,-0.07303,normal,I,S,434,ARD,1.2628,normal,39.7,intermediate
214780573,A,G,BARD1_X4,BARD1_X4L,missense_variant,0.0210518,functionally_normal,I434T,214780573:G,-0.110567,normal,I,T,434,ARD,1.0321,normal,39.7,intermediate
214780573,A,T,BARD1_X4,BARD1_X4L,missense_variant,-0.0151414,functionally_normal,I434N,214780573:T,0.0784675,normal,I,N,434,ARD,1.3443,normal,39.7,intermediate
214780574,T,A,BARD1_X4,BARD1_X4L,missense_variant,0.00553954,functionally_normal,I434F,214780574:A,0.171361,normal,I,F,434,ARD,0.627,normal,39.7,intermediate
214780574,T,C,BARD1_X4,BARD1_X4L,missense_variant,0.0183376,functionally_normal,I434V,214780574:C,-0.017607,normal,I,V,434,ARD,0.5315,normal,39.7,intermediate
214780574,T,G,BARD1_X4,BARD1_X4L,missense_variant,0.0194326,functionally_normal,I434L,214780574:G,0.0632979,normal,I,L,434,ARD,0.3788,normal,39.7,intermediate
214780575,A,C,BARD1_X4,BARD1_X4L,missense_variant,-0.000329129,functionally_normal,H433Q,214780575:C,0.0960944,normal,H,Q,433,ARD,0.6371,normal,0.0,buried
214780575,A,T,BARD1_X4,BARD1_X4L,missense_variant,0.00195254,functionally_normal,H433Q,214780575:T,0.409522,normal,H,Q,433,ARD,0.6371,normal,0.0,buried
214780575,A,G,BARD1_X4,BARD1_X4L,synonymous_variant,0.0244175,functionally_normal,H433H,214780575:G,-0.111375,normal,H,H,433,ARD,0.0,normal,0.0,buried
214780576,T,A,BARD1_X4,BARD1_X4L,missense_variant,-0.049608,indeterminate,H433L,214780576:A,0.582757,normal,H,L,433,ARD,1.3917,normal,0.0,buried
214780576,T,C,BARD1_X4,BARD1_X4L,missense_variant,-0.11658,functionally_abnormal,H433R,214780576:C,0.263156,normal,H,R,433,ARD,0.5787,normal,0.0,buried
214780576,T,G,BARD1_X4,BARD1_X4L,missense_variant,-0.144487,functionally_abnormal,H433P,214780576:G,0.0443884,normal,H,P,433,ARD,0.7139,normal,0.0,buried
214780577,G,A,BARD1_X4,BARD1_X4L,missense_variant,-0.135354,functionally_abnormal,H433Y,214780577:A,0.35805,normal,H,Y,433,ARD,0.7082,normal,0.0,buried
214780577,G,C,BARD1_X4,BARD1_X4L,missense_variant,-0.176055,functionally_abnormal,H433D,214780577:C,0.246905,normal,H,D,433,ARD,2.1823,destabilizing,0.0,buried
214780577,G,T,BARD1_X4,BARD1_X4L,missense_variant,-0.00249786,functionally_normal,H433N,214780577:T,0.076165,normal,H,N,433,ARD,0.6838,normal,0.0,buried
214780578,G,A,BARD1_X4,BARD1_X4L,synonymous_variant,-0.00816827,functionally_normal,L432L,214780578:A,-0.0375696,normal,L,L,432,ARD,0.0,normal,1.2,buried
214780578,G,C,BARD1_X4,BARD1_X4L,synonymous_variant,0.0228253,functionally_normal,L432L,214780578:C,-0.0922522,normal,L,L,432,ARD,0.0,normal,1.2,buried
214780578,G,T,BARD1_X4,BARD1_X4L,synonymous_variant,0.00109626,functionally_normal,L432L,214780578:T,-0.635872,low,L,L,432,ARD,0.0,normal,1.2,buried
214780579,A,C,BARD1_X4,BARD1_X4L,missense_variant,-0.12062,functionally_abnormal,L432R,214780579:C,0.44968,normal,L,R,432,ARD,3.4963,destabilizing,1.2,buried
214780579,A,G,BARD1_X4,BARD1_X4L,missense_variant,-0.158087,functionally_abnormal,L432P,214780579:G,0.211908,normal,L,P,432,ARD,3.3393,destabilizing,1.2,buried
214780579,A,T,BARD1_X4,BARD1_X4L,missense_variant,-0.127181,functionally_abnormal,L432H,214780579:T,0.0302164,normal,L,H,432,ARD,3.5846,destabilizing,1.2,buried
214780580,G,A,BARD1_X4,BARD1_X4L,missense_variant,-0.000381199,functionally_normal,L432F,214780580:A,0.217305,normal,L,F,432,ARD,2.0968,destabilizing,1.2,buried
214780580,G,C,BARD1_X4,BARD1_X4L,missense_variant,0.00288032,functionally_normal,L432V,214780580:C,0.278415,normal,L,V,432,ARD,2.2742,destabilizing,1.2,buried
214780580,G,T,BARD1_X4,BARD1_X4L,missense_variant,-0.0161827,functionally_normal,L432I,214780580:T,-0.196545,normal,L,I,432,ARD,1.5645,normal,1.2,buried
214780581,C,A,BARD1_X4,BARD1_X4L,missense_variant,0.00391947,functionally_normal,L431F,214780581:A,-0.0810867,normal,L,F,431,ARD,0.5677,normal,58.4,exposed
214780581,C,G,BARD1_X4,BARD1_X4L,missense_variant,0.0131768,functionally_normal,L431F,214780581:G,0.0433857,normal,L,F,431,ARD,0.5677,normal,58.4,exposed
214780581,C,T,BARD1_X4,BARD1_X4L,synonymous_variant,-0.00349468,functionally_normal,L431L,214780581:T,-0.196679,normal,L,L,431,ARD,0.0,normal,58.4,exposed
214780583,A,G,BARD1_X4,BARD1_X4L,synonymous_variant,0.0232112,functionally_normal,L431L,214780583:G,-0.0542649,normal,L,L,431,ARD,0.0,normal,58.4,exposed
214780582,A,C,BARD1_X4,BARD1_X4L,missense_variant,0.0218957,functionally_normal,L431W,214780582:C,0.0675093,normal,L,W,431,ARD,0.318,normal,58.4,exposed
214780582,A,G,BARD1_X4,BARD1_X4L,missense_variant,0.0149562,functionally_normal,L431S,214780582:G,0.165234,normal,L,S,431,ARD,0.5919,normal,58.4,exposed
214780583,A,C,BARD1_X4,BARD1_X4L,missense_variant,0.0189637,functionally_normal,L431V,214780583:C,-0.155609,normal,L,V,431,ARD,0.3228,normal,58.4,exposed
214780583,A,T,BARD1_X4,BARD1_X4L,missense_variant,0.0128297,functionally_normal,L431M,214780583:T,0.0658475,normal,L,M,431,ARD,0.196,normal,58.4,exposed
214780584,A,C,BARD1_X4,BARD1_X4L,synonymous_variant,0.000999591,functionally_normal,T430T,214780584:C,0.149118,normal,T,T,430,ARD,0.0,normal,13.7,buried
214780584,A,G,BARD1_X4,BARD1_X4L,synonymous_variant,0.00846113,functionally_normal,T430T,214780584:G,-0.0593069,normal,T,T,430,ARD,0.0,normal,13.7,buried
214780584,A,T,BARD1_X4,BARD1_X4L,synonymous_variant,-0.0251137,functionally_normal,T430T,214780584:T,0.086143,normal,T,T,430,ARD,0.0,normal,13.7,buried
214780585,G,A,BARD1_X4,BARD1_X4L,missense_variant,-0.00451082,functionally_normal,T430I,214780585:A,-0.0776232,normal,T,I,430,ARD,0.9372,normal,13.7,buried
214780585,G,C,BARD1_X4,BARD1_X4L,missense_variant,0.000481306,functionally_normal,T430S,214780585:C,-0.0253746,normal,T,S,430,ARD,0.5021,normal,13.7,buried
214780586,T,A,BARD1_X4,BARD1_X4L,missense_variant,0.0138409,functionally_normal,T430S,214780586:A,-0.0580918,normal,T,S,430,ARD,0.5021,normal,13.7,buried
214780585,G,T,BARD1_X4,BARD1_X4L,missense_variant,-0.0214488,functionally_normal,T430N,214780585:T,-0.0433809,normal,T,N,430,ARD,0.527,normal,13.7,buried
214780586,T,C,BARD1_X4,BARD1_X4L,missense_variant,0.00722924,functionally_normal,T430A,214780586:C,-0.0194147,normal,T,A,430,ARD,1.0184,normal,13.7,buried
214780586,T,G,BARD1_X4,BARD1_X4L,missense_variant,-0.142958,functionally_abnormal,T430P,214780586:G,0.42775,normal,T,P,430,ARD,1.1501,normal,13.7,buried
214780587,C,A,BARD1_X4,BARD1_X4L,missense_variant,-0.0221941,functionally_normal,E429D,214780587:A,-0.337695,normal,E,D,429,ARD,1.0167,normal,14.2,buried
214780587,C,G,BARD1_X4,BARD1_X4L,missense_variant,-0.00787566,functionally_normal,E429D,214780587:G,0.140191,normal,E,D,429,ARD,1.0167,normal,14.2,buried
214780587,C,T,BARD1_X4,BARD1_X4L,synonymous_variant,0.00185794,functionally_normal,E429E,214780587:T,-0.241284,normal,E,E,429,ARD,0.0,normal,14.2,buried
214780588,T,A,BARD1_X4,BARD1_X4L,missense_variant,-0.0996668,functionally_abnormal,E429V,214780588:A,0.312308,normal,E,V,429,ARD,1.0376,normal,14.2,buried
214780588,T,C,BARD1_X4,BARD1_X4L,missense_variant,-0.0736801,functionally_abnormal,E429G,214780588:C,0.498427,normal,E,G,429,ARD,1.2196,normal,14.2,buried
214780588,T,G,BARD1_X4,BARD1_X4L,missense_variant,-0.0676584,functionally_abnormal,E429A,214780588:G,-0.0458991,normal,E,A,429,ARD,0.9222,normal,14.2,buried
214780589,C,G,BARD1_X4,BARD1_X4L,missense_variant,-0.065436,functionally_abnormal,E429Q,214780589:G,0.493328,normal,E,Q,429,ARD,0.2791,normal,14.2,buried
214780589,C,T,BARD1_X4,BARD1_X4L,missense_variant,-0.0789811,functionally_abnormal,E429K,214780589:T,-0.111838,normal,E,K,429,ARD,0.9339,normal,14.2,buried
214780590,T,A,BARD1_X4,BARD1_X4L,synonymous_variant,-0.110318,functionally_abnormal,G428G,214780590:A,-1.32046,low,G,G,428,ARD,0.0,normal,3.6,buried
214780590,T,C,BARD1_X4,BARD1_X4L,synonymous_variant,-0.0137652,functionally_normal,G428G,214780590:C,-0.0418065,normal,G,G,428,ARD,0.0,normal,3.6,buried
214780590,T,G,BARD1_X4,BARD1_X4L,synonymous_variant,0.000344846,functionally_normal,G428G,214780590:G,-0.159509,normal,G,G,428,ARD,0.0,normal,3.6,buried
214780591,C,A,BARD1_X4,BARD1_X4L,missense_variant,-0.0845709,functionally_abnormal,G428V,214780591:A,-0.887801,low,G,V,428,ARD,1.5025,normal,3.6,buried
214780591,C,G,BARD1_X4,BARD1_X4L,missense_variant,-0.047397,indeterminate,G428A,214780591:G,0.29298,normal,G,A,428,ARD,1.289,normal,3.6,buried
214780591,C,T,BARD1_X4,BARD1_X4L,missense_variant,-0.106376,functionally_abnormal,G428E,214780591:T,0.0928477,normal,G,E,428,ARD,1.4937,normal,3.6,buried
214780592,C,G,BARD1_X4,BARD1_X4L,missense_variant,-0.0696636,functionally_abnormal,G428R,214780592:G,0.184525,normal,G,R,428,ARD,1.4524,normal,3.6,buried
214780592,C,T,BARD1_X4,BARD1_X4L,missense_variant,-0.0870223,functionally_abnormal,G428R,214780592:T,0.249991,normal,G,R,428,ARD,1.4524,normal,3.6,buried
214780593,T,A,BARD1_X4,BARD1_X4L,missense_variant,-0.0130851,functionally_normal,R427S,214780593:A,-0.0909982,normal,R,S,427,ARD,0.794,normal,41.8,intermediate
214780593,T,G,BARD1_X4,BARD1_X4L,missense_variant,0.0188799,functionally_normal,R427S,214780593:G,-0.224136,normal,R,S,427,ARD,0.794,normal,41.8,intermediate
214780593,T,C,BARD1_X4,BARD1_X4L,synonymous_variant,-0.0039122,functionally_normal,R427R,214780593:C,-0.397269,normal,R,R,427,ARD,0.0,normal,41.8,intermediate
214780595,T,G,BARD1_X4,BARD1_X4L,synonymous_variant,0.00982846,functionally_normal,R427R,214780595:G,0.0238817,normal,R,R,427,ARD,0.0,normal,41.8,intermediate
214780594,C,A,BARD1_X4,BARD1_X4L,missense_variant,-0.0242375,functionally_normal,R427I,214780594:A,-0.403519,normal,R,I,427,ARD,0.8777,normal,41.8,intermediate
214780594,C,G,BARD1_X4,BARD1_X4L,missense_variant,-0.00683988,functionally_normal,R427T,214780594:G,-0.160499,normal,R,T,427,ARD,0.9175,normal,41.8,intermediate
214780594,C,T,BARD1_X4,BARD1_X4L,missense_variant,-0.00709889,functionally_normal,R427K,214780594:T,-0.125804,normal,R,K,427,ARD,0.1841,normal,41.8,intermediate
214780595,T,C,BARD1_X4,BARD1_X4L,missense_variant,-0.0504142,indeterminate,R427G,214780595:C,0.163645,normal,R,G,427,ARD,0.9597,normal,41.8,intermediate
214781508,A,C,BARD1_X4,BARD1_X4A,missense_variant,0.00163973,functionally_normal,D122E,214781508:C,-0.367565,normal,D,E,122,RING,0.0277,normal,91.9,exposed
214781508,A,T,BARD1_X4,BARD1_X4A,missense_variant,0.0119085,functionally_normal,D122E,214781508:T,-0.345422,normal,D,E,122,RING,0.0277,normal,91.9,exposed
214781508,A,G,BARD1_X4,BARD1_X4A,splicing_variant,-0.00307534,functionally_normal,D122D,214781508:G,-0.3902,normal,D,D,122,RING,0.0,normal,91.9,exposed
214781509,T,A,BARD1_X4,BARD1_X4A,missense_variant,-0.0164841,functionally_normal,D122V,214781509:A,-0.699563,low,D,V,122,RING,0.1173,normal,91.9,exposed
214781509,T,C,BARD1_X4,BARD1_X4A,missense_variant,0.00862347,functionally_normal,D122G,214781509:C,-0.0445993,normal,D,G,122,RING,0.1344,normal,91.9,exposed
214781509,T,G,BARD1_X4,BARD1_X4A,missense_variant,-0.00241931,functionally_normal,D122A,214781509:G,-0.62382,low,D,A,122,RING,-0.0103,normal,91.9,exposed
214792297,C,A,BARD1_X3,BARD1_X3B,missense_variant,-0.210301,functionally_abnormal,D122Y,214792297:A,-1.3167,low,D,Y,122,RING,0.3321,normal,91.9,exposed
214792297,C,G,BARD1_X3,BARD1_X3B,missense_variant,-0.234567,functionally_abnormal,D122H,214792297:G,-4.3541,low,D,H,122,RING,0.1861,normal,91.9,exposed
214792297,C,T,BARD1_X3,BARD1_X3B,missense_variant,-0.181461,functionally_abnormal,D122N,214792297:T,-3.1055,low,D,N,122,RING,0.1057,normal,91.9,exposed
214792298,T,A,BARD1_X3,BARD1_X3B,splicing_variant,-0.0453672,indeterminate,S121S,214792298:A,-1.65116,low,S,S,121,RING,0.0,normal,79.3,exposed
214792298,T,C,BARD1_X3,BARD1_X3B,splicing_variant,-0.171479,functionally_abnormal,S121S,214792298:C,-2.74954,low,S,S,121,RING,0.0,normal,79.3,exposed
214792298,T,G,BARD1_X3,BARD1_X3B,splicing_variant,-0.00319082,functionally_normal,S121S,214792298:G,-1.59119,low,S,S,121,RING,0.0,normal,79.3,exposed
214792299,G,A,BARD1_X3,BARD1_X3B,missense_variant,-0.0422073,indeterminate,S121L,214792299:A,-1.77303,low,S,L,121,RING,0.0484,normal,79.3,exposed
214792300,A,C,BARD1_X3,BARD1_X3B,missense_variant,0.00761929,functionally_normal,S121A,214792300:C,-0.781064,low,S,A,121,RING,-0.0559,normal,79.3,exposed
214792300,A,G,BARD1_X3,BARD1_X3B,missense_variant,0.0286986,functionally_normal,S121P,214792300:G,-0.419286,normal,S,P,121,RING,0.046,normal,79.3,exposed
214792300,A,T,BARD1_X3,BARD1_X3B,missense_variant,-0.011239,functionally_normal,S121T,214792300:T,-0.229752,normal,S,T,121,RING,0.0872,normal,79.3,exposed
214792301,C,A,BARD1_X3,BARD1_X3B,synonymous_variant,0.00754856,functionally_normal,L120L,214792301:A,-0.292117,normal,L,L,120,RING,0.0,normal,63.5,exposed
214792301,C,G,BARD1_X3,BARD1_X3B,synonymous_variant,-0.00119372,functionally_normal,L120L,214792301:G,-0.547716,low,L,L,120,RING,0.0,normal,63.5,exposed
214792301,C,T,BARD1_X3,BARD1_X3B,synonymous_variant,0.000938577,functionally_normal,L120L,214792301:T,-0.391139,normal,L,L,120,RING,0.0,normal,63.5,exposed
214792303,G,A,BARD1_X3,BARD1_X3B,synonymous_variant,0.0161531,functionally_normal,L120L,214792303:A,-0.676517,low,L,L,120,RING,0.0,normal,63.5,exposed
214792302,A,C,BARD1_X3,BARD1_X3B,missense_variant,-0.00146525,functionally_normal,L120R,214792302:C,-0.450507,normal,L,R,120,RING,0.0544,normal,63.5,exposed
214792302,A,G,BARD1_X3,BARD1_X3B,missense_variant,0.033032,functionally_normal,L120P,214792302:G,-0.411524,normal,L,P,120,RING,0.2182,normal,63.5,exposed
214792302,A,T,BARD1_X3,BARD1_X3B,missense_variant,0.0205454,functionally_normal,L120Q,214792302:T,1.23438,normal,L,Q,120,RING,0.0052,normal,63.5,exposed
214792303,G,C,BARD1_X3,BARD1_X3B,missense_variant,0.0183612,functionally_normal,L120V,214792303:C,-0.449626,normal,L,V,120,RING,0.0598,normal,63.5,exposed
214792303,G,T,BARD1_X3,BARD1_X3B,missense_variant,-0.0055292,functionally_normal,L120M,214792303:T,-0.172313,normal,L,M,120,RING,0.0737,normal,63.5,exposed
214792304,C,A,BARD1_X3,BARD1_X3B,missense_variant,0.0105283,functionally_normal,E119D,214792304:A,-0.355328,normal,E,D,119,RING,-0.0107,normal,82.1,exposed
214792304,C,G,BARD1_X3,BARD1_X3B,missense_variant,0.0199911,functionally_normal,E119D,214792304:G,-0.514052,low,E,D,119,RING,-0.0107,normal,82.1,exposed
214792304,C,T,BARD1_X3,BARD1_X3B,synonymous_variant,0.00691282,functionally_normal,E119E,214792304:T,-0.344093,normal,E,E,119,RING,0.0,normal,82.1,exposed
214792305,T,A,BARD1_X3,BARD1_X3B,missense_variant,-0.00334622,functionally_normal,E119V,214792305:A,-0.836554,low,E,V,119,RING,-0.0072,normal,82.1,exposed
214792305,T,C,BARD1_X3,BARD1_X3B,missense_variant,0.0165386,functionally_normal,E119G,214792305:C,-0.396888,normal,E,G,119,RING,0.1158,normal,82.1,exposed
214792305,T,G,BARD1_X3,BARD1_X3B,missense_variant,0.0158255,functionally_normal,E119A,214792305:G,-0.512527,low,E,A,119,RING,-0.0153,normal,82.1,exposed
214792306,C,G,BARD1_X3,BARD1_X3B,missense_variant,0.0071094,functionally_normal,E119Q,214792306:G,-0.397453,normal,E,Q,119,RING,0.0563,normal,82.1,exposed
214792306,C,T,BARD1_X3,BARD1_X3B,missense_variant,0.0200426,functionally_normal,E119K,214792306:T,-0.325106,normal,E,K,119,RING,0.0664,normal,82.1,exposed
214792307,A,C,BARD1_X3,BARD1_X3B,missense_variant,0.0182164,functionally_normal,N118K,214792307:C,-0.0733183,normal,N,K,118,RING,0.2468,normal,60.1,exposed
214792307,A,T,BARD1_X3,BARD1_X3B,missense_variant,0.0148602,functionally_normal,N118K,214792307:T,-0.148266,normal,N,K,118,RING,0.2468,normal,60.1,exposed
214792307,A,G,BARD1_X3,BARD1_X3B,synonymous_variant,0.0257982,functionally_normal,N118N,214792307:G,-0.586018,low,N,N,118,RING,0.0,normal,60.1,exposed
214792308,T,A,BARD1_X3,BARD1_X3B,missense_variant,-0.00147596,functionally_normal,N118I,214792308:A,-0.365429,normal,N,I,118,RING,0.328,normal,60.1,exposed
214792308,T,C,BARD1_X3,BARD1_X3B,missense_variant,0.00665647,functionally_normal,N118S,214792308:C,-0.706357,low,N,S,118,RING,0.1066,normal,60.1,exposed
214792308,T,G,BARD1_X3,BARD1_X3B,missense_variant,0.0316634,functionally_normal,N118T,214792308:G,-0.123509,normal,N,T,118,RING,0.1953,normal,60.1,exposed
214792309,T,A,BARD1_X3,BARD1_X3B,missense_variant,-0.00911096,functionally_normal,N118Y,214792309:A,0.374346,normal,N,Y,118,RING,0.2812,normal,60.1,exposed
214792309,T,C,BARD1_X3,BARD1_X3B,missense_variant,0.0184099,functionally_normal,N118D,214792309:C,-0.391175,normal,N,D,118,RING,0.0164,normal,60.1,exposed
214792309,T,G,BARD1_X3,BARD1_X3B,missense_variant,0.00402293,functionally_normal,N118H,214792309:G,-0.47144,normal,N,H,118,RING,0.1327,normal,60.1,exposed
214792310,G,A,BARD1_X3,BARD1_X3B,synonymous_variant,0.00848622,functionally_normal,D117D,214792310:A,-0.754005,low,D,D,117,RING,0.0,normal,21.4,intermediate
214792310,G,C,BARD1_X3,BARD1_X3B,missense_variant,0.0123935,functionally_normal,D117E,214792310:C,-0.618205,low,D,E,117,RING,-0.0787,normal,21.4,intermediate
214792310,G,T,BARD1_X3,BARD1_X3B,missense_variant,0.0107076,functionally_normal,D117E,214792310:T,-0.49104,low,D,E,117,RING,-0.0787,normal,21.4,intermediate
214792311,T,A,BARD1_X3,BARD1_X3B,missense_variant,0.00747752,functionally_normal,D117V,214792311:A,0.145911,normal,D,V,117,RING,-0.2625,normal,21.4,intermediate
214792311,T,C,BARD1_X3,BARD1_X3B,missense_variant,0.0174833,functionally_normal,D117G,214792311:C,-0.695221,low,D,G,117,RING,-0.163,normal,21.4,intermediate
214792311,T,G,BARD1_X3,BARD1_X3B,missense_variant,0.014233,functionally_normal,D117A,214792311:G,-0.621105,low,D,A,117,RING,-0.2933,normal,21.4,intermediate
214792312,C,A,BARD1_X3,BARD1_X3B,missense_variant,-0.0142676,functionally_normal,D117Y,214792312:A,-0.698803,low,D,Y,117,RING,-0.2265,normal,21.4,intermediate
214792312,C,G,BARD1_X3,BARD1_X3B,missense_variant,0.0166033,functionally_normal,D117H,214792312:G,-0.191366,normal,D,H,117,RING,-0.1798,normal,21.4,intermediate
214792312,C,T,BARD1_X3,BARD1_X3B,missense_variant,0.00809696,functionally_normal,D117N,214792312:T,-0.953082,low,D,N,117,RING,-0.1043,normal,21.4,intermediate
214792313,A,C,BARD1_X3,BARD1_X3B,missense_variant,-0.00353605,functionally_normal,H116Q,214792313:C,-0.405805,normal,H,Q,116,RING,0.0339,normal,58.3,exposed
214792313,A,T,BARD1_X3,BARD1_X3B,missense_variant,0.00996054,functionally_normal,H116Q,214792313:T,-0.361326,normal,H,Q,116,RING,0.0339,normal,58.3,exposed
214792313,A,G,BARD1_X3,BARD1_X3B,synonymous_variant,0.0293481,functionally_normal,H116H,214792313:G,-0.447451,normal,H,H,116,RING,0.0,normal,58.3,exposed
214792314,T,A,BARD1_X3,BARD1_X3B,missense_variant,-0.00476938,functionally_normal,H116L,214792314:A,0.27815,normal,H,L,116,RING,-0.0676,normal,58.3,exposed
214792314,T,C,BARD1_X3,BARD1_X3B,missense_variant,0.0341191,functionally_normal,H116R,214792314:C,-0.373237,normal,H,R,116,RING,-0.0203,normal,58.3,exposed
214792314,T,G,BARD1_X3,BARD1_X3B,missense_variant,-0.180455,functionally_abnormal,H116P,214792314:G,-2.63769,low,H,P,116,RING,0.8775,normal,58.3,exposed
214792315,G,A,BARD1_X3,BARD1_X3B,missense_variant,-0.00790307,functionally_normal,H116Y,214792315:A,-0.582607,low,H,Y,116,RING,0.0173,normal,58.3,exposed
214792315,G,C,BARD1_X3,BARD1_X3B,missense_variant,0.0218128,functionally_normal,H116D,214792315:C,-0.554397,low,H,D,116,RING,0.1176,normal,58.3,exposed
214792315,G,T,BARD1_X3,BARD1_X3B,missense_variant,0.00969553,functionally_normal,H116N,214792315:T,-1.16925,low,H,N,116,RING,0.0098,normal,58.3,exposed
214792316,T,A,BARD1_X3,BARD1_X3B,synonymous_variant,0.0180096,functionally_normal,L115L,214792316:A,-0.188972,normal,L,L,115,RING,0.0,normal,16.8,buried
214792316,T,C,BARD1_X3,BARD1_X3B,synonymous_variant,0.027649,functionally_normal,L115L,214792316:C,-0.27465,normal,L,L,115,RING,0.0,normal,16.8,buried
214792316,T,G,BARD1_X3,BARD1_X3B,synonymous_variant,0.0245106,functionally_normal,L115L,214792316:G,-0.430285,normal,L,L,115,RING,0.0,normal,16.8,buried
214792318,G,A,BARD1_X3,BARD1_X3B,synonymous_variant,0.00896955,functionally_normal,L115L,214792318:A,-1.00971,low,L,L,115,RING,0.0,normal,16.8,buried
214792317,A,C,BARD1_X3,BARD1_X3B,missense_variant,-0.249553,functionally_abnormal,L115R,214792317:C,0.433845,normal,L,R,115,RING,0.7404,normal,16.8,buried
214792317,A,G,BARD1_X3,BARD1_X3B,missense_variant,-0.21445,functionally_abnormal,L115P,214792317:G,-0.0599599,normal,L,P,115,RING,0.8174,normal,16.8,buried
214792317,A,T,BARD1_X3,BARD1_X3B,missense_variant,-0.216533,functionally_abnormal,L115Q,214792317:T,0.291716,normal,L,Q,115,RING,0.6703,normal,16.8,buried
214792318,G,C,BARD1_X3,BARD1_X3B,missense_variant,-0.00840961,functionally_normal,L115V,214792318:C,-0.369828,normal,L,V,115,RING,-0.0945,normal,16.8,buried
214792318,G,T,BARD1_X3,BARD1_X3B,missense_variant,0.00577023,functionally_normal,L115I,214792318:T,-0.764751,low,L,I,115,RING,-0.2794,normal,16.8,buried
214792319,C,A,BARD1_X3,BARD1_X3B,missense_variant,-0.00742474,functionally_normal,L114F,214792319:A,-0.273319,normal,L,F,114,RING,0.125,normal,7.8,buried
214792319,C,G,BARD1_X3,BARD1_X3B,missense_variant,-0.0214745,functionally_normal,L114F,214792319:G,-0.0585585,normal,L,F,114,RING,0.125,normal,7.8,buried
214792319,C,T,BARD1_X3,BARD1_X3B,synonymous_variant,-0.00631376,functionally_normal,L114L,214792319:T,-0.822338,low,L,L,114,RING,0.0,normal,7.8,buried
214792321,A,G,BARD1_X3,BARD1_X3B,synonymous_variant,0.00443037,functionally_normal,L114L,214792321:G,-0.248062,normal,L,L,114,RING,0.0,normal,7.8,buried
214792320,A,C,BARD1_X3,BARD1_X3B,missense_variant,-0.105264,functionally_abnormal,L114W,214792320:C,-0.181236,normal,L,W,114,RING,0.033,normal,7.8,buried
214792320,A,G,BARD1_X3,BARD1_X3B,missense_variant,-0.041486,indeterminate,L114S,214792320:G,0.389072,normal,L,S,114,RING,0.9885,normal,7.8,buried
214792321,A,C,BARD1_X3,BARD1_X3B,missense_variant,0.00980033,functionally_normal,L114V,214792321:C,-0.206571,normal,L,V,114,RING,0.1836,normal,7.8,buried
214792321,A,T,BARD1_X3,BARD1_X3B,missense_variant,-0.00295643,functionally_normal,L114M,214792321:T,-0.130249,normal,L,M,114,RING,0.2448,normal,7.8,buried
214792322,A,C,BARD1_X3,BARD1_X3B,missense_variant,-0.00739792,functionally_normal,N113K,214792322:C,-0.203147,normal,N,K,113,RING,-0.1133,normal,53.7,exposed
214792322,A,T,BARD1_X3,BARD1_X3B,missense_variant,0.0109576,functionally_normal,N113K,214792322:T,-0.607697,low,N,K,113,RING,-0.1133,normal,53.7,exposed
214792322,A,G,BARD1_X3,BARD1_X3B,synonymous_variant,0.0115052,functionally_normal,N113N,214792322:G,-0.829605,low,N,N,113,RING,0.0,normal,53.7,exposed
214792323,T,A,BARD1_X3,BARD1_X3B,missense_variant,0.00183452,functionally_normal,N113I,214792323:A,-0.303932,normal,N,I,113,RING,-0.1555,normal,53.7,exposed
214792323,T,C,BARD1_X3,BARD1_X3B,missense_variant,0.0147124,functionally_normal,N113S,214792323:C,-0.464743,normal,N,S,113,RING,-0.0593,normal,53.7,exposed
214792323,T,G,BARD1_X3,BARD1_X3B,missense_variant,0.0213233,functionally_normal,N113T,214792323:G,-0.355762,normal,N,T,113,RING,-0.0322,normal,53.7,exposed
214792324,T,A,BARD1_X3,BARD1_X3B,missense_variant,0.0034473,functionally_normal,N113Y,214792324:A,-0.249215,normal,N,Y,113,RING,-0.1338,normal,53.7,exposed
214792324,T,C,BARD1_X3,BARD1_X3B,missense_variant,0.0208856,functionally_normal,N113D,214792324:C,-0.263492,normal,N,D,113,RING,-0.1286,normal,53.7,exposed
214792324,T,G,BARD1_X3,BARD1_X3B,missense_variant,0.0147832,functionally_normal,N113H,214792324:G,-0.183058,normal,N,H,113,RING,-0.0505,normal,53.7,exposed
214792325,T,A,BARD1_X3,BARD1_X3B,synonymous_variant,-0.0016194,functionally_normal,R112R,214792325:A,-0.601734,low,R,R,112,RING,0.0,normal,40.9,intermediate
214792325,T,C,BARD1_X3,BARD1_X3B,synonymous_variant,0.0265408,functionally_normal,R112R,214792325:C,-0.0843591,normal,R,R,112,RING,0.0,normal,40.9,intermediate
214792325,T,G,BARD1_X3,BARD1_X3B,synonymous_variant,0.0284473,functionally_normal,R112R,214792325:G,-0.424874,normal,R,R,112,RING,0.0,normal,40.9,intermediate
214792327,G,T,BARD1_X3,BARD1_X3B,synonymous_variant,-0.0590463,indeterminate,R112R,214792327:T,-1.51939,low,R,R,112,RING,0.0,normal,40.9,intermediate
214792326,C,A,BARD1_X3,BARD1_X3B,missense_variant,-0.168591,functionally_abnormal,R112L,214792326:A,-0.914905,low,R,L,112,RING,0.8123,normal,40.9,intermediate
214792326,C,G,BARD1_X3,BARD1_X3B,missense_variant,-0.285715,functionally_abnormal,R112P,214792326:G,-0.863479,low,R,P,112,RING,2.4212,destabilizing,40.9,intermediate
214792326,C,T,BARD1_X3,BARD1_X3B,missense_variant,-0.0113473,functionally_normal,R112Q,214792326:T,-0.526108,low,R,Q,112,RING,0.9814,normal,40.9,intermediate
214792327,G,C,BARD1_X3,BARD1_X3B,missense_variant,-0.0032081,functionally_normal,R112G,214792327:C,-0.101494,normal,R,G,112,RING,1.5594,normal,40.9,intermediate
214792328,A,C,BARD1_X3,BARD1_X3B,synonymous_variant,0.0123049,functionally_normal,L111L,214792328:C,-0.428799,normal,L,L,111,RING,0.0,normal,1.3,buried
214792328,A,G,BARD1_X3,BARD1_X3B,synonymous_variant,0.0156686,functionally_normal,L111L,214792328:G,-0.320175,normal,L,L,111,RING,0.0,normal,1.3,buried
214792328,A,T,BARD1_X3,BARD1_X3B,synonymous_variant,0.0269797,functionally_normal,L111L,214792328:T,-0.387363,normal,L,L,111,RING,0.0,normal,1.3,buried
214792329,A,C,BARD1_X3,BARD1_X3B,missense_variant,-0.152105,functionally_abnormal,L111R,214792329:C,-0.643848,low,L,R,111,RING,1.1166,normal,1.3,buried
214792329,A,G,BARD1_X3,BARD1_X3B,missense_variant,-0.199657,functionally_abnormal,L111P,214792329:G,0.598504,normal,L,P,111,RING,1.4269,normal,1.3,buried
214792329,A,T,BARD1_X3,BARD1_X3B,missense_variant,-0.189359,functionally_abnormal,L111H,214792329:T,-0.0981209,normal,L,H,111,RING,0.9017,normal,1.3,buried
214792330,G,A,BARD1_X3,BARD1_X3B,missense_variant,0.00158112,functionally_normal,L111F,214792330:A,-0.486971,low,L,F,111,RING,0.0961,normal,1.3,buried
214792330,G,C,BARD1_X3,BARD1_X3B,missense_variant,-0.243504,functionally_abnormal,L111V,214792330:C,-0.200736,normal,L,V,111,RING,0.1579,normal,1.3,buried
214792330,G,T,BARD1_X3,BARD1_X3B,missense_variant,-0.0780943,functionally_abnormal,L111I,214792330:T,0.0245641,normal,L,I,111,RING,-0.1308,normal,1.3,buried
214792331,C,A,BARD1_X3,BARD1_X3B,missense_variant,-0.00349168,functionally_normal,K110N,214792331:A,-0.0284857,normal,K,N,110,RING,0.3198,normal,31.2,intermediate
214792331,C,G,BARD1_X3,BARD1_X3B,missense_variant,-0.0052576,functionally_normal,K110N,214792331:G,-0.153762,normal,K,N,110,RING,0.3198,normal,31.2,intermediate
214792331,C,T,BARD1_X3,BARD1_X3B,synonymous_variant,0.0240971,functionally_normal,K110K,214792331:T,-0.439107,normal,K,K,110,RING,0.0,normal,31.2,intermediate
214792332,T,A,BARD1_X3,BARD1_X3B,missense_variant,-0.0154894,functionally_normal,K110M,214792332:A,0.151838,normal,K,M,110,RING,-0.083,normal,31.2,intermediate
214792332,T,C,BARD1_X3,BARD1_X3B,missense_variant,0.0172654,functionally_normal,K110R,214792332:C,-0.238816,normal,K,R,110,RING,0.0082,normal,31.2,intermediate
214792332,T,G,BARD1_X3,BARD1_X3B,missense_variant,0.0118714,functionally_normal,K110T,214792332:G,0.177737,normal,K,T,110,RING,0.1342,normal,31.2,intermediate
214792333,T,C,BARD1_X3,BARD1_X3B,missense_variant,0.0245279,functionally_normal,K110E,214792333:C,-0.131575,normal,K,E,110,RING,0.0324,normal,31.2,intermediate
214792333,T,G,BARD1_X3,BARD1_X3B,missense_variant,0.0204186,functionally_normal,K110Q,214792333:G,-0.312982,normal,K,Q,110,RING,0.017,normal,31.2,intermediate
214792334,A,C,BARD1_X3,BARD1_X3B,missense_variant,0.0210321,functionally_normal,S109R,214792334:C,-0.507646,low,S,R,109,RING,-0.3067,normal,45.2,intermediate
214792334,A,T,BARD1_X3,BARD1_X3B,missense_variant,0.000759008,functionally_normal,S109R,214792334:T,-0.362779,normal,S,R,109,RING,-0.3067,normal,45.2,intermediate
214792336,T,G,BARD1_X3,BARD1_X3B,missense_variant,0.0146695,functionally_normal,S109R,214792336:G,-0.317001,normal,S,R,109,RING,-0.3067,normal,45.2,intermediate
214792334,A,G,BARD1_X3,BARD1_X3B,synonymous_variant,0.0274184,functionally_normal,S109S,214792334:G,-0.240199,normal,S,S,109,RING,0.0,normal,45.2,intermediate
214792335,C,A,BARD1_X3,BARD1_X3B,missense_variant,0.00280234,functionally_normal,S109I,214792335:A,-0.101959,normal,S,I,109,RING,-0.3261,normal,45.2,intermediate
214792335,C,G,BARD1_X3,BARD1_X3B,missense_variant,0.0111092,functionally_normal,S109T,214792335:G,-0.0166096,normal,S,T,109,RING,-0.0099,normal,45.2,intermediate
214792335,C,T,BARD1_X3,BARD1_X3B,missense_variant,-0.00329377,functionally_normal,S109N,214792335:T,-0.162051,normal,S,N,109,RING,-0.0629,normal,45.2,intermediate
214792336,T,A,BARD1_X3,BARD1_X3B,missense_variant,0.00725485,functionally_normal,S109C,214792336:A,-0.0470349,normal,S,C,109,RING,-0.4009,normal,45.2,intermediate
214792336,T,C,BARD1_X3,BARD1_X3B,missense_variant,0.012017,functionally_normal,S109G,214792336:C,-0.590088,low,S,G,109,RING,0.3661,normal,45.2,intermediate
214792337,A,C,BARD1_X3,BARD1_X3B,missense_variant,0.0127704,functionally_normal,C108W,214792337:C,0.156427,normal,C,W,108,RING,0.1865,normal,4.1,buried
214792337,A,G,BARD1_X3,BARD1_X3B,synonymous_variant,0.0308231,functionally_normal,C108C,214792337:G,-0.238755,normal,C,C,108,RING,0.0,normal,4.1,buried
214792338,C,A,BARD1_X3,BARD1_X3B,missense_variant,0.00524662,functionally_normal,C108F,214792338:A,0.00021515,normal,C,F,108,RING,0.2577,normal,4.1,buried
214792338,C,G,BARD1_X3,BARD1_X3B,missense_variant,0.00507041,functionally_normal,C108S,214792338:G,0.234283,normal,C,S,108,RING,0.7191,normal,4.1,buried
214792339,A,T,BARD1_X3,BARD1_X3B,missense_variant,0.0035697,functionally_normal,C108S,214792339:T,0.319392,normal,C,S,108,RING,0.7191,normal,4.1,buried
214792338,C,T,BARD1_X3,BARD1_X3B,missense_variant,0.0162175,functionally_normal,C108Y,214792338:T,0.0300323,normal,C,Y,108,RING,0.2162,normal,4.1,buried
214792339,A,C,BARD1_X3,BARD1_X3B,missense_variant,-0.000211464,functionally_normal,C108G,214792339:C,0.46731,normal,C,G,108,RING,1.1644,normal,4.1,buried
214792339,A,G,BARD1_X3,BARD1_X3B,missense_variant,-0.00604901,functionally_normal,C108R,214792339:G,0.479451,normal,C,R,108,RING,0.8014,normal,4.1,buried
214792340,A,C,BARD1_X3,BARD1_X3B,synonymous_variant,0.0105077,functionally_normal,L107L,214792340:C,-0.0733718,normal,L,L,107,RING,0.0,normal,6.5,buried
214792340,A,G,BARD1_X3,BARD1_X3B,synonymous_variant,0.0153424,functionally_normal,L107L,214792340:G,0.0873139,normal,L,L,107,RING,0.0,normal,6.5,buried
214792340,A,T,BARD1_X3,BARD1_X3B,synonymous_variant,0.0246823,functionally_normal,L107L,214792340:T,-0.374186,normal,L,L,107,RING,0.0,normal,6.5,buried
214792341,A,C,BARD1_X3,BARD1_X3B,missense_variant,-0.158085,functionally_abnormal,L107R,214792341:C,0.300036,normal,L,R,107,RING,0.6745,normal,6.5,buried
214792341,A,G,BARD1_X3,BARD1_X3B,missense_variant,-0.30699,functionally_abnormal,L107P,214792341:G,0.693198,normal,L,P,107,RING,1.5825,normal,6.5,buried
214792341,A,T,BARD1_X3,BARD1_X3B,missense_variant,0.0148234,functionally_normal,L107H,214792341:T,-0.135436,normal,L,H,107,RING,0.5751,normal,6.5,buried
214792342,G,A,BARD1_X3,BARD1_X3B,missense_variant,-0.0439396,indeterminate,L107F,214792342:A,-0.417618,normal,L,F,107,RING,0.0539,normal,6.5,buried
214792342,G,C,BARD1_X3,BARD1_X3B,missense_variant,-0.00318886,functionally_normal,L107V,214792342:C,-0.201531,normal,L,V,107,RING,0.1308,normal,6.5,buried
214792342,G,T,BARD1_X3,BARD1_X3B,missense_variant,-0.0389512,functionally_normal,L107I,214792342:T,-0.316422,normal,L,I,107,RING,-0.094,normal,6.5,buried
214792343,T,A,BARD1_X3,BARD1_X3B,missense_variant,0.0179317,functionally_normal,Q106H,214792343:A,-0.0467209,normal,Q,H,106,RING,0.2088,normal,55.4,exposed
214792343,T,G,BARD1_X3,BARD1_X3B,missense_variant,0.00280398,functionally_normal,Q106H,214792343:G,0.0401476,normal,Q,H,106,RING,0.2088,normal,55.4,exposed
214792343,T,C,BARD1_X3,BARD1_X3B,synonymous_variant,0.0105966,functionally_normal,Q106Q,214792343:C,-0.298824,normal,Q,Q,106,RING,0.0,normal,55.4,exposed
214792344,T,A,BARD1_X3,BARD1_X3B,missense_variant,0.00594204,functionally_normal,Q106L,214792344:A,0.0331469,normal,Q,L,106,RING,0.0233,normal,55.4,exposed
214792344,T,C,BARD1_X3,BARD1_X3B,missense_variant,0.016542,functionally_normal,Q106R,214792344:C,-0.145896,normal,Q,R,106,RING,0.0069,normal,55.4,exposed
214792344,T,G,BARD1_X3,BARD1_X3B,missense_variant,0.0104754,functionally_normal,Q106P,214792344:G,0.0932981,normal,Q,P,106,RING,1.4083,normal,55.4,exposed
214792345,G,C,BARD1_X3,BARD1_X3B,missense_variant,0.0319216,functionally_normal,Q106E,214792345:C,-0.00928674,normal,Q,E,106,RING,0.0314,normal,55.4,exposed
214792345,G,T,BARD1_X3,BARD1_X3B,missense_variant,-0.0361473,functionally_normal,Q106K,214792345:T,-0.993481,low,Q,K,106,RING,0.0222,normal,55.4,exposed
214792346,A,C,BARD1_X3,BARD1_X3B,missense_variant,-0.00682208,functionally_normal,I105M,214792346:C,-0.104272,normal,I,M,105,RING,0.8376,normal,4.5,buried
214792346,A,G,BARD1_X3,BARD1_X3B,synonymous_variant,0.0145625,functionally_normal,I105I,214792346:G,0.0298524,normal,I,I,105,RING,0.0,normal,4.5,buried
214792346,A,T,BARD1_X3,BARD1_X3B,synonymous_variant,-0.00856277,functionally_normal,I105I,214792346:T,-0.0270374,normal,I,I,105,RING,0.0,normal,4.5,buried
214792347,A,C,BARD1_X3,BARD1_X3B,missense_variant,0.00709966,functionally_normal,I105S,214792347:C,0.0742031,normal,I,S,105,RING,0.9863,normal,4.5,buried
214792347,A,G,BARD1_X3,BARD1_X3B,missense_variant,0.0105365,functionally_normal,I105T,214792347:G,0.0444917,normal,I,T,105,RING,0.8011,normal,4.5,buried
214792347,A,T,BARD1_X3,BARD1_X3B,missense_variant,-0.0730931,functionally_abnormal,I105N,214792347:T,0.527123,normal,I,N,105,RING,1.6102,destabilizing,4.5,buried
214792348,T,A,BARD1_X3,BARD1_X3B,missense_variant,-0.198989,functionally_abnormal,I105F,214792348:A,-0.0202957,normal,I,F,105,RING,0.8042,normal,4.5,buried
214792348,T,C,BARD1_X3,BARD1_X3B,missense_variant,0.0114379,functionally_normal,I105V,214792348:C,-0.0213927,normal,I,V,105,RING,0.2184,normal,4.5,buried
214792348,T,G,BARD1_X3,BARD1_X3B,missense_variant,-0.00142885,functionally_normal,I105L,214792348:G,-0.124861,normal,I,L,105,RING,0.6906,normal,4.5,buried
214792349,C,A,BARD1_X3,BARD1_X3B,missense_variant,0.00771076,functionally_normal,M104I,214792349:A,-0.067203,normal,M,I,104,RING,0.0622,normal,0.0,buried
214792349,C,G,BARD1_X3,BARD1_X3B,missense_variant,0.00751407,functionally_normal,M104I,214792349:G,0.0259451,normal,M,I,104,RING,0.0622,normal,0.0,buried
214792349,C,T,BARD1_X3,BARD1_X3B,missense_variant,0.00564703,functionally_normal,M104I,214792349:T,-0.207674,normal,M,I,104,RING,0.0622,normal,0.0,buried
214792350,A,C,BARD1_X3,BARD1_X3B,missense_variant,-0.220149,functionally_abnormal,M104R,214792350:C,0.388028,normal,M,R,104,RING,1.2031,normal,0.0,buried
214792350,A,G,BARD1_X3,BARD1_X3B,missense_variant,-0.0965577,functionally_abnormal,M104T,214792350:G,0.467594,normal,M,T,104,RING,1.2145,normal,0.0,buried
214792350,A,T,BARD1_X3,BARD1_X3B,missense_variant,-0.231664,functionally_abnormal,M104K,214792350:T,0.829373,normal,M,K,104,RING,1.1913,normal,0.0,buried
214792351,T,A,BARD1_X3,BARD1_X3B,missense_variant,0.0113973,functionally_normal,M104L,214792351:A,-0.503658,low,M,L,104,RING,-0.1006,normal,0.0,buried
214792351,T,G,BARD1_X3,BARD1_X3B,missense_variant,0.00686474,functionally_normal,M104L,214792351:G,-0.112449,normal,M,L,104,RING,-0.1006,normal,0.0,buried
214792351,T,C,BARD1_X3,BARD1_X3B,missense_variant,0.0150199,functionally_normal,M104V,214792351:C,0.164249,normal,M,V,104,RING,0.4515,normal,0.0,buried
214792352,G,A,BARD1_X3,BARD1_X3B,synonymous_variant,0.0269581,functionally_normal,S103S,214792352:A,0.00863093,normal,S,S,103,RING,0.0,normal,33.6,intermediate
214792352,G,C,BARD1_X3,BARD1_X3B,missense_variant,-0.0190994,functionally_normal,S103R,214792352:C,0.136596,normal,S,R,103,RING,-0.1536,normal,33.6,intermediate
214792352,G,T,BARD1_X3,BARD1_X3B,missense_variant,-0.0273667,functionally_normal,S103R,214792352:T,0.378553,normal,S,R,103,RING,-0.1536,normal,33.6,intermediate
214792354,T,G,BARD1_X3,BARD1_X3A;BARD1_X3B,missense_variant,0.0165823,functionally_normal,S103R,214792354:G,0.293366,normal,S,R,103,RING,-0.1536,normal,33.6,intermediate
214792353,C,A,BARD1_X3,BARD1_X3B,missense_variant,-0.0138423,functionally_normal,S103I,214792353:A,0.332754,normal,S,I,103,RING,-0.181,normal,33.6,intermediate
214792353,C,G,BARD1_X3,BARD1_X3B,missense_variant,0.00356225,functionally_normal,S103T,214792353:G,0.448355,normal,S,T,103,RING,0.0385,normal,33.6,intermediate
214792353,C,T,BARD1_X3,BARD1_X3B,missense_variant,0.0161582,functionally_normal,S103N,214792353:T,0.243852,normal,S,N,103,RING,0.1664,normal,33.6,intermediate
214792354,T,A,BARD1_X3,BARD1_X3A;BARD1_X3B,missense_variant,0.0374193,functionally_normal,S103C,214792354:A,0.386647,normal,S,C,103,RING,-0.2577,normal,33.6,intermediate
214792354,T,C,BARD1_X3,BARD1_X3A;BARD1_X3B,missense_variant,0.0433406,functionally_normal,S103G,214792354:C,0.5291,normal,S,G,103,RING,0.3177,normal,33.6,intermediate
214792355,G,A,BARD1_X3,BARD1_X3A;BARD1_X3B,synonymous_variant,0.00275298,functionally_normal,D102D,214792355:A,-0.455534,normal,D,D,102,RING,0.0,normal,19.7,buried
214792355,G,C,BARD1_X3,BARD1_X3A;BARD1_X3B,missense_variant,-0.00358656,functionally_normal,D102E,214792355:C,0.232538,normal,D,E,102,RING,0.1148,normal,19.7,buried
214792355,G,T,BARD1_X3,BARD1_X3A;BARD1_X3B,missense_variant,0.0027513,functionally_normal,D102E,214792355:T,0.14139,normal,D,E,102,RING,0.1148,normal,19.7,buried
214792356,T,A,BARD1_X3,BARD1_X3A;BARD1_X3B,missense_variant,-0.00715925,functionally_normal,D102V,214792356:A,0.0816654,normal,D,V,102,RING,0.4668,normal,19.7,buried
214792356,T,C,BARD1_X3,BARD1_X3A;BARD1_X3B,missense_variant,-0.0385725,functionally_normal,D102G,214792356:C,0.549394,normal,D,G,102,RING,0.4461,normal,19.7,buried
214792356,T,G,BARD1_X3,BARD1_X3A;BARD1_X3B,missense_variant,0.0044076,functionally_normal,D102A,214792356:G,0.165553,normal,D,A,102,RING,0.0605,normal,19.7,buried
214792357,C,A,BARD1_X3,BARD1_X3A;BARD1_X3B,missense_variant,0.00203232,functionally_normal,D102Y,214792357:A,0.383176,normal,D,Y,102,RING,0.2176,normal,19.7,buried
214792357,C,G,BARD1_X3,BARD1_X3A;BARD1_X3B,missense_variant,-0.00917948,functionally_normal,D102H,214792357:G,0.0561413,normal,D,H,102,RING,0.233,normal,19.7,buried
214792357,C,T,BARD1_X3,BARD1_X3A;BARD1_X3B,missense_variant,0.0067329,functionally_normal,D102N,214792357:T,0.214725,normal,D,N,102,RING,0.3157,normal,19.7,buried
214792361,T,A,BARD1_X3,BARD1_X3A;BARD1_X3B,missense_variant,0.0264512,functionally_normal,Q100H,214792361:A,0.481365,normal,Q,H,100,RING,-0.0161,normal,26.9,intermediate
214792361,T,G,BARD1_X3,BARD1_X3A;BARD1_X3B,missense_variant,0.00568348,functionally_normal,Q100H,214792361:G,0.194617,normal,Q,H,100,RING,-0.0161,normal,26.9,intermediate
214792361,T,C,BARD1_X3,BARD1_X3A;BARD1_X3B,synonymous_variant,-0.00377776,functionally_normal,Q100Q,214792361:C,-0.680534,low,Q,Q,100,RING,0.0,normal,26.9,intermediate
214792362,T,A,BARD1_X3,BARD1_X3A;BARD1_X3B,missense_variant,-0.0224389,functionally_normal,Q100L,214792362:A,0.359185,normal,Q,L,100,RING,-0.0967,normal,26.9,intermediate
214792362,T,C,BARD1_X3,BARD1_X3A;BARD1_X3B,missense_variant,0.00591565,functionally_normal,Q100R,214792362:C,0.470831,normal,Q,R,100,RING,-0.0312,normal,26.9,intermediate
214792362,T,G,BARD1_X3,BARD1_X3A;BARD1_X3B,missense_variant,0.0107299,functionally_normal,Q100P,214792362:G,0.485344,normal,Q,P,100,RING,0.3157,normal,26.9,intermediate
214792363,G,C,BARD1_X3,BARD1_X3A;BARD1_X3B,missense_variant,0.00933777,functionally_normal,Q100E,214792363:C,0.222563,normal,Q,E,100,RING,0.0886,normal,26.9,intermediate
214792363,G,T,BARD1_X3,BARD1_X3A;BARD1_X3B,missense_variant,-0.00083686,functionally_normal,Q100K,214792363:T,0.275625,normal,Q,K,100,RING,-0.0669,normal,26.9,intermediate
214792364,T,A,BARD1_X3,BARD1_X3A;BARD1_X3B,missense_variant,0.00471378,functionally_normal,R99S,214792364:A,0.166581,normal,R,S,99,RING,0.3309,normal,77.2,exposed
214792364,T,G,BARD1_X3,BARD1_X3A;BARD1_X3B,missense_variant,-0.00900664,functionally_normal,R99S,214792364:G,0.219115,normal,R,S,99,RING,0.3309,normal,77.2,exposed
214792364,T,C,BARD1_X3,BARD1_X3A;BARD1_X3B,synonymous_variant,-0.00511606,functionally_normal,R99R,214792364:C,-0.455377,normal,R,R,99,RING,0.0,normal,77.2,exposed
214792366,T,G,BARD1_X3,BARD1_X3A;BARD1_X3B,synonymous_variant,0.0325231,functionally_normal,R99R,214792366:G,0.401182,normal,R,R,99,RING,0.0,normal,77.2,exposed
214792365,C,A,BARD1_X3,BARD1_X3A;BARD1_X3B,missense_variant,-0.0288971,functionally_normal,R99I,214792365:A,0.513964,normal,R,I,99,RING,0.1234,normal,77.2,exposed
214792365,C,G,BARD1_X3,BARD1_X3A;BARD1_X3B,missense_variant,-0.0227146,functionally_normal,R99T,214792365:G,0.28226,normal,R,T,99,RING,0.3267,normal,77.2,exposed
214792365,C,T,BARD1_X3,BARD1_X3A;BARD1_X3B,missense_variant,0.00155553,functionally_normal,R99K,214792365:T,0.134978,normal,R,K,99,RING,-0.002,normal,77.2,exposed
214792366,T,C,BARD1_X3,BARD1_X3A;BARD1_X3B,missense_variant,-0.00241042,functionally_normal,R99G,214792366:C,0.712619,normal,R,G,99,RING,0.7136,normal,77.2,exposed
214792367,A,C,BARD1_X3,BARD1_X3A;BARD1_X3B,missense_variant,-0.0198878,functionally_normal,N98K,214792367:C,-0.0443714,normal,N,K,98,RING,0.9308,normal,4.3,buried
214792367,A,T,BARD1_X3,BARD1_X3A;BARD1_X3B,missense_variant,-0.0351553,functionally_normal,N98K,214792367:T,0.229364,normal,N,K,98,RING,0.9308,normal,4.3,buried
214792367,A,G,BARD1_X3,BARD1_X3A;BARD1_X3B,synonymous_variant,0.0303309,functionally_normal,N98N,214792367:G,0.433321,normal,N,N,98,RING,0.0,normal,4.3,buried
214792368,T,A,BARD1_X3,BARD1_X3A;BARD1_X3B,missense_variant,-0.02906,functionally_normal,N98I,214792368:A,-0.110413,normal,N,I,98,RING,0.4518,normal,4.3,buried
214792368,T,C,BARD1_X3,BARD1_X3A;BARD1_X3B,missense_variant,0.0255481,functionally_normal,N98S,214792368:C,0.213794,normal,N,S,98,RING,0.4898,normal,4.3,buried
214792368,T,G,BARD1_X3,BARD1_X3A;BARD1_X3B,missense_variant,-0.0418321,indeterminate,N98T,214792368:G,0.29817,normal,N,T,98,RING,0.9494,normal,4.3,buried
214792369,T,A,BARD1_X3,BARD1_X3A;BARD1_X3B,missense_variant,-0.00143035,functionally_normal,N98Y,214792369:A,-0.0330233,normal,N,Y,98,RING,0.5656,normal,4.3,buried
214792369,T,C,BARD1_X3,BARD1_X3A;BARD1_X3B,missense_variant,-0.026185,functionally_normal,N98D,214792369:C,0.122422,normal,N,D,98,RING,0.3332,normal,4.3,buried
214792369,T,G,BARD1_X3,BARD1_X3A;BARD1_X3B,missense_variant,0.0169358,functionally_normal,N98H,214792369:G,0.272371,normal,N,H,98,RING,0.2426,normal,4.3,buried
214792370,T,A,BARD1_X3,BARD1_X3A;BARD1_X3B,synonymous_variant,0.0171892,functionally_normal,I97I,214792370:A,0.28401,normal,I,I,97,RING,0.0,normal,38.9,intermediate
214792370,T,G,BARD1_X3,BARD1_X3A;BARD1_X3B,synonymous_variant,0.0292667,functionally_normal,I97I,214792370:G,0.352942,normal,I,I,97,RING,0.0,normal,38.9,intermediate
214792370,T,C,BARD1_X3,BARD1_X3A;BARD1_X3B,missense_variant,0.0230507,functionally_normal,I97M,214792370:C,0.439685,normal,I,M,97,RING,0.685,normal,38.9,intermediate
214792371,A,C,BARD1_X3,BARD1_X3A;BARD1_X3B,missense_variant,0.0355215,functionally_normal,I97R,214792371:C,0.0320904,normal,I,R,97,RING,0.5226,normal,38.9,intermediate
214792371,A,G,BARD1_X3,BARD1_X3A;BARD1_X3B,missense_variant,0.0112003,functionally_normal,I97T,214792371:G,0.469593,normal,I,T,97,RING,0.4628,normal,38.9,intermediate
214792371,A,T,BARD1_X3,BARD1_X3A;BARD1_X3B,missense_variant,0.0251577,functionally_normal,I97K,214792371:T,0.473773,normal,I,K,97,RING,0.4991,normal,38.9,intermediate
214792372,T,A,BARD1_X3,BARD1_X3A;BARD1_X3B,missense_variant,0.0197375,functionally_normal,I97L,214792372:A,-0.239424,normal,I,L,97,RING,0.534,normal,38.9,intermediate
214792372,T,G,BARD1_X3,BARD1_X3A;BARD1_X3B,missense_variant,0.00581044,functionally_normal,I97L,214792372:G,-0.118924,normal,I,L,97,RING,0.534,normal,38.9,intermediate
214792372,T,C,BARD1_X3,BARD1_X3A;BARD1_X3B,missense_variant,-0.00769236,functionally_normal,I97V,214792372:C,-0.787672,low,I,V,97,RING,0.2803,normal,38.9,intermediate
214792373,C,A,BARD1_X3,BARD1_X3A;BARD1_X3B,missense_variant,-0.0634042,functionally_abnormal,K96N,214792373:A,-0.554086,low,K,N,96,RING,0.1903,normal,39.0,intermediate
214792373,C,G,BARD1_X3,BARD1_X3A;BARD1_X3B,missense_variant,-0.0268167,functionally_normal,K96N,214792373:G,-0.490461,low,K,N,96,RING,0.1903,normal,39.0,intermediate
214792373,C,T,BARD1_X3,BARD1_X3A;BARD1_X3B,synonymous_variant,-0.00992532,functionally_normal,K96K,214792373:T,-0.430594,normal,K,K,96,RING,0.0,normal,39.0,intermediate
214792374,T,A,BARD1_X3,BARD1_X3A;BARD1_X3B,missense_variant,-0.0141347,functionally_normal,K96M,214792374:A,-0.432948,normal,K,M,96,RING,-0.0708,normal,39.0,intermediate
214792374,T,C,BARD1_X3,BARD1_X3A;BARD1_X3B,missense_variant,0.0121122,functionally_normal,K96R,214792374:C,0.0278097,normal,K,R,96,RING,0.0516,normal,39.0,intermediate
214792374,T,G,BARD1_X3,BARD1_X3A;BARD1_X3B,missense_variant,0.0112596,functionally_normal,K96T,214792374:G,-0.220559,normal,K,T,96,RING,-0.1238,normal,39.0,intermediate
214792375,T,C,BARD1_X3,BARD1_X3A;BARD1_X3B,missense_variant,-0.0330559,functionally_normal,K96E,214792375:C,-0.0101263,normal,K,E,96,RING,0.0726,normal,39.0,intermediate
214792375,T,G,BARD1_X3,BARD1_X3A;BARD1_X3B,missense_variant,-0.00665989,functionally_normal,K96Q,214792375:G,-0.675765,low,K,Q,96,RING,-0.0603,normal,39.0,intermediate
214792376,C,A,BARD1_X3,BARD1_X3A;BARD1_X3B,missense_variant,-0.079484,functionally_abnormal,L95F,214792376:A,-1.0229,low,L,F,95,RING,0.0968,normal,34.0,intermediate
214792376,C,G,BARD1_X3,BARD1_X3A;BARD1_X3B,missense_variant,0.000206495,functionally_normal,L95F,214792376:G,0.161353,normal,L,F,95,RING,0.0968,normal,34.0,intermediate
214792376,C,T,BARD1_X3,BARD1_X3A;BARD1_X3B,synonymous_variant,-0.037716,functionally_normal,L95L,214792376:T,-1.16482,low,L,L,95,RING,0.0,normal,34.0,intermediate
214792378,A,G,BARD1_X3,BARD1_X3A;BARD1_X3B,synonymous_variant,0.0297323,functionally_normal,L95L,214792378:G,0.216913,normal,L,L,95,RING,0.0,normal,34.0,intermediate
214792377,A,C,BARD1_X3,BARD1_X3A;BARD1_X3B,missense_variant,-0.000329378,functionally_normal,L95W,214792377:C,0.15254,normal,L,W,95,RING,0.2526,normal,34.0,intermediate
214792377,A,G,BARD1_X3,BARD1_X3A;BARD1_X3B,missense_variant,0.0059134,functionally_normal,L95S,214792377:G,0.0874598,normal,L,S,95,RING,0.7919,normal,34.0,intermediate
214792378,A,C,BARD1_X3,BARD1_X3A;BARD1_X3B,missense_variant,0.00833143,functionally_normal,L95V,214792378:C,0.24734,normal,L,V,95,RING,-0.0621,normal,34.0,intermediate
214792378,A,T,BARD1_X3,BARD1_X3A;BARD1_X3B,missense_variant,0.0240683,functionally_normal,L95M,214792378:T,0.315613,normal,L,M,95,RING,0.2592,normal,34.0,intermediate
214792379,G,A,BARD1_X3,BARD1_X3A;BARD1_X3B,synonymous_variant,0.00968405,functionally_normal,D94D,214792379:A,-0.0733633,normal,D,D,94,RING,0.0,normal,59.6,exposed
214792379,G,C,BARD1_X3,BARD1_X3A;BARD1_X3B,missense_variant,-0.0108847,functionally_normal,D94E,214792379:C,-0.175139,normal,D,E,94,RING,0.0133,normal,59.6,exposed
214792379,G,T,BARD1_X3,BARD1_X3A;BARD1_X3B,missense_variant,-0.00527184,functionally_normal,D94E,214792379:T,0.200183,normal,D,E,94,RING,0.0133,normal,59.6,exposed
214792380,T,A,BARD1_X3,BARD1_X3A;BARD1_X3B,missense_variant,-0.0439963,indeterminate,D94V,214792380:A,0.126825,normal,D,V,94,RING,0.114,normal,59.6,exposed
214792380,T,C,BARD1_X3,BARD1_X3A;BARD1_X3B,missense_variant,-0.0399754,functionally_normal,D94G,214792380:C,-0.574163,low,D,G,94,RING,0.2178,normal,59.6,exposed
214792380,T,G,BARD1_X3,BARD1_X3A;BARD1_X3B,missense_variant,-0.0250822,functionally_normal,D94A,214792380:G,-0.0991338,normal,D,A,94,RING,0.1112,normal,59.6,exposed
214792381,C,A,BARD1_X3,BARD1_X3A;BARD1_X3B,missense_variant,-0.0711188,functionally_abnormal,D94Y,214792381:A,-0.37371,normal,D,Y,94,RING,-0.1741,normal,59.6,exposed
214792381,C,G,BARD1_X3,BARD1_X3A;BARD1_X3B,missense_variant,-0.0178378,functionally_normal,D94H,214792381:G,-0.249557,normal,D,H,94,RING,-0.0987,normal,59.6,exposed
214792381,C,T,BARD1_X3,BARD1_X3A;BARD1_X3B,missense_variant,-0.0597765,indeterminate,D94N,214792381:T,-0.703396,low,D,N,94,RING,0.0385,normal,59.6,exposed
214792382,T,A,BARD1_X3,BARD1_X3A;BARD1_X3B,missense_variant,-0.000609118,functionally_normal,Q93H,214792382:A,-0.246922,normal,Q,H,93,RING,-0.1802,normal,81.3,exposed
214792382,T,G,BARD1_X3,BARD1_X3A;BARD1_X3B,missense_variant,0.000876035,functionally_normal,Q93H,214792382:G,0.0782743,normal,Q,H,93,RING,-0.1802,normal,81.3,exposed
214792382,T,C,BARD1_X3,BARD1_X3A;BARD1_X3B,synonymous_variant,0.0214517,functionally_normal,Q93Q,214792382:C,-0.0572358,normal,Q,Q,93,RING,0.0,normal,81.3,exposed
214792383,T,A,BARD1_X3,BARD1_X3A;BARD1_X3B,missense_variant,-0.0519525,indeterminate,Q93L,214792383:A,-0.802555,low,Q,L,93,RING,-0.0178,normal,81.3,exposed
214792383,T,C,BARD1_X3,BARD1_X3A;BARD1_X3B,missense_variant,0.0295477,functionally_normal,Q93R,214792383:C,0.186557,normal,Q,R,93,RING,-0.1703,normal,81.3,exposed
214792383,T,G,BARD1_X3,BARD1_X3A;BARD1_X3B,missense_variant,-0.0173224,functionally_normal,Q93P,214792383:G,-0.726373,low,Q,P,93,RING,-0.0995,normal,81.3,exposed
214792384,G,C,BARD1_X3,BARD1_X3A;BARD1_X3B,missense_variant,-0.00405199,functionally_normal,Q93E,214792384:C,0.281848,normal,Q,E,93,RING,0.1968,normal,81.3,exposed
214792384,G,T,BARD1_X3,BARD1_X3A;BARD1_X3B,missense_variant,-0.00716777,functionally_normal,Q93K,214792384:T,-0.210686,normal,Q,K,93,RING,-0.1963,normal,81.3,exposed
214792385,T,A,BARD1_X3,BARD1_X3A;BARD1_X3B,synonymous_variant,0.0232299,functionally_normal,I92I,214792385:A,0.313666,normal,I,I,92,RING,0.0,normal,5.3,buried
214792385,T,G,BARD1_X3,BARD1_X3A;BARD1_X3B,synonymous_variant,0.0244832,functionally_normal,I92I,214792385:G,0.00965742,normal,I,I,92,RING,0.0,normal,5.3,buried
214792385,T,C,BARD1_X3,BARD1_X3A;BARD1_X3B,missense_variant,0.0205871,functionally_normal,I92M,214792385:C,0.321581,normal,I,M,92,RING,-0.0528,normal,5.3,buried
214792386,A,C,BARD1_X3,BARD1_X3A;BARD1_X3B,missense_variant,0.0124734,functionally_normal,I92R,214792386:C,0.319077,normal,I,R,92,RING,0.349,normal,5.3,buried
214792386,A,G,BARD1_X3,BARD1_X3A;BARD1_X3B,missense_variant,0.011736,functionally_normal,I92T,214792386:G,-0.137994,normal,I,T,92,RING,0.0039,normal,5.3,buried
214792386,A,T,BARD1_X3,BARD1_X3A;BARD1_X3B,missense_variant,0.0319703,functionally_normal,I92K,214792386:T,0.288475,normal,I,K,92,RING,0.3141,normal,5.3,buried
214792387,T,A,BARD1_X3,BARD1_X3A;BARD1_X3B,missense_variant,0.00167346,functionally_normal,I92L,214792387:A,-0.236179,normal,I,L,92,RING,-0.1404,normal,5.3,buried
214792387,T,G,BARD1_X3,BARD1_X3A;BARD1_X3B,missense_variant,0.0069639,functionally_normal,I92L,214792387:G,0.0642904,normal,I,L,92,RING,-0.1404,normal,5.3,buried
214792387,T,C,BARD1_X3,BARD1_X3A;BARD1_X3B,missense_variant,0.0239542,functionally_normal,I92V,214792387:C,-0.29384,normal,I,V,92,RING,-0.0177,normal,5.3,buried
214792388,C,A,BARD1_X3,BARD1_X3A;BARD1_X3B,missense_variant,-0.0329212,functionally_normal,W91C,214792388:A,-0.138185,normal,W,C,91,RING,-0.0517,normal,38.5,intermediate
214792388,C,G,BARD1_X3,BARD1_X3A;BARD1_X3B,missense_variant,-0.00245102,functionally_normal,W91C,214792388:G,0.227989,normal,W,C,91,RING,-0.0517,normal,38.5,intermediate
214792389,C,A,BARD1_X3,BARD1_X3A;BARD1_X3B,missense_variant,-0.00570861,functionally_normal,W91L,214792389:A,-0.108956,normal,W,L,91,RING,0.1867,normal,38.5,intermediate
214792389,C,G,BARD1_X3,BARD1_X3A;BARD1_X3B,missense_variant,-0.0151926,functionally_normal,W91S,214792389:G,0.104107,normal,W,S,91,RING,0.4355,normal,38.5,intermediate
214792390,A,C,BARD1_X3,BARD1_X3A;BARD1_X3B,missense_variant,-0.000176163,functionally_normal,W91G,214792390:C,0.11108,normal,W,G,91,RING,0.6686,normal,38.5,intermediate
214792390,A,G,BARD1_X3,BARD1_X3A;BARD1_X3B,missense_variant,-0.0135581,functionally_normal,W91R,214792390:G,0.396238,normal,W,R,91,RING,0.5196,normal,38.5,intermediate
214792390,A,T,BARD1_X3,BARD1_X3A;BARD1_X3B,missense_variant,-0.0243056,functionally_normal,W91R,214792390:T,-0.0775773,normal,W,R,91,RING,0.5196,normal,38.5,intermediate
214792391,G,A,BARD1_X3,BARD1_X3A;BARD1_X3B,synonymous_variant,0.00951118,functionally_normal,A90A,214792391:A,-0.0362569,normal,A,A,90,RING,0.0,normal,30.4,intermediate
214792391,G,C,BARD1_X3,BARD1_X3A;BARD1_X3B,synonymous_variant,0.0139085,functionally_normal,A90A,214792391:C,0.0434488,normal,A,A,90,RING,0.0,normal,30.4,intermediate
214792391,G,T,BARD1_X3,BARD1_X3A;BARD1_X3B,synonymous_variant,0.00901692,functionally_normal,A90A,214792391:T,0.786258,normal,A,A,90,RING,0.0,normal,30.4,intermediate
214792392,G,A,BARD1_X3,BARD1_X3A;BARD1_X3B,missense_variant,-0.0124054,functionally_normal,A90V,214792392:A,0.121406,normal,A,V,90,RING,0.2965,normal,30.4,intermediate
214792392,G,C,BARD1_X3,BARD1_X3B,missense_variant,0.000146782,functionally_normal,A90G,214792392:C,0.134459,normal,A,G,90,RING,0.8028,normal,30.4,intermediate
214792392,G,T,BARD1_X3,BARD1_X3A;BARD1_X3B,missense_variant,-0.0480241,indeterminate,A90D,214792392:T,0.446831,normal,A,D,90,RING,1.1487,normal,30.4,intermediate
214792393,C,A,BARD1_X3,BARD1_X3A;BARD1_X3B,missense_variant,0.014145,functionally_normal,A90S,214792393:A,-0.147988,normal,A,S,90,RING,0.4807,normal,30.4,intermediate
214792393,C,G,BARD1_X3,BARD1_X3A;BARD1_X3B,missense_variant,-0.039517,functionally_normal,A90P,214792393:G,-0.350784,normal,A,P,90,RING,0.7673,normal,30.4,intermediate
214792393,C,T,BARD1_X3,BARD1_X3A;BARD1_X3B,missense_variant,0.00315858,functionally_normal,A90T,214792393:T,-0.350169,normal,A,T,90,RING,0.6901,normal,30.4,intermediate
214792397,G,A,BARD1_X3,BARD1_X3A;BARD1_X3B,synonymous_variant,0.00994164,functionally_normal,T88T,214792397:A,0.269259,normal,T,T,88,RING,0.0,normal,22.5,intermediate
214792397,G,C,BARD1_X3,BARD1_X3A;BARD1_X3B,synonymous_variant,0.0208911,functionally_normal,T88T,214792397:C,0.323544,normal,T,T,88,RING,0.0,normal,22.5,intermediate
214792397,G,T,BARD1_X3,BARD1_X3A;BARD1_X3B,synonymous_variant,-0.0065231,functionally_normal,T88T,214792397:T,0.0265134,normal,T,T,88,RING,0.0,normal,22.5,intermediate
214792398,G,A,BARD1_X3,BARD1_X3A;BARD1_X3B,missense_variant,0.0365456,functionally_normal,T88I,214792398:A,0.0618763,normal,T,I,88,RING,0.2517,normal,22.5,intermediate
214792398,G,C,BARD1_X3,BARD1_X3A;BARD1_X3B,missense_variant,0.001257,functionally_normal,T88S,214792398:C,0.0158484,normal,T,S,88,RING,-0.2186,normal,22.5,intermediate
214792399,T,A,BARD1_X3,BARD1_X3A;BARD1_X3B,missense_variant,0.00472148,functionally_normal,T88S,214792399:A,0.529841,normal,T,S,88,RING,-0.2186,normal,22.5,intermediate
214792398,G,T,BARD1_X3,BARD1_X3A;BARD1_X3B,missense_variant,0.00300693,functionally_normal,T88N,214792398:T,0.187872,normal,T,N,88,RING,0.5619,normal,22.5,intermediate
214792399,T,C,BARD1_X3,BARD1_X3A;BARD1_X3B,missense_variant,0.00741879,functionally_normal,T88A,214792399:C,0.0756614,normal,T,A,88,RING,-0.4725,normal,22.5,intermediate
214792399,T,G,BARD1_X3,BARD1_X3A;BARD1_X3B,missense_variant,-0.234359,functionally_abnormal,T88P,214792399:G,-0.0535642,normal,T,P,88,RING,1.5619,normal,22.5,intermediate
214792400,G,A,BARD1_X3,BARD1_X3A;BARD1_X3B,synonymous_variant,0.00440131,functionally_normal,Y87Y,214792400:A,0.0433083,normal,Y,Y,87,RING,0.0,normal,65.8,exposed
214792401,T,A,BARD1_X3,BARD1_X3A,missense_variant,0.00504855,functionally_normal,Y87F,214792401:A,-0.0715196,normal,Y,F,87,RING,-0.2216,normal,65.8,exposed
214792401,T,C,BARD1_X3,BARD1_X3A,missense_variant,0.0302658,functionally_normal,Y87C,214792401:C,0.312746,normal,Y,C,87,RING,-0.6283,normal,65.8,exposed
214792401,T,G,BARD1_X3,BARD1_X3A,missense_variant,0.0253026,functionally_normal,Y87S,214792401:G,0.26582,normal,Y,S,87,RING,-0.0273,normal,65.8,exposed
214792402,A,C,BARD1_X3,BARD1_X3A,missense_variant,0.0298187,functionally_normal,Y87D,214792402:C,0.187657,normal,Y,D,87,RING,0.4024,normal,65.8,exposed
214792402,A,G,BARD1_X3,BARD1_X3A,missense_variant,0.0051371,functionally_normal,Y87H,214792402:G,-0.774393,low,Y,H,87,RING,-0.5117,normal,65.8,exposed
214792402,A,T,BARD1_X3,BARD1_X3A,missense_variant,0.0135506,functionally_normal,Y87N,214792402:T,-0.0828096,normal,Y,N,87,RING,-0.6125,normal,65.8,exposed
214792403,A,C,BARD1_X3,BARD1_X3A,missense_variant,-0.243733,functionally_abnormal,C86W,214792403:C,-1.11109,low,C,W,86,RING,0.3623,normal,37.6,intermediate
214792403,A,G,BARD1_X3,BARD1_X3A,synonymous_variant,0.0477898,functionally_normal,C86C,214792403:G,0.256003,normal,C,C,86,RING,0.0,normal,37.6,intermediate
214792404,C,A,BARD1_X3,BARD1_X3A,missense_variant,-0.129012,functionally_abnormal,C86F,214792404:A,0.208476,normal,C,F,86,RING,-0.04,normal,37.6,intermediate
214792404,C,G,BARD1_X3,BARD1_X3A,missense_variant,-0.0830363,functionally_abnormal,C86S,214792404:G,0.114378,normal,C,S,86,RING,-0.0552,normal,37.6,intermediate
214792405,A,T,BARD1_X3,BARD1_X3A,missense_variant,-0.086103,functionally_abnormal,C86S,214792405:T,-0.210967,normal,C,S,86,RING,-0.0552,normal,37.6,intermediate
214792404,C,T,BARD1_X3,BARD1_X3A,missense_variant,-0.152115,functionally_abnormal,C86Y,214792404:T,-0.24525,normal,C,Y,86,RING,0.0912,normal,37.6,intermediate
214792405,A,C,BARD1_X3,BARD1_X3A,missense_variant,-0.17071,functionally_abnormal,C86G,214792405:C,-1.10316,low,C,G,86,RING,1.1283,normal,37.6,intermediate
214792405,A,G,BARD1_X3,BARD1_X3A,missense_variant,-0.186751,functionally_abnormal,C86R,214792405:G,-1.26245,low,C,R,86,RING,0.8137,normal,37.6,intermediate
214792406,C,A,BARD1_X3,BARD1_X3A,synonymous_variant,0.0323397,functionally_normal,V85V,214792406:A,0.112052,normal,V,V,85,RING,0.0,normal,48.5,intermediate
214792406,C,G,BARD1_X3,BARD1_X3A,synonymous_variant,0.00480032,functionally_normal,V85V,214792406:G,0.233345,normal,V,V,85,RING,0.0,normal,48.5,intermediate
214792406,C,T,BARD1_X3,BARD1_X3A,synonymous_variant,0.0330178,functionally_normal,V85V,214792406:T,0.376742,normal,V,V,85,RING,0.0,normal,48.5,intermediate
214792407,A,C,BARD1_X3,BARD1_X3A,missense_variant,-0.015433,functionally_normal,V85G,214792407:C,0.149325,normal,V,G,85,RING,0.7849,normal,48.5,intermediate
214792407,A,G,BARD1_X3,BARD1_X3A,missense_variant,0.0109515,functionally_normal,V85A,214792407:G,0.37002,normal,V,A,85,RING,0.5991,normal,48.5,intermediate
214792407,A,T,BARD1_X3,BARD1_X3A,missense_variant,-0.0131639,functionally_normal,V85E,214792407:T,0.281913,normal,V,E,85,RING,0.4553,normal,48.5,intermediate
214792408,C,A,BARD1_X3,BARD1_X3A,missense_variant,0.0327345,functionally_normal,V85L,214792408:A,0.502314,normal,V,L,85,RING,0.2149,normal,48.5,intermediate
214792408,C,G,BARD1_X3,BARD1_X3A,missense_variant,0.0270179,functionally_normal,V85L,214792408:G,0.299644,normal,V,L,85,RING,0.2149,normal,48.5,intermediate
214792408,C,T,BARD1_X3,BARD1_X3A,missense_variant,-0.0133735,functionally_normal,V85M,214792408:T,-0.968405,low,V,M,85,RING,0.4417,normal,48.5,intermediate
214792409,T,A,BARD1_X3,BARD1_X3A,synonymous_variant,0.0388892,functionally_normal,P84P,214792409:A,0.17633,normal,P,P,84,RING,0.0,normal,40.3,intermediate
214792409,T,C,BARD1_X3,BARD1_X3A,synonymous_variant,0.0248093,functionally_normal,P84P,214792409:C,0.135368,normal,P,P,84,RING,0.0,normal,40.3,intermediate
214792409,T,G,BARD1_X3,BARD1_X3A,synonymous_variant,0.0346719,functionally_normal,P84P,214792409:G,0.896252,normal,P,P,84,RING,0.0,normal,40.3,intermediate
214792410,G,A,BARD1_X3,BARD1_X3A,missense_variant,0.00247198,functionally_normal,P84L,214792410:A,-0.151384,normal,P,L,84,RING,0.675,normal,40.3,intermediate
214792410,G,C,BARD1_X3,BARD1_X3A,missense_variant,-0.0269539,functionally_normal,P84R,214792410:C,0.127456,normal,P,R,84,RING,1.1279,normal,40.3,intermediate
214792410,G,T,BARD1_X3,BARD1_X3A,missense_variant,0.00527911,functionally_normal,P84Q,214792410:T,0.546164,normal,P,Q,84,RING,0.9436,normal,40.3,intermediate
214792411,G,A,BARD1_X3,BARD1_X3A,missense_variant,0.00461849,functionally_normal,P84S,214792411:A,0.0590836,normal,P,S,84,RING,1.1222,normal,40.3,intermediate
214792411,G,C,BARD1_X3,BARD1_X3A,missense_variant,0.00556533,functionally_normal,P84A,214792411:C,-0.010444,normal,P,A,84,RING,1.0752,normal,40.3,intermediate
214792411,G,T,BARD1_X3,BARD1_X3A,missense_variant,-0.00266155,functionally_normal,P84T,214792411:T,0.939188,normal,P,T,84,RING,1.1487,normal,40.3,intermediate
214792412,A,C,BARD1_X3,BARD1_X3A,missense_variant,-0.085523,functionally_abnormal,C83W,214792412:C,0.476246,normal,C,W,83,RING,0.5949,normal,1.4,buried
214792412,A,G,BARD1_X3,BARD1_X3A,synonymous_variant,0.0287025,functionally_normal,C83C,214792412:G,0.248956,normal,C,C,83,RING,0.0,normal,1.4,buried
214792413,C,A,BARD1_X3,BARD1_X3A,missense_variant,-0.19556,functionally_abnormal,C83F,214792413:A,-0.371931,normal,C,F,83,RING,-0.3047,normal,1.4,buried
214792413,C,G,BARD1_X3,BARD1_X3A,missense_variant,-0.114106,functionally_abnormal,C83S,214792413:G,0.0667838,normal,C,S,83,RING,0.1194,normal,1.4,buried
214792414,A,T,BARD1_X3,BARD1_X3A,missense_variant,-0.11725,functionally_abnormal,C83S,214792414:T,-0.334756,normal,C,S,83,RING,0.1194,normal,1.4,buried
214792413,C,T,BARD1_X3,BARD1_X3A,missense_variant,-0.137236,functionally_abnormal,C83Y,214792413:T,0.102526,normal,C,Y,83,RING,0.287,normal,1.4,buried
214792414,A,C,BARD1_X3,BARD1_X3A,missense_variant,-0.0723172,functionally_abnormal,C83G,214792414:C,0.2367,normal,C,G,83,RING,1.2858,normal,1.4,buried
214792414,A,G,BARD1_X3,BARD1_X3A,missense_variant,-0.0702567,functionally_abnormal,C83R,214792414:G,0.180747,normal,C,R,83,RING,0.6434,normal,1.4,buried
214792415,T,A,BARD1_X3,BARD1_X3A,synonymous_variant,0.0240187,functionally_normal,G82G,214792415:A,-0.580302,low,G,G,82,RING,0.0,normal,4.5,buried
214792415,T,C,BARD1_X3,BARD1_X3A,synonymous_variant,-0.020106,functionally_normal,G82G,214792415:C,-0.588123,low,G,G,82,RING,0.0,normal,4.5,buried
214792415,T,G,BARD1_X3,BARD1_X3A,synonymous_variant,-0.00570457,functionally_normal,G82G,214792415:G,0.287217,normal,G,G,82,RING,0.0,normal,4.5,buried
214792416,C,A,BARD1_X3,BARD1_X3A,missense_variant,-0.0639078,functionally_abnormal,G82V,214792416:A,-0.267038,normal,G,V,82,RING,2.0311,destabilizing,4.5,buried
214792416,C,G,BARD1_X3,BARD1_X3A,missense_variant,0.00100437,functionally_normal,G82A,214792416:G,-0.440802,normal,G,A,82,RING,1.9256,destabilizing,4.5,buried
214792416,C,T,BARD1_X3,BARD1_X3A,missense_variant,0.0277563,functionally_normal,G82E,214792416:T,-0.637504,low,G,E,82,RING,2.5077,destabilizing,4.5,buried
214792417,C,G,BARD1_X3,BARD1_X3A,missense_variant,-0.0141934,functionally_normal,G82R,214792417:G,-0.342308,normal,G,R,82,RING,2.252,destabilizing,4.5,buried
214792417,C,T,BARD1_X3,BARD1_X3A,missense_variant,-0.0138243,functionally_normal,G82R,214792417:T,-1.01389,low,G,R,82,RING,2.252,destabilizing,4.5,buried
214792418,A,C,BARD1_X3,BARD1_X3A,synonymous_variant,0.0215788,functionally_normal,T81T,214792418:C,0.0712004,normal,T,T,81,RING,0.0,normal,51.9,exposed
214792418,A,G,BARD1_X3,BARD1_X3A,synonymous_variant,0.0447028,functionally_normal,T81T,214792418:G,0.606648,normal,T,T,81,RING,0.0,normal,51.9,exposed
214792418,A,T,BARD1_X3,BARD1_X3A,synonymous_variant,-0.0205012,functionally_normal,T81T,214792418:T,-0.646387,low,T,T,81,RING,0.0,normal,51.9,exposed
214792419,G,A,BARD1_X3,BARD1_X3A,missense_variant,0.0305118,functionally_normal,T81I,214792419:A,-0.0835075,normal,T,I,81,RING,-0.097,normal,51.9,exposed
214792419,G,C,BARD1_X3,BARD1_X3A,missense_variant,8.61599e-05,functionally_normal,T81S,214792419:C,0.194609,normal,T,S,81,RING,0.13,normal,51.9,exposed
214792420,T,A,BARD1_X3,BARD1_X3A,missense_variant,0.0362585,functionally_normal,T81S,214792420:A,-0.188688,normal,T,S,81,RING,0.13,normal,51.9,exposed
214792419,G,T,BARD1_X3,BARD1_X3A,missense_variant,-0.00432442,functionally_normal,T81N,214792419:T,0.0602788,normal,T,N,81,RING,0.1165,normal,51.9,exposed
214792420,T,C,BARD1_X3,BARD1_X3A,missense_variant,0.0238132,functionally_normal,T81A,214792420:C,0.0893722,normal,T,A,81,RING,0.1877,normal,51.9,exposed
214792420,T,G,BARD1_X3,BARD1_X3A,missense_variant,-0.0676518,functionally_abnormal,T81P,214792420:G,-0.787192,low,T,P,81,RING,0.4466,normal,51.9,exposed
214792421,T,A,BARD1_X3,BARD1_X3A,synonymous_variant,0.0209995,functionally_normal,G80G,214792421:A,-0.529356,low,G,G,80,RING,0.0,normal,83.8,exposed
214792421,T,C,BARD1_X3,BARD1_X3A,synonymous_variant,0.0097908,functionally_normal,G80G,214792421:C,-0.288961,normal,G,G,80,RING,0.0,normal,83.8,exposed
214792421,T,G,BARD1_X3,BARD1_X3A,synonymous_variant,-0.0242086,functionally_normal,G80G,214792421:G,-0.657071,low,G,G,80,RING,0.0,normal,83.8,exposed
214792422,C,A,BARD1_X3,BARD1_X3A,missense_variant,-0.0761378,functionally_abnormal,G80V,214792422:A,0.145702,normal,G,V,80,RING,0.1032,normal,83.8,exposed
214792422,C,G,BARD1_X3,BARD1_X3A,missense_variant,-0.0208266,functionally_normal,G80A,214792422:G,-0.000639766,normal,G,A,80,RING,-0.1951,normal,83.8,exposed
214792422,C,T,BARD1_X3,BARD1_X3A,missense_variant,-0.0135646,functionally_normal,G80E,214792422:T,0.149582,normal,G,E,80,RING,-0.1304,normal,83.8,exposed
214792423,C,G,BARD1_X3,BARD1_X3A,missense_variant,-0.0325752,functionally_normal,G80R,214792423:G,-0.10861,normal,G,R,80,RING,-0.0419,normal,83.8,exposed
214792423,C,T,BARD1_X3,BARD1_X3A,missense_variant,-0.0266477,functionally_normal,G80R,214792423:T,-0.300086,normal,G,R,80,RING,-0.0419,normal,83.8,exposed
214792424,A,C,BARD1_X3,BARD1_X3A,missense_variant,-0.00503613,functionally_normal,I79M,214792424:C,0.109387,normal,I,M,79,RING,0.3958,normal,18.1,buried
214792424,A,G,BARD1_X3,BARD1_X3A,synonymous_variant,0.0286816,functionally_normal,I79I,214792424:G,0.0627709,normal,I,I,79,RING,0.0,normal,18.1,buried
214792424,A,T,BARD1_X3,BARD1_X3A,synonymous_variant,-0.00397265,functionally_normal,I79I,214792424:T,-0.660548,low,I,I,79,RING,0.0,normal,18.1,buried
214792425,A,C,BARD1_X3,BARD1_X3A,missense_variant,-0.0124327,functionally_normal,I79S,214792425:C,0.320451,normal,I,S,79,RING,0.8794,normal,18.1,buried
214792425,A,G,BARD1_X3,BARD1_X3A,missense_variant,-0.00670455,functionally_normal,I79T,214792425:G,-0.904809,low,I,T,79,RING,0.7522,normal,18.1,buried
214792425,A,T,BARD1_X3,BARD1_X3A,missense_variant,0.0013982,functionally_normal,I79N,214792425:T,0.0703179,normal,I,N,79,RING,0.9157,normal,18.1,buried
214792426,T,A,BARD1_X3,BARD1_X3A,missense_variant,0.0198741,functionally_normal,I79F,214792426:A,-0.118128,normal,I,F,79,RING,0.5537,normal,18.1,buried
214792426,T,C,BARD1_X3,BARD1_X3A,missense_variant,0.0201612,functionally_normal,I79V,214792426:C,0.313573,normal,I,V,79,RING,0.3407,normal,18.1,buried
214792426,T,G,BARD1_X3,BARD1_X3A,missense_variant,0.0196663,functionally_normal,I79L,214792426:G,0.273233,normal,I,L,79,RING,0.2398,normal,18.1,buried
214792427,G,A,BARD1_X3,BARD1_X3A,synonymous_variant,0.000131809,functionally_normal,C78C,214792427:A,-0.435429,normal,C,C,78,RING,0.0,normal,39.4,intermediate
214792427,G,C,BARD1_X3,BARD1_X3A,missense_variant,-0.0281401,functionally_normal,C78W,214792427:C,-0.172102,normal,C,W,78,RING,-0.3808,normal,39.4,intermediate
214792428,C,A,BARD1_X3,BARD1_X3A,missense_variant,-0.0104291,functionally_normal,C78F,214792428:A,0.183207,normal,C,F,78,RING,-0.2791,normal,39.4,intermediate
214792428,C,G,BARD1_X3,BARD1_X3A,missense_variant,-0.00205554,functionally_normal,C78S,214792428:G,-0.0364819,normal,C,S,78,RING,0.7332,normal,39.4,intermediate
214792429,A,T,BARD1_X3,BARD1_X3A,missense_variant,0.0219608,functionally_normal,C78S,214792429:T,-0.174667,normal,C,S,78,RING,0.7332,normal,39.4,intermediate
214792428,C,T,BARD1_X3,BARD1_X3A,missense_variant,0.0117761,functionally_normal,C78Y,214792428:T,-0.229078,normal,C,Y,78,RING,-0.1913,normal,39.4,intermediate
214792429,A,C,BARD1_X3,BARD1_X3A,missense_variant,-0.00786106,functionally_normal,C78G,214792429:C,0.117762,normal,C,G,78,RING,0.9599,normal,39.4,intermediate
214792429,A,G,BARD1_X3,BARD1_X3A,missense_variant,-0.015402,functionally_normal,C78R,214792429:G,-0.38627,normal,C,R,78,RING,0.8363,normal,39.4,intermediate
214792430,G,A,BARD1_X3,BARD1_X3A,synonymous_variant,-0.0185567,functionally_normal,D77D,214792430:A,-0.778131,low,D,D,77,RING,0.0,normal,64.4,exposed
214792430,G,C,BARD1_X3,BARD1_X3A,missense_variant,-0.0274528,functionally_normal,D77E,214792430:C,-0.617223,low,D,E,77,RING,-0.1878,normal,64.4,exposed
214792430,G,T,BARD1_X3,BARD1_X3A,missense_variant,-0.0394718,functionally_normal,D77E,214792430:T,-0.733522,low,D,E,77,RING,-0.1878,normal,64.4,exposed
214792431,T,A,BARD1_X3,BARD1_X3A,missense_variant,-0.00811603,functionally_normal,D77V,214792431:A,-0.24599,normal,D,V,77,RING,0.0427,normal,64.4,exposed
214792431,T,C,BARD1_X3,BARD1_X3A,missense_variant,0.0257278,functionally_normal,D77G,214792431:C,-0.0666795,normal,D,G,77,RING,0.2686,normal,64.4,exposed
214792431,T,G,BARD1_X3,BARD1_X3A,missense_variant,-0.00772335,functionally_normal,D77A,214792431:G,0.158749,normal,D,A,77,RING,-0.0236,normal,64.4,exposed
214792432,C,A,BARD1_X3,BARD1_X3A,missense_variant,-0.0243736,functionally_normal,D77Y,214792432:A,0.971338,normal,D,Y,77,RING,0.1069,normal,64.4,exposed
214792432,C,G,BARD1_X3,BARD1_X3A,missense_variant,0.0300073,functionally_normal,D77H,214792432:G,0.144632,normal,D,H,77,RING,0.0296,normal,64.4,exposed
214792432,C,T,BARD1_X3,BARD1_X3A,missense_variant,-0.0558189,indeterminate,D77N,214792432:T,-1.08492,low,D,N,77,RING,0.1196,normal,64.4,exposed
214792433,A,C,BARD1_X3,BARD1_X3A,missense_variant,-0.00229436,functionally_normal,S76R,214792433:C,-0.212226,normal,S,R,76,RING,-0.1506,normal,38.0,intermediate
214792433,A,T,BARD1_X3,BARD1_X3A,missense_variant,-0.0241865,functionally_normal,S76R,214792433:T,-0.21845,normal,S,R,76,RING,-0.1506,normal,38.0,intermediate
214792435,T,G,BARD1_X3,BARD1_X3A,missense_variant,0.0271548,functionally_normal,S76R,214792435:G,0.132692,normal,S,R,76,RING,-0.1506,normal,38.0,intermediate
214792433,A,G,BARD1_X3,BARD1_X3A,synonymous_variant,0.0201201,functionally_normal,S76S,214792433:G,0.263799,normal,S,S,76,RING,0.0,normal,38.0,intermediate
214792434,C,A,BARD1_X3,BARD1_X3A,missense_variant,0.0156637,functionally_normal,S76I,214792434:A,-0.0743848,normal,S,I,76,RING,0.0771,normal,38.0,intermediate
214792434,C,G,BARD1_X3,BARD1_X3A,missense_variant,-0.0114517,functionally_normal,S76T,214792434:G,-0.011176,normal,S,T,76,RING,0.2192,normal,38.0,intermediate
214792434,C,T,BARD1_X3,BARD1_X3A,missense_variant,0.00693098,functionally_normal,S76N,214792434:T,-0.132427,normal,S,N,76,RING,0.1513,normal,38.0,intermediate
214792435,T,A,BARD1_X3,BARD1_X3A,missense_variant,0.0239758,functionally_normal,S76C,214792435:A,0.237829,normal,S,C,76,RING,-0.0054,normal,38.0,intermediate
214792435,T,C,BARD1_X3,BARD1_X3A,missense_variant,-0.0178642,functionally_normal,S76G,214792435:C,0.151595,normal,S,G,76,RING,0.2461,normal,38.0,intermediate
214792436,T,A,BARD1_X3,BARD1_X3A,synonymous_variant,0.0148715,functionally_normal,V75V,214792436:A,-0.129142,normal,V,V,75,RING,0.0,normal,1.5,buried
214792436,T,C,BARD1_X3,BARD1_X3A,synonymous_variant,0.0170053,functionally_normal,V75V,214792436:C,-0.047158,normal,V,V,75,RING,0.0,normal,1.5,buried
214792436,T,G,BARD1_X3,BARD1_X3A,synonymous_variant,0.0249452,functionally_normal,V75V,214792436:G,0.217847,normal,V,V,75,RING,0.0,normal,1.5,buried
214792437,A,C,BARD1_X3,BARD1_X3A,missense_variant,-0.0384728,functionally_normal,V75G,214792437:C,0.140481,normal,V,G,75,RING,0.735,normal,1.5,buried
214792437,A,G,BARD1_X3,BARD1_X3A,missense_variant,-0.0100438,functionally_normal,V75A,214792437:G,0.0952454,normal,V,A,75,RING,-0.0673,normal,1.5,buried
214792437,A,T,BARD1_X3,BARD1_X3A,missense_variant,-0.261844,functionally_abnormal,V75E,214792437:T,-0.0172466,normal,V,E,75,RING,0.7558,normal,1.5,buried
214792438,C,A,BARD1_X3,BARD1_X3A,missense_variant,-0.0521968,indeterminate,V75L,214792438:A,-0.560602,low,V,L,75,RING,-0.171,normal,1.5,buried
214792438,C,G,BARD1_X3,BARD1_X3A,missense_variant,-0.0238317,functionally_normal,V75L,214792438:G,0.126239,normal,V,L,75,RING,-0.171,normal,1.5,buried
214792438,C,T,BARD1_X3,BARD1_X3A,missense_variant,-0.0111654,functionally_normal,V75I,214792438:T,0.0248346,normal,V,I,75,RING,-0.2145,normal,1.5,buried
214792439,A,C,BARD1_X3,BARD1_X3A,missense_variant,-0.342682,functionally_abnormal,C74W,214792439:C,-1.92535,low,C,W,74,RING,0.2769,normal,16.9,buried
214792439,A,G,BARD1_X3,BARD1_X3A,synonymous_variant,0.00844904,functionally_normal,C74C,214792439:G,0.211265,normal,C,C,74,RING,0.0,normal,16.9,buried
214792440,C,A,BARD1_X3,BARD1_X3A,missense_variant,-0.250818,functionally_abnormal,C74F,214792440:A,-0.891386,low,C,F,74,RING,0.3289,normal,16.9,buried
214792440,C,G,BARD1_X3,BARD1_X3A,missense_variant,-0.27993,functionally_abnormal,C74S,214792440:G,-0.239237,normal,C,S,74,RING,0.2235,normal,16.9,buried
214792441,A,T,BARD1_X3,BARD1_X3A,missense_variant,-0.348682,functionally_abnormal,C74S,214792441:T,-0.777955,low,C,S,74,RING,0.2235,normal,16.9,buried
214792440,C,T,BARD1_X3,BARD1_X3A,missense_variant,-0.328505,functionally_abnormal,C74Y,214792440:T,-0.842524,low,C,Y,74,RING,0.2335,normal,16.9,buried
214792441,A,C,BARD1_X3,BARD1_X3A,missense_variant,-0.350824,functionally_abnormal,C74G,214792441:C,-0.608777,low,C,G,74,RING,1.1212,normal,16.9,buried
214792441,A,G,BARD1_X3,BARD1_X3A,missense_variant,-0.342276,functionally_abnormal,C74R,214792441:G,0.164209,normal,C,R,74,RING,0.6881,normal,16.9,buried
214792442,A,C,BARD1_X3,BARD1_X3A,missense_variant,0.0250016,functionally_normal,N73K,214792442:C,0.143513,normal,N,K,73,RING,0.0093,normal,69.5,exposed
214792442,A,T,BARD1_X3,BARD1_X3A,missense_variant,0.016434,functionally_normal,N73K,214792442:T,0.00270691,normal,N,K,73,RING,0.0093,normal,69.5,exposed
214792442,A,G,BARD1_X3,BARD1_X3A,synonymous_variant,0.0233603,functionally_normal,N73N,214792442:G,-0.0952833,normal,N,N,73,RING,0.0,normal,69.5,exposed
214792443,T,A,BARD1_X3,BARD1_X3A,missense_variant,-0.0291371,functionally_normal,N73I,214792443:A,0.13405,normal,N,I,73,RING,0.2313,normal,69.5,exposed
214792443,T,C,BARD1_X3,BARD1_X3A,missense_variant,0.0151946,functionally_normal,N73S,214792443:C,-0.652302,low,N,S,73,RING,-0.072,normal,69.5,exposed
214792443,T,G,BARD1_X3,BARD1_X3A,missense_variant,-0.0106414,functionally_normal,N73T,214792443:G,-0.235668,normal,N,T,73,RING,0.0652,normal,69.5,exposed
214792444,T,A,BARD1_X3,BARD1_X3A,missense_variant,0.00844605,functionally_normal,N73Y,214792444:A,-0.00599963,normal,N,Y,73,RING,0.1408,normal,69.5,exposed
214792444,T,C,BARD1_X3,BARD1_X3A,missense_variant,0.0352117,functionally_normal,N73D,214792444:C,0.147955,normal,N,D,73,RING,0.0383,normal,69.5,exposed
214792444,T,G,BARD1_X3,BARD1_X3A,missense_variant,0.0207496,functionally_normal,N73H,214792444:G,0.0483027,normal,N,H,73,RING,0.0069,normal,69.5,exposed
214792445,A,C,BARD1_X3,BARD1_X3A,missense_variant,0.0127226,functionally_normal,S72R,214792445:C,0.262003,normal,S,R,72,RING,-0.2288,normal,23.1,intermediate
214792445,A,T,BARD1_X3,BARD1_X3A,missense_variant,0.00598454,functionally_normal,S72R,214792445:T,0.178369,normal,S,R,72,RING,-0.2288,normal,23.1,intermediate
214797062,T,G,BARD1_X2,BARD1_X2,missense_variant,0.00641771,functionally_normal,S72R,214797062:G,0.0961812,normal,S,R,72,RING,-0.2288,normal,23.1,intermediate
214792445,A,G,BARD1_X3,BARD1_X3A,splicing_variant,0.0287275,functionally_normal,S72S,214792445:G,0.270699,normal,S,S,72,RING,0.0,normal,23.1,intermediate
214797061,C,A,BARD1_X2,BARD1_X2,missense_variant,0.00132417,functionally_normal,S72I,214797061:A,-0.764027,low,S,I,72,RING,0.027,normal,23.1,intermediate
214797061,C,G,BARD1_X2,BARD1_X2,missense_variant,-0.0773997,functionally_abnormal,S72T,214797061:G,-1.35284,low,S,T,72,RING,0.2061,normal,23.1,intermediate
214797061,C,T,BARD1_X2,BARD1_X2,missense_variant,-0.116914,functionally_abnormal,S72N,214797061:T,-2.16612,low,S,N,72,RING,0.3906,normal,23.1,intermediate
214797062,T,A,BARD1_X2,BARD1_X2,missense_variant,0.0283295,functionally_normal,S72C,214797062:A,0.255614,normal,S,C,72,RING,-0.0054,normal,23.1,intermediate
214797062,T,C,BARD1_X2,BARD1_X2,missense_variant,0.00406588,functionally_normal,S72G,214797062:C,0.0415748,normal,S,G,72,RING,0.2396,normal,23.1,intermediate
214797063,A,C,BARD1_X2,BARD1_X2,missense_variant,-0.128025,functionally_abnormal,C71W,214797063:C,-0.763798,low,C,W,71,RING,-0.0534,normal,9.7,buried
214797063,A,G,BARD1_X2,BARD1_X2,splicing_variant,0.0444112,functionally_normal,C71C,214797063:G,0.18427,normal,C,C,71,RING,0.0,normal,9.7,buried
214797064,C,A,BARD1_X2,BARD1_X2,missense_variant,-0.2176,functionally_abnormal,C71F,214797064:A,-0.0105775,normal,C,F,71,RING,0.2603,normal,9.7,buried
214797064,C,G,BARD1_X2,BARD1_X2,missense_variant,-0.205328,functionally_abnormal,C71S,214797064:G,-0.429456,normal,C,S,71,RING,0.1234,normal,9.7,buried
214797065,A,T,BARD1_X2,BARD1_X2,missense_variant,-0.111706,functionally_abnormal,C71S,214797065:T,0.0644173,normal,C,S,71,RING,0.1234,normal,9.7,buried
214797064,C,T,BARD1_X2,BARD1_X2,missense_variant,-0.211462,functionally_abnormal,C71Y,214797064:T,-0.219585,normal,C,Y,71,RING,-0.1017,normal,9.7,buried
214797065,A,C,BARD1_X2,BARD1_X2,missense_variant,-0.212366,functionally_abnormal,C71G,214797065:C,-0.906602,low,C,G,71,RING,0.9854,normal,9.7,buried
214797065,A,G,BARD1_X2,BARD1_X2,missense_variant,-0.107694,functionally_abnormal,C71R,214797065:G,-0.320853,normal,C,R,71,RING,0.6218,normal,9.7,buried
214797072,G,A,BARD1_X2,BARD1_X2,synonymous_variant,0.00339628,functionally_normal,H68H,214797072:A,-0.0973396,normal,H,H,68,RING,0.0,normal,13.6,buried
214797072,G,C,BARD1_X2,BARD1_X2,missense_variant,-0.122967,functionally_abnormal,H68Q,214797072:C,-0.105399,normal,H,Q,68,RING,1.0613,normal,13.6,buried
214797072,G,T,BARD1_X2,BARD1_X2,missense_variant,-0.11559,functionally_abnormal,H68Q,214797072:T,0.0931511,normal,H,Q,68,RING,1.0613,normal,13.6,buried
214797073,T,A,BARD1_X2,BARD1_X2,missense_variant,-0.0944653,functionally_abnormal,H68L,214797073:A,0.0132491,normal,H,L,68,RING,1.2611,normal,13.6,buried
214797073,T,C,BARD1_X2,BARD1_X2,missense_variant,-0.190757,functionally_abnormal,H68R,214797073:C,-0.101037,normal,H,R,68,RING,1.0473,normal,13.6,buried
214797073,T,G,BARD1_X2,BARD1_X2,missense_variant,-0.304841,functionally_abnormal,H68P,214797073:G,-0.287362,normal,H,P,68,RING,1.5009,normal,13.6,buried
214797074,G,A,BARD1_X2,BARD1_X2,missense_variant,-0.125077,functionally_abnormal,H68Y,214797074:A,-0.125444,normal,H,Y,68,RING,0.3892,normal,13.6,buried
214797074,G,C,BARD1_X2,BARD1_X2,missense_variant,-0.02161,functionally_normal,H68D,214797074:C,0.135444,normal,H,D,68,RING,1.8914,destabilizing,13.6,buried
214797074,G,T,BARD1_X2,BARD1_X2,missense_variant,-0.130875,functionally_abnormal,H68N,214797074:T,0.122923,normal,H,N,68,RING,0.8385,normal,13.6,buried
214797075,C,A,BARD1_X2,BARD1_X2,missense_variant,0.0323334,functionally_normal,E67D,214797075:A,0.160291,normal,E,D,67,RING,0.0903,normal,49.8,intermediate
214797075,C,G,BARD1_X2,BARD1_X2,missense_variant,0.0169447,functionally_normal,E67D,214797075:G,0.183472,normal,E,D,67,RING,0.0903,normal,49.8,intermediate
214797075,C,T,BARD1_X2,BARD1_X2,synonymous_variant,0.012667,functionally_normal,E67E,214797075:T,-0.0421094,normal,E,E,67,RING,0.0,normal,49.8,intermediate
214797076,T,A,BARD1_X2,BARD1_X2,missense_variant,0.0136679,functionally_normal,E67V,214797076:A,0.0887794,normal,E,V,67,RING,0.1795,normal,49.8,intermediate
214797076,T,C,BARD1_X2,BARD1_X2,missense_variant,0.0102987,functionally_normal,E67G,214797076:C,0.0275061,normal,E,G,67,RING,-0.7327,normal,49.8,intermediate
214797076,T,G,BARD1_X2,BARD1_X2,missense_variant,0.0121683,functionally_normal,E67A,214797076:G,-0.0311071,normal,E,A,67,RING,-0.4161,normal,49.8,intermediate
214797077,C,G,BARD1_X2,BARD1_X2,missense_variant,0.00919963,functionally_normal,E67Q,214797077:G,0.0870072,normal,E,Q,67,RING,-0.369,normal,49.8,intermediate
214797077,C,T,BARD1_X2,BARD1_X2,missense_variant,0.00131726,functionally_normal,E67K,214797077:T,0.128774,normal,E,K,67,RING,-0.4972,normal,49.8,intermediate
214797078,A,C,BARD1_X2,BARD1_X2,missense_variant,-0.1429,functionally_abnormal,C66W,214797078:C,-0.119839,normal,C,W,66,RING,0.207,normal,17.9,buried
214797078,A,G,BARD1_X2,BARD1_X2,synonymous_variant,0.0401459,functionally_normal,C66C,214797078:G,0.152721,normal,C,C,66,RING,0.0,normal,17.9,buried
214797079,C,A,BARD1_X2,BARD1_X2,missense_variant,-0.126348,functionally_abnormal,C66F,214797079:A,-0.0805205,normal,C,F,66,RING,0.35,normal,17.9,buried
214797079,C,G,BARD1_X2,BARD1_X2,missense_variant,-0.151153,functionally_abnormal,C66S,214797079:G,-0.269894,normal,C,S,66,RING,-0.0381,normal,17.9,buried
214797080,A,T,BARD1_X2,BARD1_X2,missense_variant,-0.115894,functionally_abnormal,C66S,214797080:T,0.099277,normal,C,S,66,RING,-0.0381,normal,17.9,buried
214797079,C,T,BARD1_X2,BARD1_X2,missense_variant,-0.15146,functionally_abnormal,C66Y,214797079:T,-0.26155,normal,C,Y,66,RING,0.4291,normal,17.9,buried
214797080,A,C,BARD1_X2,BARD1_X2,missense_variant,-0.114204,functionally_abnormal,C66G,214797080:C,-0.00934361,normal,C,G,66,RING,0.1069,normal,17.9,buried
214797080,A,G,BARD1_X2,BARD1_X2,missense_variant,-0.250242,functionally_abnormal,C66R,214797080:G,-0.278054,normal,C,R,66,RING,0.375,normal,17.9,buried
214797081,T,A,BARD1_X2,BARD1_X2,synonymous_variant,0.0258011,functionally_normal,G65G,214797081:A,0.0175655,normal,G,G,65,RING,0.0,normal,23.3,intermediate
214797081,T,C,BARD1_X2,BARD1_X2,synonymous_variant,0.0361905,functionally_normal,G65G,214797081:C,-0.189733,normal,G,G,65,RING,0.0,normal,23.3,intermediate
214797081,T,G,BARD1_X2,BARD1_X2,synonymous_variant,0.0135506,functionally_normal,G65G,214797081:G,0.104924,normal,G,G,65,RING,0.0,normal,23.3,intermediate
214797082,C,A,BARD1_X2,BARD1_X2,missense_variant,0.030094,functionally_normal,G65V,214797082:A,-0.088768,normal,G,V,65,RING,0.2604,normal,23.3,intermediate
214797082,C,G,BARD1_X2,BARD1_X2,missense_variant,-0.00345032,functionally_normal,G65A,214797082:G,-0.101408,normal,G,A,65,RING,-0.0914,normal,23.3,intermediate
214797082,C,T,BARD1_X2,BARD1_X2,missense_variant,-0.0370317,functionally_normal,G65E,214797082:T,-0.0131475,normal,G,E,65,RING,0.2328,normal,23.3,intermediate
214797083,C,G,BARD1_X2,BARD1_X2,missense_variant,-0.00387987,functionally_normal,G65R,214797083:G,0.0817727,normal,G,R,65,RING,0.0762,normal,23.3,intermediate
214797083,C,T,BARD1_X2,BARD1_X2,missense_variant,0.00448222,functionally_normal,G65R,214797083:T,-0.00327231,normal,G,R,65,RING,0.0762,normal,23.3,intermediate
214797084,T,A,BARD1_X2,BARD1_X2,synonymous_variant,0.0286575,functionally_normal,G64G,214797084:A,-0.142471,normal,G,G,64,RING,0.0,normal,2.2,buried
214797084,T,C,BARD1_X2,BARD1_X2,synonymous_variant,0.0399983,functionally_normal,G64G,214797084:C,-0.222944,normal,G,G,64,RING,0.0,normal,2.2,buried
214797084,T,G,BARD1_X2,BARD1_X2,synonymous_variant,0.0208773,functionally_normal,G64G,214797084:G,-0.18299,normal,G,G,64,RING,0.0,normal,2.2,buried
214797085,C,A,BARD1_X2,BARD1_X2,missense_variant,-0.0460153,indeterminate,G64V,214797085:A,-0.319327,normal,G,V,64,RING,0.5188,normal,2.2,buried
214797085,C,G,BARD1_X2,BARD1_X2,missense_variant,-0.0228667,functionally_normal,G64A,214797085:G,0.0852441,normal,G,A,64,RING,-0.0086,normal,2.2,buried
214797085,C,T,BARD1_X2,BARD1_X2,missense_variant,-0.0279804,functionally_normal,G64E,214797085:T,0.00187767,normal,G,E,64,RING,0.8839,normal,2.2,buried
214797086,C,G,BARD1_X2,BARD1_X2,missense_variant,-0.0574674,indeterminate,G64R,214797086:G,0.129077,normal,G,R,64,RING,0.9627,normal,2.2,buried
214797086,C,T,BARD1_X2,BARD1_X2,missense_variant,-0.0114023,functionally_normal,G64R,214797086:T,0.163848,normal,G,R,64,RING,0.9627,normal,2.2,buried
214797087,T,A,BARD1_X2,BARD1_X2,missense_variant,0.0175916,functionally_normal,L63F,214797087:A,-0.0445186,normal,L,F,63,RING,0.0675,normal,0.0,buried
214797087,T,G,BARD1_X2,BARD1_X2,missense_variant,-0.0344169,functionally_normal,L63F,214797087:G,-0.129088,normal,L,F,63,RING,0.0675,normal,0.0,buried
214797087,T,C,BARD1_X2,BARD1_X2,synonymous_variant,0.02655,functionally_normal,L63L,214797087:C,-0.0480074,normal,L,L,63,RING,0.0,normal,0.0,buried
214797089,A,G,BARD1_X2,BARD1_X2,synonymous_variant,0.0279966,functionally_normal,L63L,214797089:G,0.178425,normal,L,L,63,RING,0.0,normal,0.0,buried
214797088,A,G,BARD1_X2,BARD1_X2,missense_variant,-0.0357025,functionally_normal,L63S,214797088:G,-0.0145418,normal,L,S,63,RING,0.6476,normal,0.0,buried
214797089,A,C,BARD1_X2,BARD1_X2,missense_variant,-0.012025,functionally_normal,L63V,214797089:C,-0.0852662,normal,L,V,63,RING,0.007,normal,0.0,buried
214797089,A,T,BARD1_X2,BARD1_X2,missense_variant,0.0125786,functionally_normal,L63I,214797089:T,-0.0799418,normal,L,I,63,RING,-0.0312,normal,0.0,buried
214797096,A,C,BARD1_X2,BARD1_X2,synonymous_variant,0.0335726,functionally_normal,P60P,214797096:C,-0.0727662,normal,P,P,60,RING,0.0,normal,0.8,buried
214797096,A,G,BARD1_X2,BARD1_X2,synonymous_variant,0.0217471,functionally_normal,P60P,214797096:G,0.0175955,normal,P,P,60,RING,0.0,normal,0.8,buried
214797096,A,T,BARD1_X2,BARD1_X2,synonymous_variant,0.0383887,functionally_normal,P60P,214797096:T,0.00185378,normal,P,P,60,RING,0.0,normal,0.8,buried
214797097,G,A,BARD1_X2,BARD1_X2,missense_variant,-0.292026,functionally_abnormal,P60L,214797097:A,-0.392698,normal,P,L,60,RING,-0.2131,normal,0.8,buried
214797097,G,C,BARD1_X2,BARD1_X2,missense_variant,-0.153696,functionally_abnormal,P60R,214797097:C,-0.727812,low,P,R,60,RING,0.4176,normal,0.8,buried
214797097,G,T,BARD1_X2,BARD1_X2,missense_variant,-0.0989789,functionally_abnormal,P60H,214797097:T,-0.280519,normal,P,H,60,RING,0.3655,normal,0.8,buried
214797098,G,A,BARD1_X2,BARD1_X2,missense_variant,0.00394295,functionally_normal,P60S,214797098:A,-0.121882,normal,P,S,60,RING,0.3056,normal,0.8,buried
214797098,G,C,BARD1_X2,BARD1_X2,missense_variant,-0.0509431,indeterminate,P60A,214797098:C,0.0507157,normal,P,A,60,RING,-0.0801,normal,0.8,buried
214797098,G,T,BARD1_X2,BARD1_X2,missense_variant,-0.0903364,functionally_abnormal,P60T,214797098:T,-0.0391998,normal,P,T,60,RING,0.288,normal,0.8,buried
214797099,C,A,BARD1_X2,BARD1_X2,missense_variant,-0.0181552,functionally_normal,E59D,214797099:A,0.31645,normal,E,D,59,RING,0.0126,normal,40.4,intermediate
214797099,C,G,BARD1_X2,BARD1_X2,missense_variant,0.0102178,functionally_normal,E59D,214797099:G,0.230409,normal,E,D,59,RING,0.0126,normal,40.4,intermediate
214797099,C,T,BARD1_X2,BARD1_X2,synonymous_variant,0.0136721,functionally_normal,E59E,214797099:T,-0.0296042,normal,E,E,59,RING,0.0,normal,40.4,intermediate
214797100,T,A,BARD1_X2,BARD1_X2,missense_variant,0.000715339,functionally_normal,E59V,214797100:A,-0.136457,normal,E,V,59,RING,0.09,normal,40.4,intermediate
214797100,T,C,BARD1_X2,BARD1_X2,missense_variant,0.0132782,functionally_normal,E59G,214797100:C,-0.0157266,normal,E,G,59,RING,-0.0609,normal,40.4,intermediate
214797100,T,G,BARD1_X2,BARD1_X2,missense_variant,-0.0116652,functionally_normal,E59A,214797100:G,0.0865685,normal,E,A,59,RING,-0.2359,normal,40.4,intermediate
214797101,C,G,BARD1_X2,BARD1_X2,missense_variant,0.0520518,functionally_normal,E59Q,214797101:G,-0.0524583,normal,E,Q,59,RING,-0.1342,normal,40.4,intermediate
214797101,C,T,BARD1_X2,BARD1_X2,missense_variant,-0.0141517,functionally_normal,E59K,214797101:T,0.155162,normal,E,K,59,RING,-0.1811,normal,40.4,intermediate
214797102,T,A,BARD1_X2,BARD1_X2,missense_variant,0.0345202,functionally_normal,R58S,214797102:A,0.321333,normal,R,S,58,RING,-0.0014,normal,65.5,exposed
214797102,T,G,BARD1_X2,BARD1_X2,missense_variant,0.00638267,functionally_normal,R58S,214797102:G,0.073642,normal,R,S,58,RING,-0.0014,normal,65.5,exposed
214797102,T,C,BARD1_X2,BARD1_X2,synonymous_variant,0.0112686,functionally_normal,R58R,214797102:C,0.0131036,normal,R,R,58,RING,0.0,normal,65.5,exposed
214797104,T,G,BARD1_X2,BARD1_X2,synonymous_variant,0.00177976,functionally_normal,R58R,214797104:G,0.069892,normal,R,R,58,RING,0.0,normal,65.5,exposed
214797103,C,A,BARD1_X2,BARD1_X2,missense_variant,0.0152532,functionally_normal,R58I,214797103:A,-0.207761,normal,R,I,58,RING,-0.2412,normal,65.5,exposed
214797103,C,G,BARD1_X2,BARD1_X2,missense_variant,-0.0103957,functionally_normal,R58T,214797103:G,-0.0431572,normal,R,T,58,RING,-0.1938,normal,65.5,exposed
214797103,C,T,BARD1_X2,BARD1_X2,missense_variant,0.000433555,functionally_normal,R58K,214797103:T,0.0148423,normal,R,K,58,RING,0.0016,normal,65.5,exposed
214797104,T,C,BARD1_X2,BARD1_X2,missense_variant,-0.00259354,functionally_normal,R58G,214797104:C,0.0653775,normal,R,G,58,RING,0.4345,normal,65.5,exposed
214797105,C,A,BARD1_X2,BARD1_X2,synonymous_variant,0.0299452,functionally_normal,L57L,214797105:A,-0.135016,normal,L,L,57,RING,0.0,normal,3.9,buried
214797105,C,G,BARD1_X2,BARD1_X2,synonymous_variant,0.0206646,functionally_normal,L57L,214797105:G,0.117222,normal,L,L,57,RING,0.0,normal,3.9,buried
214797105,C,T,BARD1_X2,BARD1_X2,synonymous_variant,0.00744701,functionally_normal,L57L,214797105:T,-0.00485436,normal,L,L,57,RING,0.0,normal,3.9,buried
214797107,G,A,BARD1_X2,BARD1_X2,synonymous_variant,-0.0361075,functionally_normal,L57L,214797107:A,0.109708,normal,L,L,57,RING,0.0,normal,3.9,buried
214797106,A,C,BARD1_X2,BARD1_X2,missense_variant,-0.0237658,functionally_normal,L57R,214797106:C,-0.0160429,normal,L,R,57,RING,0.6884,normal,3.9,buried
214797106,A,G,BARD1_X2,BARD1_X2,missense_variant,-0.00461385,functionally_normal,L57P,214797106:G,0.0918122,normal,L,P,57,RING,0.5669,normal,3.9,buried
214797106,A,T,BARD1_X2,BARD1_X2,missense_variant,0.00562984,functionally_normal,L57Q,214797106:T,0.102878,normal,L,Q,57,RING,0.5163,normal,3.9,buried
214797107,G,C,BARD1_X2,BARD1_X2,missense_variant,-0.0285559,functionally_normal,L57V,214797107:C,0.27746,normal,L,V,57,RING,0.0019,normal,3.9,buried
214797107,G,T,BARD1_X2,BARD1_X2,missense_variant,0.019605,functionally_normal,L57M,214797107:T,-0.211719,normal,L,M,57,RING,0.021,normal,3.9,buried
214797108,A,C,BARD1_X2,BARD1_X2,missense_variant,0.0399718,functionally_normal,I56M,214797108:C,0.102623,normal,I,M,56,RING,0.6059,normal,33.6,intermediate
214797108,A,G,BARD1_X2,BARD1_X2,synonymous_variant,-0.00464183,functionally_normal,I56I,214797108:G,0.118163,normal,I,I,56,RING,0.0,normal,33.6,intermediate
214797108,A,T,BARD1_X2,BARD1_X2,synonymous_variant,0.0213222,functionally_normal,I56I,214797108:T,-0.228107,normal,I,I,56,RING,0.0,normal,33.6,intermediate
214797109,A,C,BARD1_X2,BARD1_X2,missense_variant,-0.000401384,functionally_normal,I56S,214797109:C,0.148406,normal,I,S,56,RING,1.1473,normal,33.6,intermediate
214797109,A,G,BARD1_X2,BARD1_X2,missense_variant,0.0135127,functionally_normal,I56T,214797109:G,-0.0735207,normal,I,T,56,RING,0.8837,normal,33.6,intermediate
214797109,A,T,BARD1_X2,BARD1_X2,missense_variant,-0.0185692,functionally_normal,I56N,214797109:T,0.623826,normal,I,N,56,RING,1.3867,normal,33.6,intermediate
214797110,T,A,BARD1_X2,BARD1_X2,missense_variant,-0.0211492,functionally_normal,I56F,214797110:A,0.0693947,normal,I,F,56,RING,0.7854,normal,33.6,intermediate
214797110,T,C,BARD1_X2,BARD1_X2,missense_variant,0.00932798,functionally_normal,I56V,214797110:C,0.0344665,normal,I,V,56,RING,0.238,normal,33.6,intermediate
214797110,T,G,BARD1_X2,BARD1_X2,missense_variant,0.00596615,functionally_normal,I56L,214797110:G,0.076013,normal,I,L,56,RING,0.3217,normal,33.6,intermediate
214797111,G,A,BARD1_X2,BARD1_X2,synonymous_variant,0.0408191,functionally_normal,N55N,214797111:A,-0.0624866,normal,N,N,55,RING,0.0,normal,33.9,intermediate
214797111,G,C,BARD1_X2,BARD1_X2,missense_variant,-0.00712332,functionally_normal,N55K,214797111:C,-0.00564094,normal,N,K,55,RING,-0.2082,normal,33.9,intermediate
214797111,G,T,BARD1_X2,BARD1_X2,missense_variant,-0.0166541,functionally_normal,N55K,214797111:T,-0.0197199,normal,N,K,55,RING,-0.2082,normal,33.9,intermediate
214797112,T,A,BARD1_X2,BARD1_X2,missense_variant,-0.068848,functionally_abnormal,N55I,214797112:A,-0.184321,normal,N,I,55,RING,0.0761,normal,33.9,intermediate
214797112,T,C,BARD1_X2,BARD1_X2,missense_variant,0.0315851,functionally_normal,N55S,214797112:C,0.107186,normal,N,S,55,RING,-0.1907,normal,33.9,intermediate
214797112,T,G,BARD1_X2,BARD1_X2,missense_variant,-0.0377328,functionally_normal,N55T,214797112:G,0.0913307,normal,N,T,55,RING,-0.0079,normal,33.9,intermediate
214797113,T,A,BARD1_X2,BARD1_X2,missense_variant,0.0103517,functionally_normal,N55Y,214797113:A,0.60926,normal,N,Y,55,RING,0.1685,normal,33.9,intermediate
214797113,T,C,BARD1_X2,BARD1_X2,missense_variant,0.0206643,functionally_normal,N55D,214797113:C,-0.0131101,normal,N,D,55,RING,0.2012,normal,33.9,intermediate
214797113,T,G,BARD1_X2,BARD1_X2,missense_variant,0.0171153,functionally_normal,N55H,214797113:G,-0.238494,normal,N,H,55,RING,0.016,normal,33.9,intermediate
214797114,A,C,BARD1_X2,BARD1_X2,synonymous_variant,0.0432681,functionally_normal,T54T,214797114:C,0.0164411,normal,T,T,54,RING,0.0,normal,54.1,exposed
214797114,A,G,BARD1_X2,BARD1_X2,synonymous_variant,0.00887244,functionally_normal,T54T,214797114:G,0.0151597,normal,T,T,54,RING,0.0,normal,54.1,exposed
214797114,A,T,BARD1_X2,BARD1_X2,synonymous_variant,0.0100641,functionally_normal,T54T,214797114:T,0.235809,normal,T,T,54,RING,0.0,normal,54.1,exposed
214797115,G,A,BARD1_X2,BARD1_X2,missense_variant,-0.00678492,functionally_normal,T54I,214797115:A,0.0132023,normal,T,I,54,RING,0.0638,normal,54.1,exposed
214797115,G,C,BARD1_X2,BARD1_X2,missense_variant,-0.00730762,functionally_normal,T54S,214797115:C,-0.0233542,normal,T,S,54,RING,-0.2443,normal,54.1,exposed
214797116,T,A,BARD1_X2,BARD1_X2,missense_variant,0.0170385,functionally_normal,T54S,214797116:A,0.534603,normal,T,S,54,RING,-0.2443,normal,54.1,exposed
214797115,G,T,BARD1_X2,BARD1_X2,missense_variant,0.00518736,functionally_normal,T54N,214797115:T,0.0158075,normal,T,N,54,RING,-0.4147,normal,54.1,exposed
214797116,T,C,BARD1_X2,BARD1_X2,missense_variant,0.0378999,functionally_normal,T54A,214797116:C,0.211488,normal,T,A,54,RING,-0.3238,normal,54.1,exposed
214797116,T,G,BARD1_X2,BARD1_X2,missense_variant,-0.00631159,functionally_normal,T54P,214797116:G,0.0105338,normal,T,P,54,RING,0.7726,normal,54.1,exposed
214797117,A,C,BARD1_X2,BARD1_X2,missense_variant,-0.149041,functionally_abnormal,C53W,214797117:C,-0.369536,normal,C,W,53,RING,0.405,normal,32.7,intermediate
214797117,A,G,BARD1_X2,BARD1_X2,splicing_variant,0.00560955,functionally_normal,C53C,214797117:G,0.0957624,normal,C,C,53,RING,0.0,normal,32.7,intermediate
214809412,C,A,BARD1_X1,BARD1_X1B,missense_variant,0.262289,functionally_normal,C53F,214809412:A,-9.86437,low,C,F,53,RING,0.2204,normal,32.7,intermediate
214809412,C,G,BARD1_X1,BARD1_X1B,missense_variant,-0.145667,functionally_abnormal,C53S,214809412:G,-6.80967,low,C,S,53,RING,0.2753,normal,32.7,intermediate
214809413,A,T,BARD1_X1,BARD1_X1B,missense_variant,-0.177463,functionally_abnormal,C53S,214809413:T,0.579621,normal,C,S,53,RING,0.2753,normal,32.7,intermediate
214809412,C,T,BARD1_X1,BARD1_X1B,missense_variant,-0.190415,functionally_abnormal,C53Y,214809412:T,-4.69452,low,C,Y,53,RING,0.0882,normal,32.7,intermediate
214809413,A,C,BARD1_X1,BARD1_X1B,missense_variant,-0.626798,functionally_abnormal,C53G,214809413:C,0.650666,normal,C,G,53,RING,1.2868,normal,32.7,intermediate
214809413,A,G,BARD1_X1,BARD1_X1B,missense_variant,-0.192766,functionally_abnormal,C53R,214809413:G,-1.38102,low,C,R,53,RING,0.424,normal,32.7,intermediate
214809414,A,C,BARD1_X1,BARD1_X1B,splicing_variant,-0.0142797,functionally_normal,R52R,214809414:C,0.0169634,normal,R,R,52,RING,0.0,normal,32.3,intermediate
214809414,A,G,BARD1_X1,BARD1_X1B,splicing_variant,0.0265753,functionally_normal,R52R,214809414:G,-0.205189,normal,R,R,52,RING,0.0,normal,32.3,intermediate
214809414,A,T,BARD1_X1,BARD1_X1B,splicing_variant,-0.00793822,functionally_normal,R52R,214809414:T,0.136018,normal,R,R,52,RING,0.0,normal,32.3,intermediate
214809415,C,A,BARD1_X1,BARD1_X1B,missense_variant,-0.0016579,functionally_normal,R52L,214809415:A,0.0208786,normal,R,L,52,RING,0.4167,normal,32.3,intermediate
214809415,C,G,BARD1_X1,BARD1_X1B,missense_variant,-0.416109,functionally_abnormal,R52P,214809415:G,0.199391,normal,R,P,52,RING,0.5202,normal,32.3,intermediate
214809415,C,T,BARD1_X1,BARD1_X1B,missense_variant,0.0141585,functionally_normal,R52H,214809415:T,-0.28498,normal,R,H,52,RING,0.0931,normal,32.3,intermediate
214809416,G,A,BARD1_X1,BARD1_X1B,missense_variant,-0.00105222,functionally_normal,R52C,214809416:A,0.420449,normal,R,C,52,RING,0.2244,normal,32.3,intermediate
214809416,G,C,BARD1_X1,BARD1_X1B,missense_variant,-0.224924,functionally_abnormal,R52G,214809416:C,-4.3409,low,R,G,52,RING,0.7197,normal,32.3,intermediate
214809416,G,T,BARD1_X1,BARD1_X1B,missense_variant,-0.0188096,functionally_normal,R52S,214809416:T,0.230959,normal,R,S,52,RING,0.5374,normal,32.3,intermediate
214809417,C,A,BARD1_X1,BARD1_X1B,synonymous_variant,0.0128239,functionally_normal,S51S,214809417:A,0.239346,normal,S,S,51,RING,0.0,normal,34.2,intermediate
214809417,C,G,BARD1_X1,BARD1_X1B,synonymous_variant,0.000911282,functionally_normal,S51S,214809417:G,0.0450377,normal,S,S,51,RING,0.0,normal,34.2,intermediate
214809417,C,T,BARD1_X1,BARD1_X1B,synonymous_variant,0.0222205,functionally_normal,S51S,214809417:T,0.259656,normal,S,S,51,RING,0.0,normal,34.2,intermediate
214809418,G,A,BARD1_X1,BARD1_X1B,missense_variant,-0.00602171,functionally_normal,S51L,214809418:A,0.0193451,normal,S,L,51,RING,-0.324,normal,34.2,intermediate
214809418,G,C,BARD1_X1,BARD1_X1B,missense_variant,-0.00822042,functionally_normal,S51W,214809418:C,-0.0142519,normal,S,W,51,RING,-0.4129,normal,34.2,intermediate
214809419,A,C,BARD1_X1,BARD1_X1B,missense_variant,0.0113158,functionally_normal,S51A,214809419:C,-0.11241,normal,S,A,51,RING,-0.1866,normal,34.2,intermediate
214809419,A,G,BARD1_X1,BARD1_X1B,missense_variant,0.00174653,functionally_normal,S51P,214809419:G,-0.0353997,normal,S,P,51,RING,0.8155,normal,34.2,intermediate
214809419,A,T,BARD1_X1,BARD1_X1B,missense_variant,0.0111577,functionally_normal,S51T,214809419:T,-0.63604,low,S,T,51,RING,-0.132,normal,34.2,intermediate
214809420,G,A,BARD1_X1,BARD1_X1B,synonymous_variant,5.92518e-05,functionally_normal,C50C,214809420:A,0.251436,normal,C,C,50,RING,0.0,normal,4.2,buried
214809420,G,C,BARD1_X1,BARD1_X1B,missense_variant,-0.139958,functionally_abnormal,C50W,214809420:C,-0.668294,low,C,W,50,RING,0.6238,normal,4.2,buried
214809421,C,A,BARD1_X1,BARD1_X1B,missense_variant,-0.266367,functionally_abnormal,C50F,214809421:A,0.0190173,normal,C,F,50,RING,-0.0322,normal,4.2,buried
214809421,C,G,BARD1_X1,BARD1_X1B,missense_variant,-0.254557,functionally_abnormal,C50S,214809421:G,0.073953,normal,C,S,50,RING,0.0524,normal,4.2,buried
214809422,A,T,BARD1_X1,BARD1_X1B,missense_variant,-0.368553,functionally_abnormal,C50S,214809422:T,-0.341646,normal,C,S,50,RING,0.0524,normal,4.2,buried
214809421,C,T,BARD1_X1,BARD1_X1B,missense_variant,-0.0720324,functionally_abnormal,C50Y,214809421:T,0.115035,normal,C,Y,50,RING,0.4382,normal,4.2,buried
214809422,A,C,BARD1_X1,BARD1_X1B,missense_variant,-0.170648,functionally_abnormal,C50G,214809422:C,-0.0385259,normal,C,G,50,RING,1.1885,normal,4.2,buried
214809422,A,G,BARD1_X1,BARD1_X1B,missense_variant,-0.132466,functionally_abnormal,C50R,214809422:G,-0.0465076,normal,C,R,50,RING,0.8559,normal,4.2,buried
214809423,G,A,BARD1_X1,BARD1_X1B,synonymous_variant,0.00149305,functionally_normal,R49R,214809423:A,-0.0919946,normal,R,R,49,RING,0.0,normal,36.3,intermediate
214809423,G,C,BARD1_X1,BARD1_X1B,synonymous_variant,0.0418276,functionally_normal,R49R,214809423:C,0.165683,normal,R,R,49,RING,0.0,normal,36.3,intermediate
214809423,G,T,BARD1_X1,BARD1_X1B,synonymous_variant,-0.0112187,functionally_normal,R49R,214809423:T,0.201708,normal,R,R,49,RING,0.0,normal,36.3,intermediate
214809424,C,A,BARD1_X1,BARD1_X1B,missense_variant,0.0398958,functionally_normal,R49L,214809424:A,0.158954,normal,R,L,49,RING,-0.0842,normal,36.3,intermediate
214809424,C,G,BARD1_X1,BARD1_X1B,missense_variant,-0.282605,functionally_abnormal,R49P,214809424:G,-0.0416138,normal,R,P,49,RING,1.4932,normal,36.3,intermediate
214809424,C,T,BARD1_X1,BARD1_X1B,missense_variant,0.00396467,functionally_normal,R49H,214809424:T,0.229846,normal,R,H,49,RING,0.3655,normal,36.3,intermediate
214809425,G,A,BARD1_X1,BARD1_X1B,missense_variant,-0.00920024,functionally_normal,R49C,214809425:A,0.0553536,normal,R,C,49,RING,0.1234,normal,36.3,intermediate
214809425,G,C,BARD1_X1,BARD1_X1B,missense_variant,0.00940722,functionally_normal,R49G,214809425:C,0.247035,normal,R,G,49,RING,0.8955,normal,36.3,intermediate
214809425,G,T,BARD1_X1,BARD1_X1B,missense_variant,0.00861138,functionally_normal,R49S,214809425:T,0.509394,normal,R,S,49,RING,0.3908,normal,36.3,intermediate
214809426,C,A,BARD1_X1,BARD1_X1B,synonymous_variant,0.047578,functionally_normal,L48L,214809426:A,0.77501,normal,L,L,48,RING,0.0,normal,2.4,buried
214809426,C,G,BARD1_X1,BARD1_X1B,synonymous_variant,0.0144422,functionally_normal,L48L,214809426:G,0.0205056,normal,L,L,48,RING,0.0,normal,2.4,buried
214809426,C,T,BARD1_X1,BARD1_X1B,synonymous_variant,0.00075392,functionally_normal,L48L,214809426:T,0.0920712,normal,L,L,48,RING,0.0,normal,2.4,buried
214809428,G,A,BARD1_X1,BARD1_X1B,synonymous_variant,0.00546439,functionally_normal,L48L,214809428:A,0.396586,normal,L,L,48,RING,0.0,normal,2.4,buried
214809427,A,C,BARD1_X1,BARD1_X1B,missense_variant,-0.222284,functionally_abnormal,L48R,214809427:C,0.589589,normal,L,R,48,RING,2.1248,destabilizing,2.4,buried
214809427,A,G,BARD1_X1,BARD1_X1B,missense_variant,-0.235495,functionally_abnormal,L48P,214809427:G,-0.377466,normal,L,P,48,RING,2.1756,destabilizing,2.4,buried
214809427,A,T,BARD1_X1,BARD1_X1B,missense_variant,-0.244476,functionally_abnormal,L48Q,214809427:T,-0.23715,normal,L,Q,48,RING,2.1054,destabilizing,2.4,buried
214809428,G,C,BARD1_X1,BARD1_X1B,missense_variant,-0.0495071,indeterminate,L48V,214809428:C,-0.708611,low,L,V,48,RING,0.6234,normal,2.4,buried
214809428,G,T,BARD1_X1,BARD1_X1B,missense_variant,-0.0481908,indeterminate,L48M,214809428:T,0.106803,normal,L,M,48,RING,0.9097,normal,2.4,buried
214809429,C,A,BARD1_X1,BARD1_X1B,synonymous_variant,0.000587786,functionally_normal,L47L,214809429:A,-0.0442609,normal,L,L,47,RING,0.0,normal,20.0,buried
214809429,C,G,BARD1_X1,BARD1_X1B,synonymous_variant,0.0142448,functionally_normal,L47L,214809429:G,-0.168754,normal,L,L,47,RING,0.0,normal,20.0,buried
214809429,C,T,BARD1_X1,BARD1_X1B,synonymous_variant,0.036998,functionally_normal,L47L,214809429:T,0.284351,normal,L,L,47,RING,0.0,normal,20.0,buried
214809431,G,A,BARD1_X1,BARD1_X1B,synonymous_variant,0.0157987,functionally_normal,L47L,214809431:A,0.386285,normal,L,L,47,RING,0.0,normal,20.0,buried
214809430,A,C,BARD1_X1,BARD1_X1B,missense_variant,-0.0126625,functionally_normal,L47R,214809430:C,0.2597,normal,L,R,47,RING,0.3378,normal,20.0,buried
214809430,A,G,BARD1_X1,BARD1_X1B,missense_variant,-0.278405,functionally_abnormal,L47P,214809430:G,0.245767,normal,L,P,47,RING,1.1416,normal,20.0,buried
214809430,A,T,BARD1_X1,BARD1_X1B,missense_variant,-0.00485134,functionally_normal,L47Q,214809430:T,0.129221,normal,L,Q,47,RING,0.2835,normal,20.0,buried
214809431,G,C,BARD1_X1,BARD1_X1B,missense_variant,-0.00636544,functionally_normal,L47V,214809431:C,-0.50631,low,L,V,47,RING,0.1495,normal,20.0,buried
214809431,G,T,BARD1_X1,BARD1_X1B,missense_variant,-0.0435618,indeterminate,L47M,214809431:T,-0.345142,normal,L,M,47,RING,0.1386,normal,20.0,buried
214809432,C,A,BARD1_X1,BARD1_X1B,missense_variant,0.00836754,functionally_normal,K46N,214809432:A,0.299245,normal,K,N,46,RING,0.3756,normal,33.7,intermediate
214809432,C,G,BARD1_X1,BARD1_X1B,missense_variant,0.0150686,functionally_normal,K46N,214809432:G,0.474856,normal,K,N,46,RING,0.3756,normal,33.7,intermediate
214809432,C,T,BARD1_X1,BARD1_X1B,synonymous_variant,-0.000605525,functionally_normal,K46K,214809432:T,0.317729,normal,K,K,46,RING,0.0,normal,33.7,intermediate
214809433,T,A,BARD1_X1,BARD1_X1B,missense_variant,-0.0124871,functionally_normal,K46M,214809433:A,0.211905,normal,K,M,46,RING,0.1666,normal,33.7,intermediate
214809433,T,C,BARD1_X1,BARD1_X1B,missense_variant,0.021483,functionally_normal,K46R,214809433:C,0.384867,normal,K,R,46,RING,0.0565,normal,33.7,intermediate
214809433,T,G,BARD1_X1,BARD1_X1B,missense_variant,0.015568,functionally_normal,K46T,214809433:G,0.166007,normal,K,T,46,RING,0.351,normal,33.7,intermediate
214809434,T,C,BARD1_X1,BARD1_X1B,missense_variant,0.0232833,functionally_normal,K46E,214809434:C,0.642688,normal,K,E,46,RING,0.205,normal,33.7,intermediate
214809434,T,G,BARD1_X1,BARD1_X1B,missense_variant,-0.0114424,functionally_normal,K46Q,214809434:G,0.634512,normal,K,Q,46,RING,0.0285,normal,33.7,intermediate
214809435,C,A,BARD1_X1,BARD1_X1B,missense_variant,-0.00310081,functionally_normal,E45D,214809435:A,0.779081,normal,E,D,45,RING,1.3305,normal,12.0,buried
214809435,C,G,BARD1_X1,BARD1_X1B,missense_variant,-0.0137403,functionally_normal,E45D,214809435:G,0.168054,normal,E,D,45,RING,1.3305,normal,12.0,buried
214809435,C,T,BARD1_X1,BARD1_X1B,synonymous_variant,0.0155424,functionally_normal,E45E,214809435:T,0.518774,normal,E,E,45,RING,0.0,normal,12.0,buried
214809436,T,A,BARD1_X1,BARD1_X1B,missense_variant,-0.00580084,functionally_normal,E45V,214809436:A,0.501495,normal,E,V,45,RING,0.0996,normal,12.0,buried
214809436,T,C,BARD1_X1,BARD1_X1B,missense_variant,-0.0528955,indeterminate,E45G,214809436:C,0.195247,normal,E,G,45,RING,1.3597,normal,12.0,buried
214809436,T,G,BARD1_X1,BARD1_X1B,missense_variant,-0.00605549,functionally_normal,E45A,214809436:G,0.570784,normal,E,A,45,RING,0.4686,normal,12.0,buried
214809437,C,G,BARD1_X1,BARD1_X1B,missense_variant,0.000570619,functionally_normal,E45Q,214809437:G,0.0169176,normal,E,Q,45,RING,0.5191,normal,12.0,buried
214809437,C,T,BARD1_X1,BARD1_X1B,missense_variant,-0.0588038,indeterminate,E45K,214809437:T,0.0518716,normal,E,K,45,RING,1.0762,normal,12.0,buried
214809441,G,A,BARD1_X1,BARD1_X1B,synonymous_variant,-0.00208679,functionally_normal,R43R,214809441:A,0.37827,normal,R,R,43,RING,0.0,normal,43.7,intermediate
214809441,G,C,BARD1_X1,BARD1_X1B,synonymous_variant,-0.0143951,functionally_normal,R43R,214809441:C,0.280547,normal,R,R,43,RING,0.0,normal,43.7,intermediate
214809441,G,T,BARD1_X1,BARD1_X1B,synonymous_variant,-0.0286435,functionally_normal,R43R,214809441:T,0.0918156,normal,R,R,43,RING,0.0,normal,43.7,intermediate
214809442,C,A,BARD1_X1,BARD1_X1B,missense_variant,0.0091024,functionally_normal,R43L,214809442:A,0.833742,normal,R,L,43,RING,-0.2296,normal,43.7,intermediate
214809442,C,G,BARD1_X1,BARD1_X1B,missense_variant,-0.0968335,functionally_abnormal,R43P,214809442:G,-0.185338,normal,R,P,43,RING,0.8863,normal,43.7,intermediate
214809442,C,T,BARD1_X1,BARD1_X1B,missense_variant,0.011371,functionally_normal,R43H,214809442:T,0.482445,normal,R,H,43,RING,0.0112,normal,43.7,intermediate
214809443,G,A,BARD1_X1,BARD1_X1B,missense_variant,-0.00124165,functionally_normal,R43C,214809443:A,0.0440442,normal,R,C,43,RING,-0.3429,normal,43.7,intermediate
214809443,G,C,BARD1_X1,BARD1_X1B,missense_variant,0.00186596,functionally_normal,R43G,214809443:C,-0.0894189,normal,R,G,43,RING,0.3999,normal,43.7,intermediate
214809443,G,T,BARD1_X1,BARD1_X1B,missense_variant,0.00295863,functionally_normal,R43S,214809443:T,0.0348323,normal,R,S,43,RING,0.0873,normal,43.7,intermediate
214809444,G,A,BARD1_X1,BARD1_X1B,synonymous_variant,0.0149582,functionally_normal,D42D,214809444:A,0.402246,normal,D,D,42,RING,0.0,normal,30.6,intermediate
214809444,G,C,BARD1_X1,BARD1_X1B,missense_variant,-0.00622604,functionally_normal,D42E,214809444:C,0.285425,normal,D,E,42,RING,-0.3271,normal,30.6,intermediate
214809444,G,T,BARD1_X1,BARD1_X1B,missense_variant,-0.0035566,functionally_normal,D42E,214809444:T,0.466777,normal,D,E,42,RING,-0.3271,normal,30.6,intermediate
214809445,T,A,BARD1_X1,BARD1_X1B,missense_variant,-0.00779525,functionally_normal,D42V,214809445:A,-0.0670266,normal,D,V,42,RING,-0.3295,normal,30.6,intermediate
214809445,T,C,BARD1_X1,BARD1_X1B,missense_variant,0.00418008,functionally_normal,D42G,214809445:C,0.0878248,normal,D,G,42,RING,0.6205,normal,30.6,intermediate
214809445,T,G,BARD1_X1,BARD1_X1B,missense_variant,-0.0318919,functionally_normal,D42A,214809445:G,0.235117,normal,D,A,42,RING,-0.1083,normal,30.6,intermediate
214809446,C,A,BARD1_X1,BARD1_X1B,missense_variant,-0.00783793,functionally_normal,D42Y,214809446:A,0.253743,normal,D,Y,42,RING,-0.0461,normal,30.6,intermediate
214809446,C,G,BARD1_X1,BARD1_X1B,missense_variant,-0.0150037,functionally_normal,D42H,214809446:G,0.350107,normal,D,H,42,RING,0.0706,normal,30.6,intermediate
214809446,C,T,BARD1_X1,BARD1_X1B,missense_variant,0.0151733,functionally_normal,D42N,214809446:T,0.192968,normal,D,N,42,RING,0.2575,normal,30.6,intermediate
214809447,G,A,BARD1_X1,BARD1_X1B,synonymous_variant,0.00462322,functionally_normal,L41L,214809447:A,0.288017,normal,L,L,41,RING,0.0,normal,1.9,buried
214809447,G,C,BARD1_X1,BARD1_X1B,synonymous_variant,-0.00349124,functionally_normal,L41L,214809447:C,0.154109,normal,L,L,41,RING,0.0,normal,1.9,buried
214809447,G,T,BARD1_X1,BARD1_X1B,synonymous_variant,0.00489734,functionally_normal,L41L,214809447:T,0.239017,normal,L,L,41,RING,0.0,normal,1.9,buried
214809448,A,C,BARD1_X1,BARD1_X1B,missense_variant,-0.225647,functionally_abnormal,L41R,214809448:C,-0.0557261,normal,L,R,41,RING,1.4231,normal,1.9,buried
214809448,A,G,BARD1_X1,BARD1_X1B,missense_variant,-0.217398,functionally_abnormal,L41P,214809448:G,0.722399,normal,L,P,41,RING,1.9005,destabilizing,1.9,buried
214809448,A,T,BARD1_X1,BARD1_X1B,missense_variant,-0.115823,functionally_abnormal,L41H,214809448:T,-0.257816,normal,L,H,41,RING,1.4055,normal,1.9,buried
214809449,G,A,BARD1_X1,BARD1_X1B,missense_variant,0.00575436,functionally_normal,L41F,214809449:A,0.435441,normal,L,F,41,RING,0.5128,normal,1.9,buried
214809449,G,C,BARD1_X1,BARD1_X1B,missense_variant,0.0012688,functionally_normal,L41V,214809449:C,0.452292,normal,L,V,41,RING,0.1838,normal,1.9,buried
214809449,G,T,BARD1_X1,BARD1_X1B,missense_variant,-0.0156937,functionally_normal,L41I,214809449:T,0.451167,normal,L,I,41,RING,-0.0573,normal,1.9,buried
214809450,C,A,BARD1_X1,BARD1_X1B,synonymous_variant,-0.00659879,functionally_normal,A40A,214809450:A,0.175765,normal,A,A,40,RING,0.0,normal,0.0,buried
214809450,C,G,BARD1_X1,BARD1_X1B,synonymous_variant,0.0163694,functionally_normal,A40A,214809450:G,0.105579,normal,A,A,40,RING,0.0,normal,0.0,buried
214809450,C,T,BARD1_X1,BARD1_X1B,synonymous_variant,0.00875053,functionally_normal,A40A,214809450:T,0.513814,normal,A,A,40,RING,0.0,normal,0.0,buried
214809451,G,A,BARD1_X1,BARD1_X1B,missense_variant,-0.00451996,functionally_normal,A40V,214809451:A,0.278672,normal,A,V,40,RING,-0.1524,normal,0.0,buried
214809451,G,C,BARD1_X1,BARD1_X1B,missense_variant,0.0241955,functionally_normal,A40G,214809451:C,0.152248,normal,A,G,40,RING,0.6541,normal,0.0,buried
214809451,G,T,BARD1_X1,BARD1_X1B,missense_variant,-0.0122054,functionally_normal,A40E,214809451:T,0.461446,normal,A,E,40,RING,0.1552,normal,0.0,buried
214809452,C,A,BARD1_X1,BARD1_X1B,missense_variant,-0.014541,functionally_normal,A40S,214809452:A,0.171568,normal,A,S,40,RING,0.3697,normal,0.0,buried
214809452,C,G,BARD1_X1,BARD1_X1B,missense_variant,-0.312034,functionally_abnormal,A40P,214809452:G,0.185003,normal,A,P,40,RING,1.1448,normal,0.0,buried
214809452,C,T,BARD1_X1,BARD1_X1B,missense_variant,-0.0389928,functionally_normal,A40T,214809452:T,0.587692,normal,A,T,40,RING,0.2805,normal,0.0,buried
214809453,G,A,BARD1_X1,BARD1_X1B,synonymous_variant,0.000882254,functionally_normal,A39A,214809453:A,0.332746,normal,A,A,39,RING,0.0,normal,36.3,intermediate
214809453,G,C,BARD1_X1,BARD1_X1B,synonymous_variant,-0.0151757,functionally_normal,A39A,214809453:C,0.340861,normal,A,A,39,RING,0.0,normal,36.3,intermediate
214809453,G,T,BARD1_X1,BARD1_X1B,synonymous_variant,0.00174358,functionally_normal,A39A,214809453:T,0.483843,normal,A,A,39,RING,0.0,normal,36.3,intermediate
214809454,G,A,BARD1_X1,BARD1_X1B,missense_variant,0.0141713,functionally_normal,A39V,214809454:A,0.416129,normal,A,V,39,RING,0.1405,normal,36.3,intermediate
214809454,G,C,BARD1_X1,BARD1_X1B,missense_variant,-0.011217,functionally_normal,A39G,214809454:C,0.887228,normal,A,G,39,RING,0.5041,normal,36.3,intermediate
214809454,G,T,BARD1_X1,BARD1_X1B,missense_variant,0.0101881,functionally_normal,A39D,214809454:T,0.252667,normal,A,D,39,RING,0.1818,normal,36.3,intermediate
214809455,C,A,BARD1_X1,BARD1_X1B,missense_variant,0.0230261,functionally_normal,A39S,214809455:A,0.350061,normal,A,S,39,RING,0.2059,normal,36.3,intermediate
214809455,C,G,BARD1_X1,BARD1_X1B,missense_variant,-0.0166063,functionally_normal,A39P,214809455:G,0.552879,normal,A,P,39,RING,0.9718,normal,36.3,intermediate
214809455,C,T,BARD1_X1,BARD1_X1B,missense_variant,0.0166494,functionally_normal,A39T,214809455:T,0.324638,normal,A,T,39,RING,0.298,normal,36.3,intermediate
214809456,G,A,BARD1_X1,BARD1_X1B,synonymous_variant,-0.00913627,functionally_normal,R38R,214809456:A,0.243492,normal,R,R,38,RING,0.0,normal,34.1,intermediate
214809456,G,C,BARD1_X1,BARD1_X1B,synonymous_variant,0.00796814,functionally_normal,R38R,214809456:C,0.473777,normal,R,R,38,RING,0.0,normal,34.1,intermediate
214809456,G,T,BARD1_X1,BARD1_X1B,synonymous_variant,0.0186385,functionally_normal,R38R,214809456:T,-0.0181266,normal,R,R,38,RING,0.0,normal,34.1,intermediate
214809457,C,A,BARD1_X1,BARD1_X1B,missense_variant,0.0137279,functionally_normal,R38L,214809457:A,0.490187,normal,R,L,38,RING,0.2624,normal,34.1,intermediate
214809457,C,G,BARD1_X1,BARD1_X1B,missense_variant,-0.248597,functionally_abnormal,R38P,214809457:G,-0.160823,normal,R,P,38,RING,1.4476,normal,34.1,intermediate
214809457,C,T,BARD1_X1,BARD1_X1B,missense_variant,-0.00712537,functionally_normal,R38H,214809457:T,0.560302,normal,R,H,38,RING,0.5102,normal,34.1,intermediate
214809458,G,A,BARD1_X1,BARD1_X1B,missense_variant,-0.015108,functionally_normal,R38C,214809458:A,0.341583,normal,R,C,38,RING,0.2177,normal,34.1,intermediate
214809458,G,C,BARD1_X1,BARD1_X1B,missense_variant,-0.0441894,indeterminate,R38G,214809458:C,0.225391,normal,R,G,38,RING,0.6415,normal,34.1,intermediate
214809458,G,T,BARD1_X1,BARD1_X1B,missense_variant,-0.0255381,functionally_normal,R38S,214809458:T,-0.0804676,normal,R,S,38,RING,0.5496,normal,34.1,intermediate
214809459,A,C,BARD1_X1,BARD1_X1B,missense_variant,-0.160601,functionally_abnormal,S37R,214809459:C,1.52025,normal,S,R,37,RING,0.1332,normal,6.2,buried
214809459,A,T,BARD1_X1,BARD1_X1B,missense_variant,-0.315306,functionally_abnormal,S37R,214809459:T,0.0538007,normal,S,R,37,RING,0.1332,normal,6.2,buried
214809461,T,G,BARD1_X1,BARD1_X1B,missense_variant,-0.250876,functionally_abnormal,S37R,214809461:G,0.63725,normal,S,R,37,RING,0.1332,normal,6.2,buried
214809459,A,G,BARD1_X1,BARD1_X1B,synonymous_variant,0.00742349,functionally_normal,S37S,214809459:G,0.127932,normal,S,S,37,RING,0.0,normal,6.2,buried
214809460,C,A,BARD1_X1,BARD1_X1B,missense_variant,-0.00246295,functionally_normal,S37I,214809460:A,1.28352,normal,S,I,37,RING,-1.0585,normal,6.2,buried
214809460,C,G,BARD1_X1,BARD1_X1B,missense_variant,0.0247638,functionally_normal,S37T,214809460:G,0.64566,normal,S,T,37,RING,-0.0197,normal,6.2,buried
214809460,C,T,BARD1_X1,BARD1_X1B,missense_variant,-0.220979,functionally_abnormal,S37N,214809460:T,1.09553,normal,S,N,37,RING,0.3824,normal,6.2,buried
214809461,T,A,BARD1_X1,BARD1_X1B,missense_variant,0.00705217,functionally_normal,S37C,214809461:A,0.495459,normal,S,C,37,RING,-0.9875,normal,6.2,buried
214809461,T,C,BARD1_X1,BARD1_X1B,missense_variant,-0.107679,functionally_abnormal,S37G,214809461:C,0.101782,normal,S,G,37,RING,0.4718,normal,6.2,buried
214809462,G,A,BARD1_X1,BARD1_X1B,synonymous_variant,0.00896438,functionally_normal,H36H,214809462:A,0.315058,normal,H,H,36,RING,0.0,normal,17.9,buried
214809462,G,C,BARD1_X1,BARD1_X1B,missense_variant,0.0136569,functionally_normal,H36Q,214809462:C,0.367814,normal,H,Q,36,RING,0.0081,normal,17.9,buried
214809462,G,T,BARD1_X1,BARD1_X1B,missense_variant,0.00843377,functionally_normal,H36Q,214809462:T,0.323504,normal,H,Q,36,RING,0.0081,normal,17.9,buried
214809463,T,A,BARD1_X1,BARD1_X1B,missense_variant,-0.0246133,functionally_normal,H36L,214809463:A,0.31473,normal,H,L,36,RING,0.0547,normal,17.9,buried
214809463,T,C,BARD1_X1,BARD1_X1B,missense_variant,-0.000980906,functionally_normal,H36R,214809463:C,0.662206,normal,H,R,36,RING,0.1253,normal,17.9,buried
214809463,T,G,BARD1_X1,BARD1_X1B,missense_variant,-0.269298,functionally_abnormal,H36P,214809463:G,0.646648,normal,H,P,36,RING,0.1571,normal,17.9,buried
214809464,G,A,BARD1_X1,BARD1_X1B,missense_variant,0.00286504,functionally_normal,H36Y,214809464:A,0.714569,normal,H,Y,36,RING,0.0605,normal,17.9,buried
214809464,G,C,BARD1_X1,BARD1_X1B,missense_variant,-0.104774,functionally_abnormal,H36D,214809464:C,0.0324116,normal,H,D,36,RING,0.0138,normal,17.9,buried
214809464,G,T,BARD1_X1,BARD1_X1B,missense_variant,-0.019512,functionally_normal,H36N,214809464:T,0.548749,normal,H,N,36,RING,0.1174,normal,17.9,buried
214809465,G,A,BARD1_X1,BARD1_X1B,synonymous_variant,0.00466499,functionally_normal,A35A,214809465:A,0.12078,normal,A,A,35,RING,0.0,normal,55.0,exposed
214809465,G,C,BARD1_X1,BARD1_X1B,synonymous_variant,0.00968014,functionally_normal,A35A,214809465:C,-0.0544984,normal,A,A,35,RING,0.0,normal,55.0,exposed
214809465,G,T,BARD1_X1,BARD1_X1B,synonymous_variant,-0.019039,functionally_normal,A35A,214809465:T,0.241803,normal,A,A,35,RING,0.0,normal,55.0,exposed
214809466,G,A,BARD1_X1,BARD1_X1B,missense_variant,-0.0288784,functionally_normal,A35V,214809466:A,0.00543522,normal,A,V,35,RING,0.2206,normal,55.0,exposed
214809466,G,C,BARD1_X1,BARD1_X1B,missense_variant,-0.00614434,functionally_normal,A35G,214809466:C,0.12743,normal,A,G,35,RING,0.2868,normal,55.0,exposed
214809466,G,T,BARD1_X1,BARD1_X1B,missense_variant,-0.0315533,functionally_normal,A35D,214809466:T,0.14557,normal,A,D,35,RING,0.1209,normal,55.0,exposed
214809467,C,A,BARD1_X1,BARD1_X1B,missense_variant,-0.00698556,functionally_normal,A35S,214809467:A,0.485468,normal,A,S,35,RING,0.1556,normal,55.0,exposed
214809467,C,G,BARD1_X1,BARD1_X1B,missense_variant,-0.0243618,functionally_normal,A35P,214809467:G,0.233956,normal,A,P,35,RING,0.4861,normal,55.0,exposed
214809467,C,T,BARD1_X1,BARD1_X1B,missense_variant,0.00603727,functionally_normal,A35T,214809467:T,0.173834,normal,A,T,35,RING,0.3018,normal,55.0,exposed
214809468,C,A,BARD1_X1,BARD1_X1B,missense_variant,-0.274079,functionally_abnormal,W34C,214809468:A,-0.192985,normal,W,C,34,RING,0.2025,normal,3.9,buried
214809468,C,G,BARD1_X1,BARD1_X1B,missense_variant,-0.264535,functionally_abnormal,W34C,214809468:G,0.110167,normal,W,C,34,RING,0.2025,normal,3.9,buried
214809469,C,A,BARD1_X1,BARD1_X1B,missense_variant,-0.216866,functionally_abnormal,W34L,214809469:A,0.416357,normal,W,L,34,RING,0.2383,normal,3.9,buried
214809469,C,G,BARD1_X1,BARD1_X1B,missense_variant,-0.396068,functionally_abnormal,W34S,214809469:G,0.194772,normal,W,S,34,RING,0.5068,normal,3.9,buried
214809470,A,C,BARD1_X1,BARD1_X1B,missense_variant,-0.330576,functionally_abnormal,W34G,214809470:C,-0.13065,normal,W,G,34,RING,0.5454,normal,3.9,buried
214809470,A,G,BARD1_X1,BARD1_X1B,missense_variant,-0.145317,functionally_abnormal,W34R,214809470:G,0.0773581,normal,W,R,34,RING,0.3945,normal,3.9,buried
214809470,A,T,BARD1_X1,BARD1_X1B,missense_variant,-0.195357,functionally_abnormal,W34R,214809470:T,-0.129148,normal,W,R,34,RING,0.3945,normal,3.9,buried
214809471,G,A,BARD1_X1,BARD1_X1B,synonymous_variant,0.00530407,functionally_normal,A33A,214809471:A,0.466483,normal,A,A,33,RING,0.0,normal,23.1,intermediate
214809471,G,C,BARD1_X1,BARD1_X1B,synonymous_variant,0.0153134,functionally_normal,A33A,214809471:C,0.414003,normal,A,A,33,RING,0.0,normal,23.1,intermediate
214809471,G,T,BARD1_X1,BARD1_X1B,synonymous_variant,0.0145028,functionally_normal,A33A,214809471:T,0.548465,normal,A,A,33,RING,0.0,normal,23.1,intermediate
214809472,G,A,BARD1_X1,BARD1_X1B,missense_variant,0.00396144,functionally_normal,A33V,214809472:A,0.342665,normal,A,V,33,RING,0.0752,normal,23.1,intermediate
214809472,G,C,BARD1_X1,BARD1_X1B,missense_variant,0.00983531,functionally_normal,A33G,214809472:C,0.455395,normal,A,G,33,RING,0.172,normal,23.1,intermediate
214809472,G,T,BARD1_X1,BARD1_X1B,missense_variant,0.0197128,functionally_normal,A33D,214809472:T,0.102663,normal,A,D,33,RING,-0.0306,normal,23.1,intermediate
214809473,C,A,BARD1_X1,BARD1_X1B,missense_variant,0.00552099,functionally_normal,A33S,214809473:A,0.259784,normal,A,S,33,RING,0.1385,normal,23.1,intermediate
214809473,C,G,BARD1_X1,BARD1_X1B,missense_variant,0.00407028,functionally_normal,A33P,214809473:G,0.255273,normal,A,P,33,RING,0.0705,normal,23.1,intermediate
214809473,C,T,BARD1_X1,BARD1_X1B,missense_variant,-0.00955753,functionally_normal,A33T,214809473:T,0.28946,normal,A,T,33,RING,0.1651,normal,23.1,intermediate
214809474,A,C,BARD1_X1,BARD1_X1B,synonymous_variant,0.00785151,functionally_normal,G32G,214809474:C,0.535565,normal,G,G,32,RING,0.0,normal,42.5,intermediate
214809474,A,G,BARD1_X1,BARD1_X1B,synonymous_variant,0.0273801,functionally_normal,G32G,214809474:G,0.248266,normal,G,G,32,RING,0.0,normal,42.5,intermediate
214809474,A,T,BARD1_X1,BARD1_X1B,synonymous_variant,-0.0140303,functionally_normal,G32G,214809474:T,0.699299,normal,G,G,32,RING,0.0,normal,42.5,intermediate
214809475,C,A,BARD1_X1,BARD1_X1B,missense_variant,0.0229634,functionally_normal,G32V,214809475:A,0.715863,normal,G,V,32,RING,0.1944,normal,42.5,intermediate
214809475,C,G,BARD1_X1,BARD1_X1B,missense_variant,-0.0121119,functionally_normal,G32A,214809475:G,0.41085,normal,G,A,32,RING,0.0036,normal,42.5,intermediate
214809475,C,T,BARD1_X1,BARD1_X1B,missense_variant,-0.00272562,functionally_normal,G32D,214809475:T,0.421605,normal,G,D,32,RING,0.0141,normal,42.5,intermediate
214809476,C,A,BARD1_X1,BARD1_X1A;BARD1_X1B,missense_variant,-0.00569437,functionally_normal,G32C,214809476:A,0.027552,normal,G,C,32,RING,-0.1037,normal,42.5,intermediate
214809476,C,G,BARD1_X1,BARD1_X1A;BARD1_X1B,missense_variant,0.0134975,functionally_normal,G32R,214809476:G,-0.072598,normal,G,R,32,RING,0.372,normal,42.5,intermediate
214809476,C,T,BARD1_X1,BARD1_X1A;BARD1_X1B,missense_variant,-0.010825,functionally_normal,G32S,214809476:T,0.12485,normal,G,S,32,RING,0.0059,normal,42.5,intermediate
214809477,G,A,BARD1_X1,BARD1_X1A;BARD1_X1B,synonymous_variant,-0.00804064,functionally_normal,R31R,214809477:A,0.00181086,normal,R,R,31,RING,0.0,normal,68.9,exposed
214809477,G,C,BARD1_X1,BARD1_X1A;BARD1_X1B,synonymous_variant,-0.0046,functionally_normal,R31R,214809477:C,0.105141,normal,R,R,31,RING,0.0,normal,68.9,exposed
214809477,G,T,BARD1_X1,BARD1_X1A;BARD1_X1B,synonymous_variant,-0.000884591,functionally_normal,R31R,214809477:T,0.451327,normal,R,R,31,RING,0.0,normal,68.9,exposed
214809478,C,A,BARD1_X1,BARD1_X1A;BARD1_X1B,missense_variant,0.00898147,functionally_normal,R31L,214809478:A,-0.708573,low,R,L,31,RING,-0.0066,normal,68.9,exposed
214809478,C,G,BARD1_X1,BARD1_X1A;BARD1_X1B,missense_variant,0.0114237,functionally_normal,R31P,214809478:G,0.0783525,normal,R,P,31,RING,0.1292,normal,68.9,exposed
214809478,C,T,BARD1_X1,BARD1_X1A;BARD1_X1B,missense_variant,-0.0159738,functionally_normal,R31H,214809478:T,-0.0652184,normal,R,H,31,RING,0.0971,normal,68.9,exposed
214809479,G,A,BARD1_X1,BARD1_X1A;BARD1_X1B,missense_variant,-0.0113257,functionally_normal,R31C,214809479:A,0.069555,normal,R,C,31,RING,-0.1232,normal,68.9,exposed
214809479,G,C,BARD1_X1,BARD1_X1A;BARD1_X1B,missense_variant,-0.00870328,functionally_normal,R31G,214809479:C,0.105118,normal,R,G,31,RING,0.1309,normal,68.9,exposed
214809479,G,T,BARD1_X1,BARD1_X1A;BARD1_X1B,missense_variant,-0.0178421,functionally_normal,R31S,214809479:T,0.288542,normal,R,S,31,RING,0.0539,normal,68.9,exposed
214809480,A,C,BARD1_X1,BARD1_X1A;BARD1_X1B,synonymous_variant,-0.00576978,functionally_normal,G30G,214809480:C,-0.00735365,normal,G,G,30,RING,0.0,normal,48.3,intermediate
214809480,A,G,BARD1_X1,BARD1_X1A;BARD1_X1B,synonymous_variant,0.0243357,functionally_normal,G30G,214809480:G,0.371156,normal,G,G,30,RING,0.0,normal,48.3,intermediate
214809480,A,T,BARD1_X1,BARD1_X1A;BARD1_X1B,synonymous_variant,0.0116559,functionally_normal,G30G,214809480:T,0.163564,normal,G,G,30,RING,0.0,normal,48.3,intermediate
214809481,C,A,BARD1_X1,BARD1_X1A;BARD1_X1B,missense_variant,0.011186,functionally_normal,G30V,214809481:A,0.0829456,normal,G,V,30,RING,0.3362,normal,48.3,intermediate
214809481,C,G,BARD1_X1,BARD1_X1A;BARD1_X1B,missense_variant,-0.00712725,functionally_normal,G30A,214809481:G,0.175934,normal,G,A,30,RING,0.0516,normal,48.3,intermediate
214809481,C,T,BARD1_X1,BARD1_X1A;BARD1_X1B,missense_variant,-0.00334266,functionally_normal,G30D,214809481:T,0.22699,normal,G,D,30,RING,0.2591,normal,48.3,intermediate
214809482,C,A,BARD1_X1,BARD1_X1A;BARD1_X1B,missense_variant,-0.00951477,functionally_normal,G30C,214809482:A,0.114251,normal,G,C,30,RING,0.0471,normal,48.3,intermediate
214809482,C,G,BARD1_X1,BARD1_X1A;BARD1_X1B,missense_variant,0.0118648,functionally_normal,G30R,214809482:G,0.0541215,normal,G,R,30,RING,0.4017,normal,48.3,intermediate
214809482,C,T,BARD1_X1,BARD1_X1A;BARD1_X1B,missense_variant,0.00125979,functionally_normal,G30S,214809482:T,0.120681,normal,G,S,30,RING,0.1876,normal,48.3,intermediate
214809483,A,C,BARD1_X1,BARD1_X1A;BARD1_X1B,missense_variant,-0.00402726,functionally_normal,D29E,214809483:C,-0.270524,normal,D,E,29,RING,0.0755,normal,66.9,exposed
214809483,A,T,BARD1_X1,BARD1_X1A;BARD1_X1B,missense_variant,0.00248242,functionally_normal,D29E,214809483:T,-0.109101,normal,D,E,29,RING,0.0755,normal,66.9,exposed
214809483,A,G,BARD1_X1,BARD1_X1A;BARD1_X1B,synonymous_variant,0.00493845,functionally_normal,D29D,214809483:G,0.12502,normal,D,D,29,RING,0.0,normal,66.9,exposed
214809484,T,A,BARD1_X1,BARD1_X1A;BARD1_X1B,missense_variant,0.00528571,functionally_normal,D29V,214809484:A,-0.0900476,normal,D,V,29,RING,0.2058,normal,66.9,exposed
214809484,T,C,BARD1_X1,BARD1_X1A;BARD1_X1B,missense_variant,-0.0549998,indeterminate,D29G,214809484:C,-0.252096,normal,D,G,29,RING,0.187,normal,66.9,exposed
214809484,T,G,BARD1_X1,BARD1_X1A;BARD1_X1B,missense_variant,0.00215871,functionally_normal,D29A,214809484:G,-0.160437,normal,D,A,29,RING,0.1021,normal,66.9,exposed
214809485,C,A,BARD1_X1,BARD1_X1A;BARD1_X1B,missense_variant,-0.00593629,functionally_normal,D29Y,214809485:A,-0.160425,normal,D,Y,29,RING,0.2402,normal,66.9,exposed
214809485,C,G,BARD1_X1,BARD1_X1A;BARD1_X1B,missense_variant,0.0100754,functionally_normal,D29H,214809485:G,-0.05623,normal,D,H,29,RING,0.1556,normal,66.9,exposed
214809485,C,T,BARD1_X1,BARD1_X1A;BARD1_X1B,missense_variant,-0.00544759,functionally_normal,D29N,214809485:T,-0.289664,normal,D,N,29,RING,0.0842,normal,66.9,exposed
214809489,T,A,BARD1_X1,BARD1_X1A;BARD1_X1B,missense_variant,0.0126524,functionally_normal,E27D,214809489:A,0.226506,normal,E,D,27,RING,-0.132,normal,44.9,intermediate
214809489,T,G,BARD1_X1,BARD1_X1A;BARD1_X1B,missense_variant,0.00177462,functionally_normal,E27D,214809489:G,0.0701394,normal,E,D,27,RING,-0.132,normal,44.9,intermediate
214809489,T,C,BARD1_X1,BARD1_X1A;BARD1_X1B,synonymous_variant,0.000612862,functionally_normal,E27E,214809489:C,0.223287,normal,E,E,27,RING,0.0,normal,44.9,intermediate
214809490,T,A,BARD1_X1,BARD1_X1A;BARD1_X1B,missense_variant,-0.0117972,functionally_normal,E27V,214809490:A,0.039426,normal,E,V,27,RING,0.1102,normal,44.9,intermediate
214809490,T,C,BARD1_X1,BARD1_X1A;BARD1_X1B,missense_variant,0.00485705,functionally_normal,E27G,214809490:C,0.122089,normal,E,G,27,RING,0.1592,normal,44.9,intermediate
214809490,T,G,BARD1_X1,BARD1_X1A;BARD1_X1B,missense_variant,-0.00836842,functionally_normal,E27A,214809490:G,0.00261688,normal,E,A,27,RING,-0.0213,normal,44.9,intermediate
214809491,C,G,BARD1_X1,BARD1_X1A;BARD1_X1B,missense_variant,0.00599161,functionally_normal,E27Q,214809491:G,0.387565,normal,E,Q,27,RING,0.1042,normal,44.9,intermediate
214809491,C,T,BARD1_X1,BARD1_X1A;BARD1_X1B,missense_variant,-0.00330698,functionally_normal,E27K,214809491:T,-0.109633,normal,E,K,27,RING,0.2382,normal,44.9,intermediate
214809492,C,A,BARD1_X1,BARD1_X1A;BARD1_X1B,missense_variant,0.000172211,functionally_normal,M26I,214809492:A,0.339856,normal,M,I,26,RING,0.0042,normal,97.8,exposed
214809492,C,G,BARD1_X1,BARD1_X1A;BARD1_X1B,missense_variant,-0.00145403,functionally_normal,M26I,214809492:G,0.036537,normal,M,I,26,RING,0.0042,normal,97.8,exposed
214809492,C,T,BARD1_X1,BARD1_X1A;BARD1_X1B,missense_variant,0.0034641,functionally_normal,M26I,214809492:T,0.155867,normal,M,I,26,RING,0.0042,normal,97.8,exposed
214809493,A,C,BARD1_X1,BARD1_X1A;BARD1_X1B,missense_variant,-0.0130802,functionally_normal,M26R,214809493:C,0.225685,normal,M,R,26,RING,0.2065,normal,97.8,exposed
214809493,A,G,BARD1_X1,BARD1_X1A;BARD1_X1B,missense_variant,-0.000860374,functionally_normal,M26T,214809493:G,-0.117668,normal,M,T,26,RING,0.1116,normal,97.8,exposed
214809493,A,T,BARD1_X1,BARD1_X1A;BARD1_X1B,missense_variant,0.0118801,functionally_normal,M26K,214809493:T,0.0184669,normal,M,K,26,RING,0.2078,normal,97.8,exposed
214809494,T,A,BARD1_X1,BARD1_X1A;BARD1_X1B,missense_variant,-0.0013261,functionally_normal,M26L,214809494:A,0.229697,normal,M,L,26,RING,-0.0516,normal,97.8,exposed
214809494,T,G,BARD1_X1,BARD1_X1A;BARD1_X1B,missense_variant,-0.00412106,functionally_normal,M26L,214809494:G,0.145384,normal,M,L,26,RING,-0.0516,normal,97.8,exposed
214809494,T,C,BARD1_X1,BARD1_X1A;BARD1_X1B,missense_variant,-0.0052529,functionally_normal,M26V,214809494:C,0.161256,normal,M,V,26,RING,0.046,normal,97.8,exposed
