#mu_neut	std_neut	lthresh	uthresh
0.008258	0.025880	-4.021433	-2.723622
