#mu_neut	std_neut	lthresh	uthresh
0.007513	0.021457	-5.916293	-2.554732
