#mu_neut	std_neut	lthresh	uthresh
0.009942	0.025869	-4.616245	-2.658818
